Age,Annual_Income,Credit_Score,Family_Size,Existing_Loan,House_Price,House_Area,Bedrooms,Bathrooms,Distance_to_Work,Down_Payment,Location_Score,Employment_Years,Monthly_Expenses,Property_Tax,Maintenance_Cost,Purchased
49,1268044,734,2,134370,6837721,690,2,2,16.8,1215031,7.8,26.8,57909,73854,31702,1
56,602146,850,2,135222,8859669,1182,3,3,3.7,2169055,6.4,22.9,10000,88973,65614,1
59,534448,785,4,40653,13277273,1246,1,1,8.0,1447969,6.6,37.2,28007,196072,41822,0
45,795885,831,4,305543,4851265,1279,2,2,15.2,564319,3.0,17.9,39149,70913,59218,1
63,714107,612,3,336306,7216172,736,2,1,7.0,1615501,8.0,38.0,34733,86501,46788,0
40,1353641,664,4,103347,11681912,1306,3,3,8.2,2657210,7.1,15.1,50038,173186,82457,1
29,916694,778,4,273808,12295257,1119,2,2,14.3,3921387,7.5,4.7,21472,132471,62199,1
58,496234,706,1,194219,6015054,900,3,2,11.2,648064,3.0,34.9,10047,70061,31029,1
53,850801,641,3,187126,11092438,1088,3,3,8.0,1641216,7.1,33.4,18322,174459,51074,1
35,1053810,731,2,48259,11392459,1112,2,2,20.4,2244750,8.0,14.0,47247,115287,34990,1
38,707460,705,3,163416,8642687,1058,2,2,15.3,2478466,6.9,14.8,22895,116097,38043,0
34,1692918,644,3,686981,7542087,902,2,1,9.4,1957881,5.5,13.8,87200,112675,53919,1
62,1105880,831,1,79828,7046926,669,1,1,17.1,818153,8.0,33.7,53703,87039,30838,1
40,1210316,815,5,334119,16585258,1475,3,2,35.0,2158072,7.8,15.8,53956,185256,46594,0
34,1432522,660,5,341825,14958661,1475,3,2,2.3,2390744,8.7,12.1,63395,133860,33139,0
56,704120,732,4,127295,14413002,1367,3,3,10.5,3406452,8.5,29.4,18698,197373,73657,1
40,919676,727,4,90977,9202974,1066,2,1,9.2,2554576,5.7,12.5,26124,134658,51096,1
60,882968,619,4,0,9573688,1484,3,2,17.2,2119821,5.8,36.1,46676,113842,89395,1
44,383881,742,3,125615,5147412,717,2,2,2.8,1526245,5.0,17.3,20142,34632,43762,1
49,1118311,679,3,129855,7706637,941,3,2,7.4,2570629,5.3,27.1,67390,76804,48912,1
64,714784,782,5,313710,19100163,1556,2,2,4.8,5130070,9.7,40.0,15276,261589,51547,1
57,517644,581,2,219648,7156910,1038,3,2,5.5,2164579,5.0,33.2,18954,48986,37656,0
48,552985,778,2,310941,4830822,656,1,1,30.8,1183682,6.7,24.9,27772,77174,18464,0
57,1447053,745,6,531415,10749311,1405,4,3,6.8,1410654,6.1,31.7,59345,164129,65954,0
44,486856,699,3,192574,4908945,673,2,2,3.8,1346996,6.1,18.5,16846,36334,40578,1
50,593234,624,5,293772,10329664,1216,4,3,4.3,1821700,6.0,25.9,15411,76716,62548,1
52,773772,764,3,106281,13179098,1176,3,3,10.3,3327855,8.5,26.7,18804,97742,68788,1
48,927757,666,4,38829,12507890,1389,2,2,3.7,4209029,6.4,23.6,45254,160860,38457,1
23,615786,677,4,344636,15084948,1699,5,3,5.4,4136779,6.2,0.0,14024,180296,69520,0
59,1045769,771,1,244780,3512504,498,1,1,4.0,910000,4.4,39.3,48680,51096,14164,1
54,552662,819,4,80310,10186756,1083,2,2,5.7,2903000,7.6,26.6,10821,103308,53647,1
38,1220179,621,6,0,15045936,1753,3,3,20.3,3514715,7.5,10.9,27915,218700,62812,1
24,1210892,709,5,366057,14723838,1722,3,2,5.0,3920103,6.4,0.0,47325,146514,73331,0
38,484383,632,3,188268,10601121,1109,2,2,14.0,2193605,7.3,14.7,13106,79754,29300,0
56,949330,531,5,213997,11321372,1184,2,2,11.4,1358514,6.2,28.9,25976,161913,25811,0
45,1361176,672,1,30155,6606261,740,3,3,35.0,1977883,4.8,15.7,54627,56171,15404,1
56,1103416,766,2,162024,8708031,915,1,2,4.1,1032776,8.3,39.7,62130,88872,37555,0
26,665395,633,4,195947,8700451,1108,3,2,4.4,1458876,7.7,3.6,29508,103050,22266,0
50,550161,710,3,42065,5946871,668,2,2,14.2,1590013,6.4,23.9,20782,81484,13704,1
46,1255925,750,5,327012,10446572,1554,3,2,1.2,3262564,5.7,17.4,28116,162028,93573,1
25,678706,662,4,301843,9520235,925,3,3,5.5,1412486,6.4,2.4,28503,57602,21185,0
48,859956,603,4,176436,9388551,1378,5,3,10.6,2944451,5.6,20.6,19883,82232,46167,1
35,1126159,619,4,486281,11900607,1082,1,2,20.9,2776793,9.2,9.9,53491,104555,45611,0
27,601362,813,1,194816,3274342,497,1,2,11.0,716112,4.4,2.8,35450,21736,21270,1
27,909924,736,3,304328,6985474,983,3,2,24.7,543126,5.3,6.8,46186,93306,59184,0
25,1883059,639,2,850154,10337180,921,1,1,12.0,2481418,6.6,6.4,87177,85393,53805,0
32,831731,676,5,407120,11557590,1355,3,2,7.7,1308229,5.9,0.0,28866,167234,86726,0
39,980871,654,4,188206,13914881,1692,4,3,6.0,1909761,5.7,18.7,47096,125780,48623,0
40,398040,697,4,0,8603550,1185,3,3,2.6,2496531,5.3,16.6,14110,53281,73386,1
44,955393,653,4,124301,9249295,1127,2,1,13.3,2740156,6.0,21.8,39926,66635,37622,1
29,994132,695,6,415335,13215573,1783,5,4,4.7,1256641,4.9,0.0,49985,205625,86995,0
65,1050838,797,3,272470,8733047,1002,1,2,8.8,864810,7.5,40.0,35108,69386,20153,1
42,2086498,665,4,214028,11388327,1386,3,2,9.6,2930369,6.7,22.9,49288,71523,65716,1
28,1511654,744,5,553828,15488482,1705,3,3,10.2,1466211,6.5,5.2,44617,96482,49790,0
30,1362955,793,3,63945,8957770,1011,2,2,13.6,2153499,6.4,2.2,69360,131366,20576,0
34,1088351,679,3,159621,7691823,804,2,1,4.2,1466201,8.4,16.4,37850,112150,46660,1
47,629842,696,2,242305,7295082,1108,2,1,8.3,508712,5.1,26.4,22917,110734,36817,0
48,1156233,767,6,312636,18416326,1840,4,3,1.0,5790588,8.4,25.1,24158,255156,88449,1
64,424800,793,4,135156,12337813,1331,3,3,21.9,1135898,7.9,38.4,10000,93807,32987,0
56,745702,639,2,117023,3982497,450,1,1,13.4,821626,7.4,30.1,33099,48763,28373,1
64,1576455,772,6,306596,15260978,1773,4,3,6.6,4335241,5.8,37.6,29488,184670,66680,1
40,665293,684,2,297946,3629697,552,2,1,19.3,1098067,4.6,21.0,35372,22903,34206,1
65,662722,802,4,230719,10413892,1100,3,3,7.2,1284911,5.7,40.0,25124,141529,25993,0
44,1641871,742,4,353875,7456679,1056,3,3,7.0,693789,6.4,21.5,71385,102849,34935,1
49,1989645,654,3,896123,7438141,957,2,2,12.8,1712320,7.0,26.9,90501,103776,33283,1
48,1393803,679,5,151517,10664535,1251,2,2,7.8,1339122,6.5,20.3,63112,147193,38045,1
65,868689,838,2,0,5419051,773,3,4,5.4,1592484,6.1,38.1,20198,41260,48798,1
44,1121515,654,2,345883,7948534,673,2,2,16.8,2651661,9.7,25.3,26042,115476,40036,1
53,1528554,729,5,377891,17359401,1367,3,3,11.0,4844215,9.7,21.8,45023,195064,46490,1
42,996724,710,3,349857,9144192,898,2,3,9.9,2131677,9.0,19.4,32956,94018,22523,1
33,1411125,671,4,271392,11339529,1271,3,2,2.7,3124120,5.4,8.2,42213,89805,37735,1
51,1214911,644,3,0,10773097,1238,3,1,7.3,3462039,7.0,20.7,63728,132220,57891,1
60,1142035,730,4,202738,12758188,1051,3,2,12.9,4488557,7.3,36.3,26975,180256,57652,1
56,651202,646,4,302304,10716920,1062,2,2,7.2,3382457,8.0,33.3,11461,163561,28721,1
62,2639028,718,5,0,10205228,1109,1,2,4.3,3670097,4.6,33.2,99843,102000,22327,1
42,957812,837,4,149508,14700930,1366,3,2,1.1,2937462,8.1,12.4,47298,109973,64455,0
33,766538,850,3,87819,11854157,1060,2,2,11.1,1286667,6.8,6.7,21531,186013,67468,1
27,872753,679,2,437454,9434175,1116,3,2,9.2,1811873,5.5,0.4,23122,88828,31539,0
50,1656598,610,4,346159,8490992,1111,3,2,6.6,1891262,4.0,30.7,27410,95123,26997,1
45,656334,741,3,56469,9932322,1441,3,3,9.0,1523621,4.0,14.4,42961,147976,72288,0
34,426720,743,3,218542,10705047,1321,3,3,9.3,807603,5.6,3.2,12690,122900,42964,0
35,982345,755,3,56530,5972423,912,2,2,2.8,581917,7.0,15.1,41933,87552,47095,1
37,883245,681,5,326014,12677508,1292,2,1,20.7,2897486,4.5,11.2,39794,182746,78542,0
44,372599,821,6,4451,9917771,1712,4,3,17.3,907768,3.9,18.4,21390,72581,59573,0
29,556963,823,3,172774,9742028,1079,2,1,3.2,2292493,6.9,7.6,25774,140498,69479,0
60,842113,651,4,317283,7635674,925,2,2,10.6,1357495,4.7,36.5,57314,64505,49369,0
39,1114997,763,6,356865,15075032,1743,4,4,1.9,2471532,6.3,13.0,38807,155049,67421,0
32,429628,799,4,205112,11462205,1163,4,3,14.8,3512917,6.1,7.0,20282,166779,30686,0
35,272899,763,1,82620,7341080,803,2,1,23.7,2223016,4.9,5.1,13447,86106,28683,1
57,1241595,805,4,144858,9828357,1142,2,2,10.0,2845457,6.2,31.6,51022,140955,43637,1
56,1132107,631,2,416203,5956304,882,2,1,24.9,1567257,5.5,36.3,40956,93880,29653,0
61,873176,735,2,479990,12927126,1181,2,2,13.3,4713693,7.2,35.3,16131,156676,30503,1
43,1663847,675,2,460154,8587739,814,1,1,9.6,1783111,9.0,21.8,25666,57503,24195,1
26,250000,551,3,148489,8607076,1232,4,3,2.2,2570869,6.1,0.0,10000,56658,43769,0
39,1121142,710,4,185680,16676081,1378,2,2,5.5,5579525,8.1,14.4,14211,237443,38424,1
60,708355,774,5,149411,15039945,1315,2,1,18.8,5146505,8.7,35.7,40816,117743,37194,0
51,440264,796,3,76829,5756547,959,2,2,3.5,905506,5.3,29.3,10000,63696,35027,1
34,1130511,783,4,256787,11388985,1192,2,2,20.2,1798190,5.8,10.6,46995,131105,26692,0
46,1037328,628,3,439236,17862540,1367,4,2,24.2,1667927,9.0,21.3,40929,115316,77622,0
28,1122622,703,3,429869,10630123,1096,2,3,1.0,2824057,7.4,2.4,59361,163915,67438,0
26,515712,721,4,187939,15815044,1523,4,3,12.0,1027614,7.9,7.2,11427,119200,56853,0
60,746817,738,6,41143,12059478,1496,3,2,7.9,3019821,5.7,38.6,29422,113346,83143,1
33,1198192,704,5,463152,12930698,1207,3,2,9.9,3156266,8.5,9.6,44296,138197,27987,0
65,1024710,702,4,144284,9810768,1040,4,3,9.2,1542683,6.1,33.4,38660,115182,59856,1
59,1025722,637,1,490014,5583249,591,2,1,13.5,1721208,6.8,36.6,39740,87022,32052,1
40,871110,770,3,28158,8339503,983,2,1,4.1,1937141,6.7,14.5,14835,125313,35382,1
23,696835,680,4,56727,13044549,1477,3,3,15.2,3632277,7.6,0.0,22857,130296,33439,1
53,748390,745,2,352184,11246984,1154,3,3,11.8,1826083,8.1,32.9,35258,127300,40264,0
44,1097757,666,5,38352,9224709,1355,3,3,11.5,2813711,5.3,17.7,52493,141735,50618,1
26,1631712,724,5,282749,13051055,1354,3,3,1.7,3952754,7.0,2.0,29489,135717,57687,1
61,728275,813,5,253785,13509526,1130,3,3,24.3,1505751,10.0,37.3,18241,213987,55626,0
37,816392,668,3,109659,6869000,792,1,1,9.0,1278134,7.0,13.4,33042,91687,26153,1
30,507140,712,4,116826,8524485,1291,3,2,2.7,1081438,6.5,4.5,17823,136333,47008,0
24,742386,756,5,128575,15803109,1834,5,4,28.7,2635784,6.7,0.0,22048,165819,115000,0
27,665336,577,2,290074,5953494,752,1,2,11.2,1869027,4.3,5.0,19729,41537,26327,0
43,731590,740,2,301749,7944618,845,2,2,16.5,2975498,7.7,17.1,24512,84168,33988,1
36,1085479,717,3,0,6292224,903,2,2,2.5,1287814,5.2,7.4,27753,74306,27407,1
32,902597,752,5,0,16854890,1587,3,2,4.9,3516982,7.3,5.7,43571,242448,53941,0
28,806904,750,5,245464,13006532,1278,3,2,7.7,2096776,9.1,8.3,49282,156813,76513,0
37,1225734,613,4,391214,8682672,945,2,2,12.1,1077293,6.3,9.5,59015,80973,47165,0
37,621509,817,3,116352,8786706,941,2,2,4.3,2845303,6.8,15.0,29798,127869,56635,1
29,580108,754,2,0,7755622,693,1,1,10.2,1483302,8.4,9.3,23416,72937,18243,1
42,1541185,648,1,191754,5217438,552,1,1,11.5,300356,6.7,23.1,70972,41919,27096,1
62,810206,712,4,350749,12748098,1309,3,3,5.2,1561052,6.8,39.0,51949,152892,69348,0
48,627330,728,4,266816,11342196,1199,3,3,3.0,1867041,7.5,27.5,30094,178107,58227,0
60,1299326,691,5,310132,14426471,1278,3,2,1.2,2669163,8.8,38.0,29812,183177,45469,0
52,749759,685,3,200981,10831748,974,1,1,7.0,1771473,7.8,27.6,21172,157907,27510,1
40,741297,774,5,182297,10783827,1215,3,3,3.6,3304553,5.9,10.2,32063,106260,36523,0
57,886360,704,2,59059,10089089,996,2,2,15.6,1329592,8.4,36.8,46329,142766,22455,0
35,741138,639,5,244833,16358979,1457,3,3,1.7,1698371,7.4,9.3,30799,251199,74086,0
62,672798,642,5,27029,13022044,1400,4,3,16.3,2157380,8.6,38.7,40028,137988,60353,1
45,949382,734,3,23324,8821461,1112,2,2,4.2,2058437,5.6,22.3,32850,115293,25369,1
65,831861,678,2,234966,14481132,1276,3,3,7.5,2457269,7.7,40.0,52013,152200,58836,0
25,572328,767,4,38516,8500958,1135,2,2,2.7,1390186,7.0,9.2,33941,55798,57601,0
28,1671966,630,3,20660,6024464,1034,2,1,2.9,960106,4.6,1.7,69484,94474,24224,1
42,1263917,728,5,432657,8238874,1779,4,3,19.2,907201,2.7,17.6,38899,53994,85947,1
45,1616688,662,2,177724,5682278,735,2,1,1.7,788220,5.2,20.4,98260,72388,45303,1
53,611453,788,4,221573,10582187,1169,3,3,2.4,1285069,5.3,19.8,23095,91207,24251,0
34,954757,705,3,343022,5248658,918,3,2,9.0,473206,4.0,10.1,44006,77656,29170,1
32,578882,674,6,128948,15766701,1679,3,3,2.9,4947363,8.6,7.6,19616,166342,43623,0
49,1364436,642,6,582598,6868176,1189,2,2,10.6,771995,4.3,30.2,49281,105619,37477,0
40,1495767,688,2,577337,4422629,737,2,1,4.6,1387879,5.3,22.1,25286,34531,43559,1
23,848989,725,3,302113,7362375,604,2,2,13.6,830017,7.5,0.2,39665,45504,27585,0
25,450010,807,4,99752,16800607,1358,3,3,13.2,3278356,9.5,0.1,20461,137617,75159,0
55,395442,759,3,0,10001088,828,2,1,3.3,2479180,9.3,34.8,10000,123928,23538,1
45,738307,653,5,0,9308031,1323,3,3,3.4,654466,4.8,17.3,32791,115030,69762,0
23,824157,698,5,272977,10805263,1007,2,1,4.1,1906772,7.5,0.0,21156,116402,23641,0
50,699239,681,4,263011,7492006,1402,4,4,9.6,602552,5.5,27.0,28797,61620,63072,0
65,579154,725,2,152433,5245229,806,3,2,12.6,1474031,2.7,40.0,31069,72563,21413,1
39,917838,683,4,92020,4258203,1296,4,2,9.9,1382579,1.8,9.9,52954,63982,29282,1
33,761585,713,4,155399,7094779,1140,3,2,10.8,1145510,3.8,8.3,26277,63760,48897,0
60,561526,759,5,108300,10841347,1534,3,2,13.7,2531815,5.0,28.0,20411,120761,54219,1
57,809483,725,4,284384,14137222,1673,4,3,4.8,2475155,5.8,38.3,39242,167490,62003,0
31,1225326,682,5,388043,10040922,1291,3,3,1.7,3011145,6.4,12.3,26852,131114,66705,1
64,516240,691,3,27014,8874309,1001,2,1,9.7,683169,7.9,39.9,17450,53488,21970,0
27,401245,664,3,0,4467365,857,2,1,4.7,575998,2.3,5.0,10000,64183,53053,1
25,553131,683,2,0,4731457,516,2,3,6.0,1392824,7.8,0.0,17783,72504,18016,1
50,586178,723,2,18263,5591822,761,1,1,7.6,1771165,6.0,26.3,24627,85136,42031,1
34,536423,850,3,248569,9076761,915,3,3,2.9,1724479,8.7,12.2,31198,119060,52162,0
63,1523005,759,3,204174,9866540,1090,2,2,3.0,2956569,5.8,40.0,75974,73264,59065,1
33,459710,652,3,143356,5661330,1206,3,3,15.3,1666493,3.0,5.8,19564,73811,33747,1
39,601186,666,4,0,8062946,899,1,1,6.1,2032321,7.4,20.0,19579,121362,26072,1
36,548157,613,6,252193,17395769,1563,3,2,35.0,3867528,9.4,18.8,10000,254577,50806,0
33,679190,747,5,291822,11086968,982,3,3,1.7,1951234,9.1,13.6,19275,76898,30848,0
45,484541,691,5,59045,14629855,1731,5,3,4.9,3944443,6.1,22.7,10000,218354,49388,1
57,622126,703,5,260340,10949352,1373,3,2,18.2,2802551,5.5,32.8,33167,164420,88009,0
27,653660,644,2,150236,9290083,1075,3,3,22.6,651754,4.0,0.0,34659,135690,38417,0
41,1022864,678,3,330176,6554367,570,2,2,10.9,1046952,9.1,22.5,27327,103264,36375,0
33,1095118,696,4,270332,13577340,1253,3,2,8.5,1659293,7.4,15.4,47115,158447,57189,0
30,710573,760,2,240168,8467164,872,3,2,1.8,2300715,6.9,12.0,35856,92320,30777,0
43,694642,766,2,0,5788680,552,1,2,2.9,1414241,7.0,15.0,15228,50300,33255,1
54,1743856,744,3,142682,5694568,630,2,2,6.3,1513803,5.3,26.5,71354,59101,23420,1
48,611253,673,3,241901,7446391,961,3,2,13.5,1066857,5.8,21.6,27509,116631,34654,0
64,937781,647,2,341501,5367065,726,2,2,6.2,976425,5.8,37.6,26445,33587,38617,1
34,747823,545,3,108725,5889237,806,2,2,5.7,1241912,4.9,12.0,30224,40497,37083,1
47,774209,576,4,399684,9098159,1080,2,2,16.8,1829422,6.2,17.8,22915,94350,27563,0
26,1568586,726,2,469499,9190579,1116,2,1,17.4,2716876,7.1,5.5,55283,64724,68849,1
40,1406066,675,4,408387,8856091,1182,3,2,7.1,3025789,4.9,12.6,63653,91639,43818,1
60,1248759,673,4,100725,7835406,1014,3,2,3.0,803218,6.4,36.2,69910,82907,44844,0
52,938280,678,2,51014,8321032,967,2,2,1.7,2128988,7.1,26.9,21447,70400,36278,1
33,885619,750,6,45685,14119252,1793,4,3,11.0,1030943,4.1,8.1,44781,214292,40293,0
63,994115,775,2,230650,9964002,1054,3,2,23.2,3198488,7.0,37.5,48439,83611,43360,1
52,592731,772,5,144151,12764425,1192,3,3,12.8,3590351,9.4,27.0,21032,85017,36159,1
41,728035,765,4,399607,9114638,1149,3,2,2.7,3063073,6.2,18.8,42366,81436,72489,0
52,846029,661,1,31282,3359628,450,1,2,10.7,401750,7.4,24.1,20978,21604,27385,1
47,898116,650,4,188292,9981508,1104,2,1,14.8,1595383,6.6,25.7,47123,143930,40693,0
52,1134895,738,5,507724,11741979,1302,3,1,9.8,3486444,5.5,25.1,59383,104700,52644,0
24,1206375,721,2,527142,7773098,876,3,2,7.2,978211,8.1,2.1,53142,120464,35002,0
65,902161,723,1,452205,4431289,464,1,2,8.5,1221676,8.1,40.0,41884,55359,18943,1
65,851055,597,2,438690,6368063,780,2,2,10.5,1654194,4.7,40.0,33393,72712,17788,0
52,693652,640,4,108704,7196495,1215,3,2,2.5,2020539,3.3,31.7,10000,93922,61554,1
50,746957,633,5,332005,9060603,1057,3,3,2.7,553922,5.7,27.7,33307,71415,61072,0
28,1262542,688,5,402094,12589981,1506,5,4,2.4,3846181,8.0,0.2,60157,89117,56851,0
62,988157,719,1,327585,4468616,671,3,2,4.5,983835,3.6,38.5,34861,44267,38304,1
63,406455,729,5,42502,13851643,1432,4,3,3.7,4331882,5.7,40.0,18610,154454,55467,0
64,721387,576,5,139648,15964412,1623,4,3,8.2,3558705,9.6,38.4,25062,159402,66891,0
53,1171573,667,3,376457,10756959,1185,3,2,13.7,2572154,7.9,26.6,42950,138769,64188,1
26,1407072,654,6,106044,11862480,1310,3,2,15.3,1382811,8.0,0.0,59847,148054,33915,0
33,1241272,648,1,399221,4338972,530,1,1,2.9,1327323,4.7,6.1,31205,65215,20734,1
51,952755,719,5,255117,10656109,1418,3,3,1.9,3700977,5.5,30.2,26066,116026,40870,1
44,879384,688,5,75828,15237486,1262,2,2,35.0,1918338,6.9,23.7,39671,195237,77073,0
47,660060,716,4,250779,11329352,1093,3,2,11.5,1008274,6.9,24.3,18755,159698,57545,0
54,660369,825,4,294812,12063881,1135,3,2,4.5,1253916,7.0,30.5,26521,151188,72167,0
39,678220,692,1,75531,4829909,544,1,1,1.7,363857,7.5,18.2,18702,66413,16209,1
41,1418640,748,3,496810,6952834,1048,3,3,7.2,972385,4.9,18.2,64305,62127,49700,1
35,1048373,728,2,169364,15519583,1134,3,2,11.9,4671864,7.9,10.3,42139,232598,38671,1
48,1129823,709,6,395764,12686142,1528,3,2,4.0,3494554,6.3,26.5,44658,158955,45992,1
40,1351000,755,5,610757,14677003,1542,3,3,1.8,5375723,6.6,13.9,47272,208643,50286,1
26,1022203,694,4,355032,7285202,1219,3,3,2.7,1365025,2.6,5.2,53349,50262,38153,0
54,757697,755,5,192026,11119020,1179,3,4,2.6,2748988,6.1,30.2,12562,104484,67237,1
63,1323948,646,4,587276,8307165,1161,3,2,2.0,1897054,5.4,35.6,25597,111970,49058,0
26,674167,791,4,301324,5462281,1076,2,2,3.3,687748,5.1,0.0,16039,58494,56466,0
45,568957,777,6,140990,16427005,1675,4,3,5.4,4899795,7.2,16.1,11873,257234,37137,1
45,654414,783,3,200586,10016922,1081,3,2,7.8,2152110,7.0,18.4,10000,114332,28112,1
29,718566,676,4,291178,11339578,1126,2,2,23.7,3506590,7.5,1.2,34294,152085,35316,0
60,877156,589,3,0,6255866,924,2,1,10.2,1503754,5.9,37.2,44817,94272,57009,1
25,991698,690,4,368200,14066208,1266,3,2,4.4,3988528,8.5,0.0,31764,149899,44849,0
64,649688,730,2,54337,5372538,737,1,1,3.9,753229,6.4,40.0,34036,82324,34675,1
38,478622,846,2,201251,5860328,932,2,1,6.6,1538691,5.2,12.1,12676,80437,52594,1
37,360682,712,2,133639,8950949,1015,3,2,3.1,1998312,5.5,17.6,18217,85873,21099,0
27,423041,667,5,56388,5965794,1303,4,3,2.9,1029774,2.7,0.0,18807,41013,83903,0
37,891472,648,4,372194,7971518,1018,2,2,7.6,933851,5.0,11.2,42488,83620,26593,0
45,654207,826,6,295993,9363657,1546,4,3,2.4,868205,2.6,28.3,35073,88016,45051,0
41,1019516,734,4,298648,12431083,1251,2,2,10.3,1865433,8.5,17.9,62086,120997,51274,0
39,1465071,606,5,296752,10249844,1387,3,3,7.1,1006359,6.6,17.9,63516,128789,77585,0
30,714088,655,6,224076,13199487,1644,3,2,16.9,3944735,6.3,4.6,37810,205739,106605,0
53,771547,671,3,240366,11201410,1128,3,3,4.8,2467312,5.4,22.9,36744,95535,35312,0
23,1489221,741,2,463685,9237789,774,3,3,12.4,3185452,7.5,2.4,69360,129573,38379,1
37,1165911,675,5,49333,12897958,1425,3,2,6.0,3226939,6.3,13.7,50078,80402,49846,0
24,1146256,711,6,0,12580997,1960,4,4,16.1,2067967,3.4,0.0,55845,176077,79116,1
30,1421657,612,4,129206,7120799,1245,3,2,5.2,2471162,3.4,2.3,72108,104931,40760,1
60,591689,638,5,9955,12142170,1434,4,3,29.7,1416350,6.3,35.2,40055,176305,70080,0
57,879504,727,5,38870,11613922,1294,3,3,20.7,2438105,6.0,32.3,46376,136873,79047,0
39,1208032,753,3,209427,9885305,1136,2,3,3.8,3173557,6.8,19.5,43557,75719,34697,1
38,563816,814,4,142135,7176273,907,2,2,9.4,982158,4.8,10.1,10000,59420,37366,1
26,683882,818,4,145473,11984120,1239,3,2,9.2,1590609,6.7,0.0,28489,134893,34809,0
51,666109,687,5,102893,10310255,1485,4,3,4.2,1259144,5.7,24.2,19768,104445,86019,1
63,1388337,702,1,94772,7522540,617,1,1,11.7,1714927,7.3,40.0,26986,63156,20616,1
31,677947,691,3,31631,8964560,1052,2,2,3.2,2912410,7.2,10.8,10496,123256,29177,1
36,886841,753,5,361675,8898586,1291,3,2,16.6,2031958,3.1,6.0,22020,102236,43899,0
58,1495245,701,3,606482,6359903,1108,2,2,20.1,1863741,2.6,32.2,61215,99479,58996,1
24,963898,739,6,368998,15320150,1539,4,3,4.4,3836479,8.9,0.1,33698,202650,61525,0
46,552533,720,2,94186,8743294,958,2,1,5.2,2619806,4.7,21.7,30369,97134,37204,1
46,680895,664,3,84513,9680420,1016,2,3,8.2,887731,6.7,24.7,23595,113307,39927,0
41,465165,715,4,185637,9579528,832,1,2,7.7,3316639,9.1,13.9,24044,128509,39023,0
24,1945443,724,3,776353,8465231,828,1,1,8.3,2896040,10.0,0.0,55757,85854,38588,1
46,855065,714,3,259164,11791878,1042,3,2,9.2,1692699,9.0,20.5,19218,108666,36881,0
34,1225017,654,5,278561,10104830,1644,5,4,16.5,3291930,5.0,6.5,22178,72404,98600,1
35,929124,675,3,58828,11347165,1228,2,2,12.6,2031602,6.1,12.3,31867,105734,29342,0
64,619878,664,3,227322,7773002,971,3,3,14.5,2177137,6.0,40.0,30140,106211,42686,0
53,779358,802,5,236117,14241772,1307,3,2,13.1,1040186,7.6,28.4,33613,212045,44084,0
44,1819300,688,3,452569,5918817,938,2,2,1.8,1123512,6.0,15.7,57637,84351,25256,1
52,936932,632,4,216521,9734189,1162,3,2,12.5,2048191,5.8,21.8,40015,113243,72668,0
31,1436440,676,5,667433,11816556,1348,3,2,5.3,3921609,7.0,2.3,66192,86336,87561,0
55,1098543,651,4,251011,10296151,1274,3,2,12.7,2977683,6.4,22.9,48444,135420,33793,0
37,1878983,699,4,508070,14082610,1437,3,2,3.7,2758386,6.2,9.0,43407,220204,86595,0
31,1319766,710,4,207704,7067417,838,2,2,2.2,1163432,6.6,4.6,69806,67759,27633,0
25,700049,774,2,224130,11327817,897,3,2,11.3,1201514,9.2,3.1,19713,177589,46922,0
51,542390,732,4,15879,10073102,977,2,2,10.9,3471001,5.9,26.3,27064,98362,54129,1
52,1110779,768,4,234879,12747257,1369,2,2,9.0,1595493,7.4,26.8,51693,145343,78044,0
58,1639426,710,2,544407,7690094,738,2,2,19.1,2575619,9.2,32.8,90334,87078,44369,1
57,655808,726,5,126176,16570278,1346,3,3,2.7,2308465,9.9,36.0,40071,141706,55396,0
61,465174,803,5,141769,10607417,1277,3,3,3.0,2558335,5.4,37.1,17527,87616,53328,0
41,1122518,704,4,414154,9299604,1028,2,2,2.4,2366701,6.6,17.6,54871,125833,35314,0
62,1456433,637,1,136345,3003987,450,1,1,5.8,672319,5.0,33.4,79904,19831,27691,1
33,508970,744,2,203753,7382336,694,1,1,9.0,1600225,5.6,12.6,32045,102452,17654,0
35,1307188,735,5,147259,11040960,1254,3,2,5.5,1010928,4.5,11.6,53576,169271,33585,0
27,1383283,593,3,297826,9865420,1262,3,3,9.5,2223246,7.3,6.0,72468,84748,48215,1
53,1325345,646,2,413761,4195714,540,1,1,3.3,1372984,5.1,24.4,72922,28999,33799,1
33,1109350,671,4,516111,16585483,1336,3,3,9.4,3905435,8.1,6.5,34062,252735,34747,0
32,592336,733,5,152957,17932361,1484,3,3,9.1,1143708,9.0,2.2,17700,192817,46103,0
57,851425,723,3,296785,6563296,895,3,2,2.3,2166960,6.3,31.3,47962,64961,26575,1
55,422701,700,4,191664,11307059,1329,2,2,4.2,1657588,5.5,32.2,33652,134649,27670,0
23,542415,801,3,102474,10086703,1071,3,2,19.3,2312214,6.8,0.0,16627,69581,25570,1
48,563428,718,1,108308,7023834,545,2,2,4.5,946066,9.1,20.5,18413,102427,23411,0
56,1289455,779,3,34160,4322253,590,1,1,6.2,1384735,6.2,25.6,60830,54283,12880,1
55,757506,709,1,226756,5221130,711,1,2,13.6,1063049,4.3,28.4,37969,45113,31441,0
54,1025839,778,5,120622,6710791,1081,2,2,2.2,656748,4.1,28.3,22482,52019,31326,1
30,538386,794,4,0,7898360,943,3,3,22.8,736022,7.8,12.9,13331,105708,52172,1
35,804644,697,5,257235,10233561,1196,3,4,12.1,2605885,7.7,10.8,19360,67840,55569,1
44,931501,646,4,266803,8876237,799,1,1,5.3,1969657,7.4,25.6,36990,77362,26979,0
32,558014,677,2,0,7017551,606,1,1,4.4,2347815,10.0,8.0,20424,42119,18574,1
24,908914,725,6,275441,11472383,1523,3,2,10.9,3454443,4.4,3.7,41493,159132,70208,0
65,896972,757,3,308052,10940917,814,2,2,6.8,1300277,9.7,40.0,66092,171940,51473,0
40,1218111,760,4,227679,10559737,1155,2,2,6.3,1241866,7.5,9.6,50850,84836,68201,0
60,835363,621,4,53149,8668874,1512,4,4,24.3,2687699,5.0,37.2,39749,88219,88843,1
64,1061706,751,5,324379,8044144,1417,3,2,35.0,989857,3.0,33.4,23553,117546,48288,0
41,564301,757,5,68845,11508201,1208,3,3,11.7,2888055,5.5,15.6,22936,87738,34503,0
58,1961682,698,1,210705,8119013,930,2,2,2.2,1441958,5.9,35.1,57996,57383,39881,1
32,862715,633,2,117207,7518083,615,2,1,4.8,867542,9.5,9.7,20798,49084,12463,1
45,1372536,637,5,279251,11069156,1333,3,2,1.1,667834,3.2,17.4,25776,151899,60259,0
44,659579,760,5,306933,9827544,1470,3,3,3.1,3105984,4.4,25.2,10000,91673,94068,0
32,898943,797,4,332135,6402655,946,1,1,8.2,1182389,4.8,6.0,20824,90465,34358,1
58,994384,738,3,99057,7822468,1054,2,2,14.1,2518307,3.6,31.7,45105,116321,26533,1
48,1613035,584,3,703127,5572642,941,2,2,11.0,1030905,5.6,21.5,44566,72184,47655,1
62,1365656,693,5,220083,10124022,1210,3,2,6.9,2401731,5.9,35.1,55126,135620,39059,1
58,678266,650,4,285839,12251396,1280,2,1,6.9,1778939,6.9,31.9,39260,115629,36709,0
43,1566698,682,2,508015,8423928,1001,3,3,2.1,1664047,6.6,22.6,57318,113338,42270,1
28,995759,661,5,230816,16864174,1714,4,4,13.0,1425750,6.7,5.0,47473,252834,107191,0
40,1401398,622,1,408931,4835553,722,2,1,21.1,396412,3.1,14.6,65272,72726,39255,1
49,1284586,703,1,412316,4652862,644,2,2,27.0,1321125,5.7,26.2,48161,71886,36263,1
52,1256321,600,2,0,9428328,920,1,1,12.7,830007,7.5,30.4,41853,119523,47586,1
56,784614,737,4,7177,5718083,1195,4,2,3.6,509910,3.3,33.9,31393,87907,54227,1
40,570030,693,3,128977,12262574,1221,2,2,12.3,1737561,5.3,19.5,28556,157679,55965,0
53,1200373,662,4,332870,4533493,1319,3,2,4.3,1245048,1.5,23.8,52425,39327,43608,1
43,787295,657,3,211784,7493781,886,2,2,2.3,2063806,6.5,16.3,20984,87081,52466,1
55,839342,733,2,379806,7089872,855,2,2,3.6,2460006,5.7,32.4,30354,68107,45787,1
52,425461,680,4,208516,6651487,1299,4,3,19.4,1660001,2.0,21.3,10000,66705,76608,0
63,1169412,532,1,162928,6109923,878,1,1,14.4,1929843,5.8,38.6,45019,83941,24060,1
27,917151,726,4,220457,12518034,1151,1,1,11.5,2381788,8.4,2.5,31392,132245,49494,0
57,788454,629,2,109814,6695541,816,1,1,3.8,1677895,6.1,32.3,29550,93275,31459,1
50,1377330,775,3,577839,8840503,1109,2,1,11.0,986054,5.2,28.0,35463,57484,60721,1
28,505289,698,3,272793,9740060,1023,2,2,6.0,2624243,6.3,6.6,10000,140737,50134,0
57,1243165,728,4,168182,4383478,813,2,2,8.5,223246,4.6,25.5,54809,69252,45319,1
58,1000599,709,2,449852,4610658,696,1,1,4.9,1278443,3.8,37.4,57036,65719,30341,1
61,1250294,807,3,269652,5305469,894,2,2,8.5,619530,4.0,31.8,60841,56281,40359,1
36,1045995,803,3,239324,7541838,1115,2,1,13.6,625453,5.5,8.5,39292,72022,60142,0
55,829131,766,6,160975,15383792,1601,4,3,19.2,3462707,8.7,35.4,27949,224691,91953,1
50,410346,764,3,190591,10555805,1304,3,3,3.0,2736649,6.4,22.2,24462,148651,30052,0
46,539788,682,5,84761,12404624,1555,3,3,5.0,1127833,7.5,22.9,16104,177241,41542,0
63,735615,623,4,274756,8997554,1097,2,2,5.0,1844208,6.4,39.0,27728,117548,55981,0
24,546523,754,4,75152,11443304,1107,2,2,6.6,2434921,9.2,2.5,51658,157295,44195,0
65,374623,636,5,54795,10896821,1082,2,2,7.2,3121978,7.8,39.5,12423,112306,37058,1
38,1597936,674,3,688059,9111064,1205,3,2,12.2,2487147,6.4,14.2,87228,67702,29412,0
36,443538,692,5,104132,14776581,1342,3,2,5.2,2090305,7.2,13.2,16125,225679,41237,0
36,987919,697,4,81091,10710890,943,2,1,6.1,2162873,7.6,15.1,20113,68219,34161,0
34,670607,775,5,146036,9426427,1270,3,3,1.6,2153269,4.3,11.6,37635,87277,29197,0
46,641266,711,4,303229,12536126,1291,3,3,10.7,2007766,4.8,25.0,45471,186405,35656,0
23,957593,738,4,507946,14765495,1362,3,3,19.0,4313730,8.9,4.1,20941,218206,78833,0
51,1174274,737,4,70519,9789168,1110,2,2,9.7,2092343,8.1,22.7,38793,118318,60613,1
37,462090,683,6,101252,16404660,1618,4,3,4.1,1099194,7.6,13.9,18930,158957,47021,0
37,1636352,645,3,477145,8714366,967,3,3,16.5,1126422,5.3,11.5,88356,137609,34169,0
56,975681,738,3,97295,10363209,933,1,1,2.2,2225758,8.0,31.2,23280,148970,44163,1
33,898984,665,6,404250,16596987,1854,5,4,4.6,4856270,9.4,9.5,30973,110399,70924,0
60,869986,777,3,336604,12116443,1359,3,2,14.7,2142863,7.6,36.9,47721,96512,71828,0
59,569272,734,3,177548,8048631,1074,2,2,7.3,829715,5.5,35.1,29701,78590,54682,0
30,1270607,698,4,193070,7618763,926,2,2,7.9,1674087,6.3,9.4,54497,109634,59367,1
48,1256899,726,4,527231,10954952,1047,2,1,10.0,762694,8.6,27.4,65530,115328,37191,0
29,740046,685,4,338271,9778263,957,2,2,9.4,2919883,9.1,7.2,26682,140361,24366,1
25,1376198,742,4,555912,6402031,1179,3,2,2.3,2224366,3.3,1.8,25791,77958,54534,1
65,792715,681,4,172034,8593666,1055,2,2,5.6,724881,4.1,40.0,20338,92789,60619,0
31,1354744,634,3,176175,10941659,995,2,2,17.0,1427156,8.0,10.3,79217,154386,25821,0
46,653579,762,4,208137,7622311,1250,2,2,8.4,2303636,6.9,16.0,12256,49131,46884,1
58,728926,728,5,355333,8534134,1196,2,2,8.4,2742434,6.7,31.8,24527,91575,77660,0
44,626843,635,2,130982,8885920,849,1,1,8.0,2418902,5.0,16.8,30777,101069,54605,1
58,819004,764,5,81765,13181511,1370,3,2,4.8,3423487,5.0,28.9,24181,141669,47234,1
28,1493936,699,4,660954,14390774,1255,3,3,4.7,4175809,9.0,2.8,85293,171086,55459,0
29,832554,645,5,270597,10155680,1688,3,2,1.7,3341421,5.7,8.0,32740,158578,49194,1
58,1460535,722,5,510214,10447374,1349,3,2,6.3,2099308,5.2,31.0,43015,80805,48986,1
32,1406714,626,5,536601,10089699,1257,3,2,16.6,2272439,5.6,8.6,57805,105952,37943,0
31,683662,767,5,245541,13991192,1323,3,2,6.6,2948431,7.8,9.4,28502,173875,61752,0
23,606258,713,6,0,10335909,1331,2,2,8.4,1355834,3.9,0.0,18115,69126,64213,1
47,1152311,733,4,395297,8089109,1204,3,2,3.9,2452481,5.5,17.9,71057,76202,78058,1
62,1587072,713,5,351900,18039033,1529,3,2,1.8,3035582,8.9,36.8,64134,213238,38920,0
39,981140,655,6,160073,14425404,1703,3,3,13.7,1469672,4.6,13.4,33697,120781,50356,0
38,652246,763,4,239054,10779119,1238,2,2,1.8,3267918,5.9,12.5,29252,157704,43380,0
25,1315454,731,5,191838,11566451,1241,3,2,3.2,2596595,7.2,10.2,52414,101442,72489,0
44,965496,750,2,149918,3978240,457,1,1,1.6,331569,5.2,18.9,43780,26448,19527,1
59,1123992,692,6,27428,9249679,1163,3,3,15.5,892930,5.4,32.9,35165,85586,43548,1
59,264538,683,1,31282,9506058,883,2,2,4.2,951395,8.1,38.1,10000,144218,53596,1
53,479588,660,3,191901,7473322,1164,3,2,1.0,1213150,3.9,29.3,17567,55227,69550,0
44,718647,796,4,271815,10850873,1244,2,2,6.0,1878483,6.7,17.4,12118,85196,41590,1
29,680889,720,4,110077,6274944,745,2,1,11.7,1602247,5.4,4.9,17504,99079,18118,1
40,592559,747,4,106756,11964870,1383,4,3,8.2,1690215,5.9,16.5,12409,171487,33445,1
43,1115895,702,4,283202,7896256,958,2,2,4.4,868586,4.9,18.9,22300,103974,52711,1
49,1021605,692,4,325477,13004805,1364,3,2,6.9,2641099,6.0,19.5,25252,170340,64589,1
59,679853,701,4,227726,10614390,1230,4,3,15.3,1795225,4.8,35.2,32817,82646,79567,0
25,786753,778,4,1703,13592894,1268,3,2,22.2,1078964,7.3,4.8,35359,132883,70446,0
44,1088527,611,2,297908,9475653,941,1,1,4.6,689758,6.4,16.5,36398,86757,20506,0
65,816715,625,5,260540,11342390,1441,2,2,13.1,1641904,4.6,40.0,25170,125083,45888,0
29,1050481,630,4,335557,16638208,1594,4,3,11.9,5477609,8.5,11.0,26524,247394,84707,0
57,594160,601,4,77269,13774195,1186,2,1,3.1,1999427,7.8,28.2,14822,135233,56783,0
32,1805394,726,6,518658,15003112,1590,4,4,2.0,4483791,7.5,4.9,72259,227165,48214,1
23,1363077,696,6,50264,16998819,1464,4,3,17.3,1072571,8.8,0.0,71848,168319,69147,0
53,845526,665,3,217792,11361760,1277,3,3,1.2,2524071,7.2,34.5,20807,173174,60699,1
35,1089458,703,4,384713,16545316,1487,3,3,5.0,2779647,8.2,10.4,54089,179775,34519,0
24,303226,799,5,71369,8734359,1333,3,2,12.7,2294509,5.2,0.0,11911,92220,30593,0
59,731406,593,4,177055,13334102,1108,2,1,9.3,3728648,9.9,29.6,13209,200873,38792,1
35,1194700,731,4,0,8309162,1344,3,3,2.9,702000,6.0,12.2,31963,122750,61430,1
25,789666,740,4,283272,9364401,1419,2,2,3.7,2641202,5.2,0.0,16813,113504,44563,1
63,732630,782,3,82694,13769963,1248,2,2,13.2,2555458,9.0,37.9,20965,175016,37503,1
43,612279,727,3,88520,11553968,1073,3,2,8.3,1082705,6.7,21.9,29280,172824,35512,0
52,626350,683,3,209216,10388133,992,3,1,6.2,1768918,7.7,28.3,22740,110008,52504,0
24,1039869,681,2,334531,9082997,883,1,1,8.5,1124890,7.7,1.3,51248,137106,30491,0
54,552850,538,4,222481,7508599,971,2,2,4.0,1447659,5.1,31.3,17812,87073,46803,0
39,836581,644,4,267992,5239536,1006,2,1,2.4,1929338,3.3,12.5,25763,43570,54359,1
62,1043580,666,3,475918,11407715,1037,3,3,34.6,2915685,8.3,31.7,47476,75034,58960,0
46,1270691,762,5,142015,8813783,1036,2,1,10.8,1781294,5.2,20.6,54304,118477,42027,1
49,505117,752,1,245226,8555867,872,1,1,25.9,1086646,7.9,29.0,18329,107339,45693,0
56,1300310,703,3,475103,7553057,902,3,2,4.5,1334291,6.9,29.5,80666,61241,46730,1
36,756990,712,3,306344,9914637,1055,3,2,16.5,975018,6.8,15.0,21003,100426,33941,0
38,425013,780,2,104302,6751178,795,2,2,8.7,814000,7.4,16.8,16519,56082,28445,1
35,557337,723,6,187908,13689045,1700,4,3,3.1,2535382,6.3,9.8,26903,180793,86311,0
33,1095550,719,5,164643,10822992,1473,3,3,5.1,2324527,5.6,4.8,47794,70564,78624,0
41,1265396,850,4,623552,12906690,1071,2,2,34.3,2436267,9.5,18.5,56827,151097,61521,0
63,530194,800,5,177069,14632956,1230,3,2,2.0,4258626,7.1,39.2,37997,114001,49383,0
37,1051641,716,1,267186,4051091,478,2,2,3.6,1266170,5.1,9.4,21739,41785,16254,1
27,742789,825,4,147090,10368867,1009,3,2,27.0,1414257,5.6,2.2,49369,64557,35559,0
44,690628,675,5,193924,12095218,1291,3,3,6.4,4095051,7.2,19.3,26443,137124,51543,1
54,716073,641,5,178017,10463283,1352,3,2,9.2,1083127,4.7,28.6,19469,87804,84270,1
24,640694,657,4,57847,10051832,1321,3,2,2.7,2491248,3.9,0.0,26511,138450,36113,1
53,974539,652,2,196924,7368148,776,2,2,10.2,1239060,7.2,25.6,53834,47375,37221,0
43,1162058,725,3,0,11039118,965,2,1,3.4,1579750,8.9,15.2,70684,145366,35474,1
43,695547,775,3,399064,7871116,937,2,2,8.7,2183290,5.0,20.9,28982,93755,32201,0
23,621954,715,4,104127,5512328,1041,2,1,2.4,1397076,5.1,0.0,30752,60533,25427,1
36,963517,691,3,196338,8535554,777,2,2,11.4,2743359,7.3,11.2,39412,130223,33962,0
48,1780037,777,3,98621,6765552,898,2,2,1.9,1582348,4.5,29.1,39368,54594,23341,1
65,685420,775,5,8106,9775682,1282,4,3,5.6,2252723,6.1,40.0,10193,109414,76969,1
33,977136,730,2,478617,5978553,581,2,2,19.6,590535,8.3,5.9,35748,40262,17769,0
63,1296454,712,5,5744,9871141,1123,3,2,3.7,2723468,7.0,40.0,55785,105126,56345,1
55,784604,780,5,168935,12811366,1460,2,1,8.3,2681558,5.6,29.7,30405,100519,39423,0
54,1022456,615,4,351913,9162744,1077,3,3,6.7,1503052,6.4,35.0,42664,78161,38984,0
52,1312191,587,2,243281,6705155,784,2,1,14.2,1783394,4.9,30.1,50742,75740,16680,1
34,484745,658,2,92116,9846366,1243,2,2,5.7,2291468,5.3,5.0,22350,71533,54601,0
23,954331,757,5,81012,11363399,1496,3,2,3.8,1373271,5.2,0.0,48182,79055,54851,1
27,745260,736,4,277320,6864195,1081,3,2,3.2,1140429,5.3,4.1,21551,55728,32608,0
49,544318,627,3,302912,10434934,1079,2,1,10.1,2098294,5.7,21.1,10000,162322,42750,0
59,1104968,712,6,324682,13380727,1359,4,3,8.5,2622878,8.1,36.7,52658,180268,62058,1
58,546072,715,4,146048,11681986,1224,3,2,6.0,2846638,6.4,32.0,10000,123000,33474,1
31,1046043,676,3,463653,11146903,1456,3,2,6.0,2762847,5.1,6.4,16743,105883,54249,1
34,1157022,614,4,211881,9426190,1103,2,2,10.9,2197682,4.2,14.6,44510,87384,71088,0
46,603303,704,5,136724,19540933,1544,3,3,25.3,6364846,8.2,21.4,10000,249414,77501,1
60,674114,709,3,255419,10226024,1191,3,3,5.2,2076220,7.7,36.6,38302,137487,76336,0
39,476449,647,3,272029,6477945,701,2,2,2.7,1426708,6.9,11.8,26469,64497,39798,0
26,574325,652,3,219905,12930735,1354,2,2,1.0,2107982,6.3,0.1,28374,205300,63664,0
55,914847,684,5,312696,11272490,1310,2,1,8.1,1684588,6.1,34.1,26464,158616,66402,1
46,1449045,708,4,612681,16388890,1521,3,2,1.2,5490095,7.8,21.5,65090,241719,47369,0
48,750508,767,4,155358,13142449,1499,4,2,4.4,2388221,7.7,24.4,12627,152858,75405,1
57,807660,743,3,401221,7953342,1291,4,3,5.7,1816569,5.9,31.7,35526,48389,76067,1
48,1195478,707,3,330487,12857117,1067,2,2,7.2,2890074,9.7,20.5,63597,97892,53672,0
52,558384,695,3,127329,15006348,1223,2,2,7.7,2545197,8.3,27.8,21246,170893,53023,0
23,560969,753,3,197139,9612221,960,4,3,7.8,938479,6.0,4.6,15711,64758,30947,0
31,1071202,628,4,393304,9079979,992,3,3,8.0,3011560,6.8,1.1,41873,59504,37272,1
29,560346,621,2,156145,4009286,573,1,2,4.9,1253369,5.7,3.6,16301,40153,13958,1
44,476739,710,5,97868,12980326,1209,3,2,9.9,2184664,8.5,15.0,23313,82333,29121,0
31,1037203,688,5,109386,15294491,1740,3,2,7.3,3508128,6.5,9.9,56123,92788,101134,0
55,1297880,677,4,515262,9695069,1163,2,2,13.2,1697280,6.5,32.0,52548,144220,55461,1
30,1310983,667,4,487026,9096994,1104,3,2,17.4,1204603,7.4,6.0,45160,62035,63232,0
57,517429,726,1,64376,4676271,450,1,1,10.4,312405,7.1,30.4,27716,57413,11337,1
62,655950,677,5,108840,11989475,1507,3,1,13.7,1448544,6.2,38.1,22608,162489,53802,0
25,1163889,673,2,122946,4426927,496,1,2,3.8,430513,6.8,0.7,42722,46745,13870,1
51,896143,729,1,85113,4384102,868,3,3,14.8,491228,3.1,26.4,46471,54360,28814,1
53,1211810,697,5,36832,10175440,955,3,3,9.4,2899829,8.9,27.3,43764,156282,27612,1
45,817585,687,5,355511,9183951,970,3,2,14.8,2088912,7.4,13.1,37993,82784,32685,0
40,776996,678,3,378467,6201322,1053,1,1,17.1,623968,6.1,18.0,43679,61306,61536,0
27,1161000,683,2,315547,6235225,831,2,1,3.4,1356079,6.2,9.8,41883,59755,52636,1
44,298525,683,4,188943,7907564,973,2,3,2.0,1240723,7.0,18.7,10000,88250,50115,0
53,655523,757,2,220850,4705848,653,1,1,19.6,840873,3.4,27.9,24134,68444,27107,1
49,1116785,750,5,215175,8927073,1219,2,2,1.7,1014287,5.4,30.5,37672,110416,26949,1
25,763428,687,2,119092,10308131,782,2,2,11.5,3012983,7.6,3.5,40068,67218,22830,1
56,588671,667,3,131837,10198448,1171,3,2,20.6,3224615,6.4,22.0,39469,65427,43916,0
29,797737,731,4,254004,6824417,1048,2,1,5.6,733168,3.2,7.7,45687,98503,27682,0
27,1511204,696,2,569567,13223963,1129,3,1,10.5,4030132,8.4,3.1,59345,189711,57515,1
63,546416,608,3,66095,7862386,796,2,2,28.7,1406980,6.9,36.2,36776,105580,40699,0
48,591211,644,1,37014,8426990,905,2,1,9.4,1824483,7.9,23.7,17768,100455,48493,1
47,872028,635,3,167193,10845282,1076,2,3,16.8,1003682,8.2,27.3,25860,161035,40480,0
62,790510,644,5,352722,12533144,1520,3,3,1.0,1624642,6.5,39.7,20042,89107,85236,0
57,1158677,695,4,77831,10558978,1092,3,2,8.1,3569650,7.9,32.1,42778,118924,49757,1
60,1081797,608,4,260779,11950748,1283,3,3,6.4,3689448,7.8,38.7,61065,139403,40582,0
55,850694,649,2,164932,9652329,736,2,2,1.6,2404866,10.0,29.9,25996,96460,43266,1
56,856681,718,4,0,17728398,1448,3,2,3.1,5691349,8.8,29.8,33057,213989,33961,1
41,463800,660,4,89024,6582142,1183,3,3,2.1,1583119,4.8,14.1,14268,83066,73786,0
52,513813,692,4,120185,14696583,1299,4,3,15.5,1598347,7.8,31.6,16270,181445,64725,0
62,1164489,686,3,209090,9772382,1045,2,2,7.6,1652340,7.5,34.3,26239,115049,33256,1
51,796976,636,5,296773,12852760,1251,3,3,7.9,956011,7.4,25.4,47197,138128,59350,0
64,637947,768,5,265023,12382378,1296,2,2,1.0,1117381,7.3,35.1,26471,151896,60552,0
49,1340775,705,1,382404,8685622,887,2,2,14.1,2096596,6.2,23.7,53857,114295,39821,1
51,396811,757,4,156698,12012600,1387,3,3,7.2,1598554,6.5,28.9,24378,80499,88372,0
39,1092274,674,5,154739,13506601,1284,4,2,9.8,1343549,8.3,18.3,25661,96698,60657,1
57,401570,772,3,46345,7147652,733,2,2,11.3,1350461,7.0,34.2,27578,84200,37992,0
65,422774,646,3,125387,4857681,762,1,1,4.1,1243994,5.2,40.0,10000,46614,26004,1
32,1939632,681,3,169494,9015247,1239,2,3,17.0,1013618,4.9,1.9,48601,98787,42630,1
61,457888,658,2,17288,8829661,717,1,2,1.5,2544966,7.5,36.9,29257,123642,15437,1
32,1036042,760,4,464831,7759220,970,2,1,11.5,655821,4.9,5.0,32683,107488,49954,0
30,866836,768,4,308520,12826041,1256,3,1,9.4,4331329,7.9,2.0,46063,114676,55033,0
34,651825,757,4,150434,11731927,1094,2,2,8.4,3163590,8.0,12.9,30626,128749,50047,0
60,1714313,654,6,533507,16334993,1689,3,2,12.6,1179007,7.9,34.3,40262,190777,35464,0
27,895515,688,5,64492,15697705,1554,4,4,10.6,1156011,7.8,5.2,41384,187166,99652,0
58,385879,681,6,142830,14643018,1474,3,3,1.0,4508427,7.9,35.8,10000,198549,38192,1
49,534381,746,4,189496,14188832,1509,4,4,2.4,3717852,6.0,26.3,23497,143302,60602,1
33,715062,779,2,256270,5701709,815,1,1,22.7,1361388,6.8,4.3,22520,74662,28502,1
45,625351,718,5,267459,10242052,1310,4,4,3.5,1913727,8.2,22.5,31160,86521,55426,0
27,988866,750,6,389037,8831775,1280,3,3,7.4,982348,6.7,5.4,41649,76390,59574,0
30,577836,850,6,131380,18070935,1831,5,4,3.6,5668995,7.2,0.0,40223,198079,90486,0
47,866880,807,5,112666,13767413,1545,4,4,9.2,2326545,4.7,23.9,31404,188884,74367,0
24,731637,767,2,178288,4772810,811,2,1,7.1,1131964,4.5,2.1,34597,38624,50105,1
46,888807,728,2,182975,11278324,1028,2,2,9.0,3445156,7.8,15.2,28535,155461,31400,1
63,603324,739,6,200723,22818240,2028,3,2,3.0,6466199,7.4,39.2,16888,244117,49124,1
46,1208751,725,5,110733,8730579,1271,3,3,17.4,2175178,4.4,16.9,14722,122633,70406,1
28,677769,692,2,287045,5390184,608,1,1,13.9,472926,6.4,5.5,24791,62408,23959,0
50,1010895,717,2,338556,4791744,613,2,1,16.7,617331,7.1,26.3,35803,59941,33192,1
36,1624904,732,4,158218,17882405,1733,4,4,2.0,5433067,7.4,17.2,69838,221144,51493,1
64,1071970,752,5,316515,14137935,1529,3,3,6.4,2870547,5.7,36.7,39764,119070,40240,0
49,809056,662,4,220128,7102081,1018,2,2,11.5,940713,5.1,26.5,41211,105503,47451,0
57,1008046,676,2,208181,8382640,957,2,2,16.0,1230871,6.6,34.5,20643,50516,53294,1
46,712269,756,3,13580,9343912,1445,4,3,12.4,2588616,4.6,18.2,19338,93244,33862,1
65,588102,622,6,241576,10169429,1504,3,3,3.2,3309358,4.7,40.0,12664,81642,61755,0
27,721365,694,4,209239,11066261,1257,3,2,9.3,2813808,7.4,6.6,20516,130226,55338,1
43,585964,745,4,170471,13230256,1591,3,4,7.3,1539641,4.5,18.7,11005,178341,96606,0
60,801956,685,2,142262,7977102,851,2,2,8.8,1327395,5.7,35.8,20882,99515,18463,1
35,500377,633,3,27608,9300998,1209,4,4,6.0,801137,5.2,5.9,11046,90534,28338,0
44,1275395,692,5,657346,13745896,1576,4,2,1.6,3820930,5.9,19.7,36497,212328,32288,0
27,968623,692,5,177052,13845631,1455,4,2,10.7,2917013,7.3,0.1,52552,195627,29719,0
29,1101062,742,4,148593,10113211,1339,2,2,5.3,3251106,4.9,1.4,42561,159868,42414,1
45,837819,704,4,73917,9376231,917,2,1,26.0,2244983,7.7,18.5,37793,130948,37657,1
28,1048280,847,2,390060,10480184,1122,1,1,3.4,2659708,8.0,7.2,27149,111849,47072,1
48,780863,642,5,296040,12821380,1387,2,2,8.3,3507824,7.3,26.9,25606,107521,84928,0
40,670825,714,2,120040,9850496,1074,2,1,14.2,697877,6.3,22.3,44560,123977,35859,0
48,1125414,678,5,449892,7048169,1128,3,2,8.8,1432035,3.7,21.3,58116,94766,48115,1
38,797120,744,5,293239,12851306,1633,3,2,12.7,2888854,4.4,10.1,24967,167897,57774,1
28,995366,804,4,260142,12761931,1326,3,2,2.4,2818254,6.4,3.4,32379,138878,59739,0
36,606638,688,2,254903,9200187,1035,3,1,1.8,2142686,6.6,8.8,27235,123898,57432,0
23,1030529,813,4,407473,8215339,1060,2,2,4.2,1930968,5.9,0.0,46574,72138,46241,1
39,906570,689,3,241788,8369175,731,1,2,28.8,2481469,7.8,11.5,50581,101082,21408,0
55,479111,626,1,196506,10724896,989,2,3,31.6,3332700,7.8,34.4,10000,67009,24742,1
57,1126455,689,2,123115,7965131,791,1,1,4.6,2148323,8.3,28.9,57230,74916,28310,1
40,438351,693,4,213542,9112152,1231,3,2,14.7,507828,4.2,14.5,32043,129207,48329,0
38,1480008,710,3,476643,7052156,1099,2,1,3.1,2337334,4.1,14.3,34709,107595,40796,1
57,818946,674,1,298924,6145537,717,2,2,8.8,2120161,8.1,30.6,21736,96914,22598,1
53,250000,728,6,62252,16067496,1350,3,2,2.9,1032750,8.5,31.1,10000,168775,79613,0
35,472819,804,5,178738,14804440,1303,3,3,17.8,4568727,8.6,10.3,13034,203946,81946,0
57,1298418,709,1,125651,5767707,450,2,1,4.6,1183255,10.0,31.8,31107,45838,13723,1
50,1322144,698,3,368295,9059815,1194,3,2,11.6,1682115,7.1,21.2,33001,118637,46487,1
58,846751,782,4,401157,4610753,983,3,3,8.2,1752613,4.4,30.2,47414,73441,40109,1
40,1206649,663,2,125897,9793943,954,2,1,5.1,732702,7.3,13.8,54688,83525,28318,0
64,1078469,670,5,478189,12659606,1273,3,2,3.1,1609079,8.4,40.0,41541,183039,78514,0
55,904633,783,4,299212,9216469,1175,3,3,18.2,2943952,6.8,31.9,21763,56372,50182,1
59,1226370,657,4,400503,7734509,781,1,2,6.3,848738,7.2,33.8,45147,121237,27495,1
23,639028,763,1,155762,10311831,983,2,2,10.7,3100438,7.8,3.0,29021,100347,47980,1
38,792830,784,4,275032,11802648,1154,3,2,1.4,3981450,8.4,15.2,34018,173109,70211,1
50,1115107,757,6,227961,11468176,1237,3,3,6.0,2587447,5.7,27.9,33035,143976,47485,1
54,773875,572,3,312911,7530285,919,1,1,4.4,468668,6.2,27.4,10000,114766,25416,0
27,973745,741,2,271897,7796109,706,1,1,17.1,1340848,7.5,1.4,41701,59656,33635,0
58,949972,765,6,117690,15828651,1848,4,3,1.9,4083293,5.7,26.7,35954,187532,98560,1
39,820520,760,5,191906,10901647,1278,3,3,6.9,3308922,6.7,13.2,45375,95671,27426,0
46,1088968,565,6,281289,12825999,1631,4,3,13.8,3476720,7.4,17.4,40953,172662,48379,0
57,454327,633,5,77564,15600242,1357,3,3,7.1,3794027,8.8,30.9,30560,192402,78475,0
27,598795,763,2,146035,10880242,1092,2,2,7.8,3820332,6.7,0.8,21933,123692,32159,1
39,830373,693,3,136139,7468845,855,2,2,11.1,2098811,6.6,12.3,34908,63322,22330,1
39,1102709,744,4,83491,11812743,1137,2,2,12.0,1673568,6.5,12.2,53240,172163,26120,1
36,653760,613,2,130188,10646485,975,3,2,2.0,3482284,8.4,13.1,12455,86044,22734,1
53,1489497,735,3,498276,5915029,728,2,1,4.9,1620698,5.1,27.7,42664,41565,33090,1
62,817946,680,5,301707,16017581,1581,3,3,6.2,964114,7.1,40.0,48021,181430,95552,0
64,518202,763,2,212404,8745168,746,2,2,12.1,1700331,7.9,40.0,32635,110906,34750,0
35,719024,744,4,190425,9566696,1125,2,3,6.0,1773056,5.2,6.1,32300,103449,47884,0
26,1129762,714,5,494842,12769670,1282,3,3,2.2,3925862,7.5,0.0,57047,151523,58840,1
49,415911,745,4,186548,9354676,1050,2,2,9.6,1373363,7.0,27.4,10000,145063,39339,0
49,507884,625,3,50829,4263096,728,3,3,5.1,565104,4.1,25.5,15165,43294,38257,1
57,1906613,614,4,580556,8028808,1305,4,3,9.0,2342993,4.1,27.9,55010,66453,40541,1
40,772572,650,4,271069,7715460,967,3,2,1.7,710527,5.2,14.6,26744,106986,43643,0
42,1342288,618,5,498886,10570940,1449,3,2,8.1,2371456,4.1,17.7,70275,147252,47643,0
29,1129903,659,2,354967,4756279,450,1,1,5.3,740108,7.8,0.5,18720,74054,17030,1
37,1066049,706,1,343642,6380637,739,2,1,11.2,1953581,7.3,16.5,40914,55410,36507,1
39,1051582,709,5,204450,15525745,1331,3,3,6.4,1768474,7.6,14.0,62686,168602,81872,0
33,1140236,689,1,410604,4127644,687,2,3,5.6,1168670,4.6,11.5,41634,25547,32961,1
36,553184,711,1,136332,4267263,542,2,2,9.1,426115,5.3,13.6,28325,27969,28518,0
33,581440,822,4,329803,12906802,1065,2,2,8.9,1161347,7.6,10.8,17320,93545,44923,0
24,677103,761,2,208825,7340136,739,3,2,11.3,1707768,7.8,1.0,14513,74645,41524,1
38,843001,753,4,44731,11610529,1435,4,3,6.5,3444377,6.4,11.1,43475,168862,53958,1
30,1139691,657,3,134993,7338860,1339,2,2,6.6,2046723,5.0,4.5,58290,55427,81256,1
52,1325065,633,5,182551,16084328,1333,3,2,1.0,5490414,9.0,26.2,55988,226639,33557,1
32,683890,768,2,323638,4168955,533,2,1,27.8,1288400,7.5,9.7,38414,47083,21419,0
30,476877,782,3,0,8549442,1005,3,2,10.3,1501904,5.9,6.5,10000,51580,30454,1
43,981596,723,5,190250,18902088,1565,4,3,3.7,5765657,9.3,12.7,25048,114602,90095,1
29,1043151,676,3,177527,8935248,1193,1,2,9.8,824936,5.5,4.6,35322,55407,24824,0
40,975552,850,5,466517,12192227,1161,2,2,14.7,768013,10.0,17.4,28785,154614,52678,0
48,786830,699,5,188888,13479126,1440,3,1,4.8,3671796,6.5,24.1,32673,88205,56166,0
53,658708,793,4,287351,9572333,1053,2,2,19.0,885474,8.4,26.0,33943,129023,40527,0
36,585004,638,3,158891,8657224,1003,3,3,2.3,1259777,7.2,12.3,25573,54182,34788,0
35,645627,773,6,181476,18495304,1876,4,4,3.8,5536239,6.9,13.5,12592,171487,94870,1
28,1400631,691,5,559925,16160063,1235,3,2,35.0,3426222,9.4,6.4,65764,102483,24753,0
33,409409,633,5,38792,11831037,1335,3,2,1.5,3052290,5.9,7.7,25138,167678,44859,1
39,1792623,721,4,503496,9135771,1143,2,2,4.2,1004227,7.4,15.8,75677,94061,29671,1
28,566185,848,3,20744,5331021,728,1,1,9.3,1548656,6.0,9.4,30386,61960,34451,1
62,1007151,671,3,302096,10967447,1066,1,1,7.0,3633420,10.0,40.0,42048,99201,55309,1
39,1358741,683,4,609732,14979770,1378,3,3,10.2,1816713,9.3,11.5,68947,200791,79803,0
51,895596,734,2,142515,7082973,781,1,2,6.1,1216938,9.4,22.0,26866,70861,38063,0
63,1169476,735,3,148509,7347319,869,2,2,20.6,1207927,5.8,38.2,26283,99867,19134,1
35,1021002,646,2,240307,8281025,1036,2,1,3.5,2206008,6.7,9.0,59295,107517,60846,0
58,963667,804,2,153128,4664962,892,3,3,2.3,473769,2.9,32.4,17472,53797,55222,1
31,1171178,702,3,559583,6502201,771,2,2,3.4,1265671,6.8,4.9,31229,52827,24486,0
60,702409,734,2,206879,6871783,851,2,2,28.0,1865269,6.3,40.0,34426,76050,25522,1
38,852642,639,3,78540,6842713,1106,3,2,11.6,314264,5.6,16.6,52801,65429,68276,0
64,721509,739,6,272005,13948297,1498,3,2,1.3,2100929,6.0,40.0,31735,109448,97331,0
44,1062180,696,4,98369,9196039,1176,3,2,10.4,3251814,5.7,16.2,38040,65021,52624,1
61,670544,711,4,99406,9114459,1030,3,3,9.4,651074,7.4,40.0,40087,74512,30025,0
57,967512,623,4,155145,10831874,1299,3,3,2.0,3697694,6.1,33.4,58189,114287,27462,1
26,1041220,748,4,445454,9419022,1070,3,2,11.8,1540240,5.9,0.0,27692,124890,22440,0
61,771101,780,1,371126,6724011,930,2,3,13.3,1759322,6.3,35.6,39759,46940,29603,0
46,779546,573,5,344525,13363777,1249,2,2,4.2,3008587,9.0,24.1,35478,198512,79245,0
28,1548408,671,4,413713,11434781,1048,2,2,7.5,3042173,7.5,3.2,47346,130013,47984,1
40,719277,621,5,293056,12814423,1169,2,2,3.5,4285185,7.5,13.8,30025,177415,58678,0
64,1014043,645,3,277604,7297732,967,4,3,7.6,1901018,6.6,40.0,61323,92014,24007,1
50,1106564,717,2,438648,6951954,1100,2,2,1.2,705779,4.0,26.1,52129,49110,60722,0
36,523204,709,2,269839,4062448,691,2,1,14.1,376067,5.4,6.3,29605,42657,36035,0
43,871063,699,6,46113,17159080,2064,4,3,2.9,2341079,6.3,21.1,24504,146848,88581,0
40,1050582,737,3,46928,7797836,1174,3,2,20.0,974622,4.8,18.2,37659,64998,34539,1
30,850439,659,3,321475,8197483,1015,2,3,5.1,1101259,6.5,0.0,28962,49219,51479,0
36,1475832,696,5,451470,13944339,1421,3,2,8.8,3047481,8.1,11.0,70895,99689,78904,0
30,838492,705,3,333069,7553566,1073,2,2,7.9,1418698,5.0,1.0,46766,100142,23003,0
40,1110056,672,5,384431,10635188,1235,3,2,11.0,2886436,6.6,13.9,33744,99278,56324,1
29,1564866,749,4,325514,13505954,1462,3,3,6.7,1818837,5.4,0.0,74275,151763,93662,1
43,1133674,850,6,397533,9920148,1752,4,3,6.2,3142115,3.2,20.4,53983,113860,75031,0
45,879065,662,2,323844,4102704,527,1,1,5.6,1160443,6.1,25.9,53645,61208,23033,1
50,1710718,636,2,136845,7696995,1086,2,2,15.8,491564,5.7,23.1,42817,72345,31523,1
34,930450,720,5,133721,9705236,1412,3,4,5.5,1473006,4.6,13.1,51619,67635,38460,1
45,424909,710,5,16661,17411213,1513,4,3,18.9,2393146,7.2,22.4,10000,110989,89610,0
40,852975,635,5,271538,7536298,1354,3,3,6.9,1286245,3.2,16.0,47691,87243,50995,0
29,626896,750,4,193701,7774177,1110,3,3,5.2,1420269,4.8,3.8,25850,75907,42140,0
26,1166234,722,6,571465,15441053,1506,4,4,7.0,5269823,7.2,0.0,51448,115084,51894,0
53,1307157,840,5,412269,15204801,1271,3,2,3.0,4978628,8.3,30.5,61171,213444,50192,0
26,962802,713,4,145287,9208859,767,1,1,4.7,2046965,8.4,1.5,49294,97059,20247,1
53,1537713,756,3,613089,9439218,1021,2,2,8.4,1402569,6.4,24.7,56173,120993,43036,1
48,1026941,653,5,70083,9100450,1220,3,3,2.9,788377,6.4,17.9,21159,100996,24558,1
41,601160,776,5,297805,12390566,1103,2,1,17.2,1655339,8.3,14.4,40764,191656,31683,0
35,1292891,791,3,454580,5614700,902,1,1,7.3,635658,4.2,9.0,46812,36635,57106,1
42,764610,730,4,305835,11724674,1135,3,3,5.9,2071698,9.4,19.6,15933,105206,40301,0
31,613947,726,2,177509,6790827,657,1,1,22.0,1466297,7.7,8.6,22267,78347,38225,1
43,925867,683,5,146970,11830723,1246,3,2,25.0,2180638,7.2,18.4,48669,151596,66067,0
37,1812825,682,6,849391,14375325,1671,4,4,2.7,4248967,6.3,9.0,40729,177694,34180,1
63,1097787,700,3,225298,11169763,1165,4,3,3.9,2521848,6.3,39.1,35792,163415,68316,1
45,1247507,728,4,195287,10813128,1336,2,2,11.5,1151143,5.8,22.5,46227,136291,84911,1
64,791909,769,4,270693,10998368,1369,4,3,7.0,3684974,6.2,33.8,25767,78066,37340,1
55,1059983,624,4,364082,13672500,1300,2,1,7.5,4757726,7.6,34.3,16976,91172,78027,1
51,608221,730,2,72077,4700706,738,2,2,3.8,877677,4.1,27.4,22983,50554,25547,1
42,1495485,750,2,443558,7009707,785,2,2,21.5,1171400,5.5,21.0,74318,50227,34477,1
41,1354949,717,2,59931,7570170,711,2,1,3.8,780775,5.5,20.8,53966,106067,44501,1
62,782006,739,3,255394,10030433,1284,2,2,10.6,2572697,5.4,37.4,13005,106249,34886,1
59,1376162,647,4,484537,9867167,1095,2,2,8.3,2912013,5.4,36.8,44809,128467,61939,1
54,1328407,654,4,4528,7127523,1242,3,2,12.8,1248700,2.8,31.3,40383,89849,25242,1
49,930802,631,4,59309,11049291,1148,3,2,5.1,1187652,7.3,27.3,48553,138479,64625,0
43,828788,690,4,412017,9177270,1160,3,3,17.6,2119227,6.5,13.2,22662,132938,75060,0
25,543362,777,3,124526,5803816,771,2,1,4.5,1102305,6.0,0.0,30248,88563,33598,0
26,1096503,760,5,437395,12313525,1579,4,3,1.4,4300339,6.4,1.5,53784,106574,37860,0
46,505151,728,4,26488,17629213,1456,3,3,27.6,1185142,8.4,22.7,22915,257408,78082,0
46,1094629,689,6,44114,10141733,1098,2,2,21.3,652027,7.2,20.0,36317,104670,47563,1
33,797957,641,2,139874,7550502,812,2,1,12.6,1679616,8.6,15.2,29317,55014,51103,1
37,674706,753,5,143015,10458917,1325,3,2,9.4,1534390,4.8,18.7,20465,77263,46450,0
50,835189,805,5,231716,16484145,1827,4,3,5.6,3823465,8.4,27.8,15106,246464,75071,1
33,725732,659,3,89429,7000503,1068,2,2,10.9,2037152,7.0,6.1,11509,99468,64390,1
50,922483,588,3,349420,12481037,1320,4,3,3.8,4184445,7.1,19.8,28893,85366,32251,1
57,1130132,676,2,503961,7229083,1014,2,2,4.8,2362585,6.5,29.1,37257,75546,58217,1
23,697955,721,2,253283,5974131,780,2,2,9.3,1939624,6.5,0.0,18188,73529,40522,1
41,795636,674,4,381296,9559541,983,2,2,3.5,2455733,7.0,19.9,26710,148531,25080,0
29,405166,748,6,109038,19696522,1794,4,3,4.8,1246404,10.0,7.4,10000,135163,39001,0
46,1094369,768,5,247157,8932662,1044,3,2,12.0,1314232,5.2,20.4,52878,79439,41183,0
33,790663,746,2,262778,10311352,889,2,1,10.5,2419641,8.8,10.8,36226,152296,41582,0
34,639394,791,3,96570,13550314,1097,2,1,7.6,1645860,8.6,10.8,22807,92414,67484,0
48,1229904,724,5,562786,15554868,1366,3,3,2.7,3249562,9.3,19.3,47376,177104,41837,1
46,1817944,657,4,112219,12753163,1203,2,3,5.7,3874218,6.6,18.5,41816,127816,55216,1
40,933580,782,3,335671,8593102,833,2,3,9.0,3043684,7.8,16.6,17832,55256,51157,1
53,1761076,627,5,811110,9263520,1396,3,3,8.6,2388534,5.1,24.7,59099,115699,41140,1
55,977653,697,5,110421,14746542,1311,3,1,17.3,1253300,7.5,20.7,40422,199617,49984,0
43,1298566,672,1,176426,8956886,935,3,4,8.7,2371746,9.1,21.4,45663,66202,20618,1
48,1021880,683,5,353564,10698901,1294,4,3,7.5,1506449,5.5,25.2,60309,101838,81706,0
51,464453,745,4,0,12154934,1297,3,2,1.9,3906892,8.0,32.2,10000,147934,33063,1
36,942584,685,3,115723,11171431,1071,2,1,11.3,3285932,7.7,10.4,18492,138343,27176,1
48,1407310,709,2,667916,6615597,753,2,3,7.2,1835169,6.2,23.6,73749,90791,23245,1
39,701415,595,4,0,9024900,786,2,2,18.2,1812587,9.2,19.1,27021,132207,15759,1
40,1428016,680,4,360066,12683414,1110,3,2,21.8,3333322,7.8,20.2,50578,190750,35164,0
46,953061,699,3,326673,13753287,1300,3,3,1.9,1225744,7.6,18.4,19133,152869,33970,0
37,1264064,723,4,241241,9664364,1183,3,2,8.8,1837378,5.8,13.9,42350,138157,51783,1
42,1101751,656,4,302071,10075698,1332,2,2,2.3,1379475,4.4,16.6,13529,107484,86215,1
28,1179426,713,1,319968,4477100,556,1,1,6.2,961645,6.1,6.0,57019,64564,32324,1
61,1278690,702,3,0,8969344,1004,3,2,19.4,2362820,5.1,31.5,47507,90116,36186,1
35,827897,726,4,216533,6913360,1111,2,1,5.9,2222595,4.2,12.5,41443,43358,70866,0
38,960776,790,6,130826,15845374,1534,3,2,7.4,3069991,6.5,18.1,27069,144038,58681,1
39,526447,724,3,133204,4690124,688,2,1,17.1,754959,5.3,17.0,14567,28937,17681,1
46,1017125,749,5,148986,12683246,1442,3,2,4.8,4045716,6.2,19.2,37854,103539,35266,1
40,578635,684,5,215779,9264800,1214,3,2,5.0,1512528,3.4,19.9,10121,100675,36653,0
59,681494,728,4,107352,10231004,1237,2,1,8.8,2473631,6.2,34.8,18151,67423,45296,0
28,869565,819,4,399618,5282106,943,3,2,23.2,1247558,3.7,3.1,32247,56344,31913,1
52,1276484,688,4,309945,14892499,1577,3,3,7.4,2258457,7.1,28.5,34743,165796,47583,1
29,823593,715,3,380690,8957302,1036,2,2,5.7,970724,6.9,4.3,40975,124854,57842,0
38,589654,615,3,261904,8995075,934,2,3,5.3,1796653,8.6,17.0,16564,99357,31772,0
40,932333,595,3,62372,11905699,1092,2,2,3.2,1963554,7.2,14.7,34862,169403,39638,0
37,1215405,696,2,649190,6430405,809,3,2,8.1,810877,8.5,13.5,66019,78263,44683,0
59,586456,771,4,192346,8923782,1374,3,2,6.8,2149772,3.5,40.0,29560,142240,82247,0
32,799622,753,4,252563,7647694,972,3,3,5.3,908365,6.2,6.6,35351,103271,44722,0
48,484182,698,5,135137,14075664,1520,3,2,13.3,1477580,8.9,21.3,19820,167625,51365,0
42,1325445,712,2,264707,15788920,1357,4,3,5.7,3967097,7.8,22.5,60335,216350,83887,1
57,1102659,695,4,237146,11838834,1284,2,3,1.4,3460321,7.6,33.3,39669,141088,68829,0
52,1564684,768,6,406104,11998688,1649,4,3,13.0,3477912,5.3,25.4,75318,118227,75810,1
34,832478,671,2,216701,6542583,607,1,1,9.6,1353125,7.5,14.2,29974,101499,26926,0
42,1107917,611,5,333364,13904487,1570,4,3,14.9,3428110,8.6,22.7,32761,204508,65750,1
24,1906046,657,2,509122,8359412,971,2,3,4.0,1629824,5.9,0.0,81593,111624,44612,1
24,956582,709,4,393723,6462573,882,2,1,2.3,1591317,6.6,0.0,10000,85170,44471,1
32,801885,721,5,17731,11036951,1703,4,3,7.4,2868271,4.6,16.3,28376,158294,78943,1
61,1159216,778,4,554941,7316904,1040,2,2,13.6,1548931,5.9,39.7,56685,101324,54480,1
25,1391535,734,4,739849,12876468,1504,4,4,6.4,1211497,4.8,1.6,55533,97097,39973,0
42,1487344,674,5,433836,13492482,1316,3,2,3.3,3589651,5.8,14.2,46267,162460,52821,0
61,1003206,703,4,190054,18830421,1707,3,2,8.5,3917445,7.6,40.0,37516,280462,48503,0
23,1359581,628,5,143254,15407588,1358,2,2,3.1,4035817,8.5,0.0,58301,185170,85960,1
44,557511,721,4,145770,13625376,1217,3,3,14.5,4363644,7.6,20.5,33138,165256,63741,0
52,773641,654,4,145832,10633063,1358,3,3,5.9,1431429,6.5,26.6,35673,98690,67843,0
30,827057,717,5,189732,9013299,1034,4,4,14.7,2050615,7.8,1.4,55064,139533,37446,1
43,560279,598,5,118452,11848644,1240,2,2,16.4,2543639,6.1,19.3,27663,92559,72583,0
30,545139,711,3,155985,10005084,1001,2,2,5.4,2196081,9.2,6.5,17991,81292,61044,0
58,710859,714,2,399691,9475735,821,2,3,5.8,2558419,8.3,33.5,25424,62393,37444,0
45,1240502,674,3,587395,8706623,954,2,2,3.7,1310318,6.1,21.4,46041,76703,44562,0
36,1396123,774,2,396422,4288170,506,1,1,2.2,1016763,7.5,11.4,56623,48012,13823,1
62,692016,646,2,335123,8664859,952,3,2,4.0,2336002,7.2,30.9,14237,74213,46131,0
57,562868,712,2,218612,8700191,999,2,1,6.6,980555,7.4,33.8,27557,137213,57264,0
61,399922,677,5,135650,11402732,1383,4,3,7.2,1717611,5.5,36.4,29175,114705,64440,0
50,636740,639,3,107628,8682795,970,4,2,9.5,1844571,7.0,23.6,14693,129794,60165,1
26,505228,797,4,240849,4555802,1042,2,1,25.2,1313594,2.5,6.5,10000,52820,58459,1
39,677632,658,4,148974,8461486,1197,2,1,17.9,2485586,5.3,13.6,21716,101931,65555,0
54,607817,591,4,305050,11163971,933,2,2,10.0,873159,10.0,28.6,25286,151939,25506,0
55,770618,679,1,142232,11397418,932,2,2,6.6,3898657,9.5,26.4,22198,182129,54597,1
65,1371332,638,6,595673,10963889,1389,3,2,5.5,2002482,4.2,40.0,72827,76058,89624,0
59,643635,665,4,71901,12311226,1173,3,3,4.4,2787587,7.0,30.0,14886,80832,63377,1
38,689175,653,3,265159,9039287,844,1,1,23.3,2752053,7.3,11.1,41816,123539,41086,0
26,900172,715,4,340269,8158749,1049,2,3,20.2,2190494,5.6,0.0,40747,66747,38488,0
58,1193565,662,2,462854,8789687,836,2,1,6.5,1517066,7.7,31.8,30809,108464,49459,1
31,964183,788,5,351700,17367456,1468,2,2,10.2,4639315,8.6,7.4,40120,187094,39183,0
37,990586,712,4,213599,16375873,1361,3,3,6.7,1822599,9.2,7.6,31838,164968,75895,0
45,1103825,643,2,15948,5100209,450,1,1,4.2,1612623,7.4,21.0,31482,45575,25710,1
54,765773,800,4,27112,6865744,1155,3,3,12.1,1102298,3.7,30.9,21134,102523,28011,1
57,1726527,783,4,349230,12080498,1066,2,2,2.6,4224534,8.1,26.9,77576,74345,22521,1
24,586483,655,5,13427,11241221,1347,3,2,13.9,1302058,6.7,0.0,35975,71880,28298,0
36,1465384,722,5,309245,14177384,1396,3,2,4.5,2406392,8.6,9.2,50047,94710,37743,0
25,1434593,752,6,282419,13071585,1643,3,3,10.0,3229036,6.2,0.3,37486,190485,99570,1
37,534161,729,3,101113,8637318,1207,3,3,15.8,2698973,5.8,13.7,18727,120682,53592,1
49,543609,526,6,299609,15846373,1517,4,4,13.3,1166393,4.7,21.7,19501,132437,48038,0
52,1167965,707,5,323111,9895143,1301,2,1,6.2,3400159,7.9,26.3,61499,71171,73822,1
38,606827,662,6,325781,11409033,1669,4,2,6.6,1368453,5.7,20.4,23286,92180,92044,0
45,755776,746,2,278029,4667662,634,2,2,8.8,788324,6.8,18.5,42890,61848,24092,0
51,1168599,692,5,209642,10403830,1020,2,2,7.6,2991469,8.3,20.3,47769,102451,28586,1
63,611180,840,2,54385,6095871,779,3,3,7.9,604547,5.7,38.4,15804,92237,34264,1
32,1270416,685,4,68964,11414921,1087,2,2,4.9,1504676,5.9,8.1,48474,105550,27537,0
62,824720,640,3,98848,6797965,920,3,2,8.6,1594611,5.2,36.3,34413,81371,47071,1
60,1632773,688,2,695505,4804391,735,1,2,11.1,926606,4.6,40.0,73149,70853,22932,1
64,1094342,756,4,442765,10898782,1273,3,2,7.0,1650142,6.3,40.0,45081,171200,52749,0
31,1368441,666,2,0,5887122,776,1,1,3.5,865577,4.0,6.1,76991,40258,31149,1
31,1064621,681,3,532609,6806130,814,2,3,3.4,2140393,5.4,9.1,36757,73179,32306,1
41,957405,729,3,154465,6889224,1274,2,2,11.1,698823,4.9,19.6,61684,54744,79557,1
41,464966,729,5,103389,11592275,1482,3,3,4.9,1481294,5.9,13.9,24221,82886,85061,0
53,771096,678,3,64410,8960895,1039,3,2,16.8,2171259,6.5,22.9,50397,56260,38487,0
37,492416,698,5,94424,10881077,1468,4,4,11.0,2405366,4.6,14.8,10000,142039,72044,0
64,1406166,786,4,106361,7424254,1305,3,2,8.1,1148885,4.4,35.0,57188,89310,33855,1
54,784080,694,1,84461,6073262,729,2,1,7.5,843375,7.6,28.0,27508,45583,27617,1
37,561843,735,3,240367,6995007,828,1,1,14.9,731433,5.3,12.3,24867,76727,24875,0
57,1167983,683,3,297362,9198337,1322,3,3,3.7,1506380,5.6,31.9,42203,108310,38072,1
42,1114230,781,3,423944,2996913,595,1,1,7.6,280721,3.2,17.2,19297,36384,18658,1
52,1417445,738,3,500755,7123521,1062,2,2,16.0,2319555,5.3,22.3,29025,58586,54423,1
44,1568573,608,5,442683,12779354,1442,4,3,14.2,2571681,6.8,18.6,68028,147195,73893,0
39,1681020,763,6,505585,12645889,1885,4,3,3.9,4165994,5.5,11.8,32938,90413,75837,1
39,973551,668,2,167076,7614609,846,3,2,3.3,2383215,6.3,20.1,48827,102102,32510,1
40,530338,695,4,233048,11197643,1143,2,1,9.4,2014141,6.9,17.4,17788,78797,44101,0
60,626580,604,5,141759,9253479,1238,3,2,8.6,2579418,5.1,38.3,38724,100287,51867,0
43,800056,628,1,301625,9571341,749,3,3,5.5,1594030,8.3,15.5,34952,68692,24552,0
46,561146,581,4,56722,15027801,1489,3,3,10.3,1928858,8.3,21.9,24421,219764,84117,0
35,595137,678,4,112144,16203926,1629,4,3,2.7,2879192,8.9,8.5,35882,239592,64718,0
33,924199,632,5,306097,12673034,1358,3,3,7.8,3785586,5.7,5.9,16714,178978,83135,0
32,651500,685,6,58698,21607772,1759,5,4,7.9,7551988,10.0,8.5,16528,153689,95851,1
28,1399379,746,2,376991,4214658,680,3,3,3.8,662763,5.0,3.0,90546,27236,29050,1
38,444059,766,5,52169,11801874,1219,3,2,18.5,2289395,8.1,9.7,17313,161206,72680,0
32,1424966,633,3,507407,11399964,1092,2,1,6.7,2112148,8.3,3.6,60542,146544,31937,0
31,628186,716,5,205971,6888300,1197,3,3,3.4,635465,4.3,9.2,39687,43164,41341,0
58,623475,654,2,194111,5606002,756,1,1,1.3,1400889,3.3,33.3,38730,68723,47731,0
43,583571,765,5,65128,14904053,1715,3,3,6.8,1578195,6.0,17.5,10000,162310,48672,0
56,1207036,674,3,470848,10052116,1164,1,2,8.3,1609441,4.5,34.4,64483,88760,26122,0
64,1094305,685,3,352933,12190208,1038,3,2,2.8,955184,7.8,38.5,36819,142134,50987,0
53,833995,746,3,86983,6020139,743,2,2,4.8,1054733,6.1,26.5,21699,85595,26661,1
56,1362476,605,4,267262,9966419,1062,3,2,1.0,1310789,7.6,34.9,32654,130562,38700,1
43,795641,732,3,226952,11227885,1319,3,2,13.7,2756917,5.2,17.6,44660,121846,81588,0
46,1005850,740,3,122875,4906541,650,1,2,12.3,1063974,6.7,21.2,41057,32439,24137,1
47,737401,764,3,352698,8163614,1165,3,3,14.7,2125220,4.4,19.8,54759,112698,51644,0
63,882553,653,1,111451,5125137,733,1,1,8.8,1170232,3.8,32.9,13840,66419,45484,1
26,1260105,740,6,255527,19402863,1721,4,3,6.5,6471724,8.1,1.5,47577,156635,67741,0
49,1093330,789,4,375215,8823184,1065,3,2,8.0,2764401,8.2,25.2,31133,115163,30931,1
40,1621298,699,6,363150,11445407,1738,4,3,6.0,1616721,3.1,9.8,61004,98549,79769,1
65,685191,756,2,224992,5573589,696,2,1,3.7,1039456,7.1,40.0,28077,43710,16383,1
48,685182,778,4,95763,8045571,1163,3,2,9.5,1841282,5.9,24.7,17125,70935,61252,1
55,955335,757,2,0,4917874,640,1,1,6.3,1171705,5.4,32.2,60000,66899,26754,1
56,1507753,761,4,303930,10983070,1470,3,3,1.6,2751314,3.0,23.4,77446,171612,88471,1
65,720290,692,3,121768,8413606,696,1,1,32.0,684566,8.1,40.0,25083,64908,23979,0
23,1370487,682,4,579330,8324140,951,2,1,3.4,1915001,7.8,0.0,34598,114586,57111,1
34,1321859,749,3,221419,11913754,1099,3,2,18.9,3678144,8.6,5.6,71827,113083,36353,1
26,986948,717,2,275192,7747357,1165,3,2,15.2,2366500,4.7,0.0,27649,109124,62719,1
50,1348639,784,4,57946,13585380,1194,3,2,13.2,1716598,8.9,28.0,66399,93225,67140,0
39,1436377,693,4,368222,8909600,1387,3,3,3.7,2365419,4.3,19.1,51508,114595,75863,1
45,566113,673,4,176496,12135259,1444,3,3,3.4,3610811,6.8,21.3,13368,178815,93211,1
54,572439,709,3,247308,9928915,1026,2,2,17.6,2570192,8.6,28.9,34199,130097,26861,0
52,1021593,705,5,26478,10040224,1374,2,2,2.8,1295578,4.9,28.0,45856,128062,37387,1
47,1388680,691,1,730682,9450729,958,1,1,20.1,2593435,6.7,24.3,65168,99182,38054,0
33,1173794,719,4,189337,4416254,778,2,2,1.9,744115,5.6,4.3,32951,30924,22637,1
62,393631,759,3,73702,10874848,1188,3,2,7.1,2560426,6.9,31.2,19916,75661,36992,0
49,603454,624,6,215321,14286814,1711,3,2,13.4,3673728,4.0,20.6,28068,153151,48885,1
59,621786,701,4,152280,5290325,906,2,2,2.4,1120744,5.4,31.1,14594,50825,29906,1
38,880743,717,2,139927,6672686,804,1,1,1.0,2127235,5.9,13.8,32576,68682,35965,1
63,1396620,788,5,672139,23692864,1580,3,2,11.4,2358680,9.7,40.0,25722,160816,77622,0
63,517914,721,5,244733,10688619,1321,3,2,2.7,3344642,6.0,40.0,18515,152412,60964,0
61,557493,726,3,184023,15530037,1233,2,2,21.0,5248616,9.4,37.9,19431,231554,67285,1
43,451586,738,3,155525,5727583,1088,2,2,6.3,870961,3.1,16.0,19482,35343,64849,0
65,733087,671,5,82963,15990088,1565,3,2,19.6,4769309,8.5,40.0,23132,220344,84326,0
50,1179215,757,5,285928,10419879,1427,3,3,6.1,1007196,5.5,24.8,34614,157470,73665,0
52,964075,654,6,84912,10902698,1320,3,2,10.6,2729252,6.4,25.3,25898,71444,27039,1
28,1069634,676,4,418915,8714725,942,2,2,7.7,1276106,7.1,3.4,44173,74671,48268,0
55,521935,690,5,192878,10556165,1178,3,2,13.1,3346961,6.8,26.9,17067,152098,68277,0
24,930871,671,5,287597,10049404,1362,3,3,4.9,1509987,4.4,0.0,26412,147417,41175,1
52,1036465,748,6,87727,15346232,1519,5,4,7.2,1017102,8.1,33.4,48389,208777,53106,1
32,765850,644,2,137189,4012151,666,2,2,8.9,1132541,5.7,9.3,10000,49903,38383,1
47,1114572,745,1,282387,6391685,708,2,1,21.7,1080783,7.6,16.8,40156,47916,16411,1
54,590429,606,2,71633,7955636,748,1,1,1.9,2792761,8.3,35.5,30166,112029,41812,1
30,884743,712,3,327905,6226475,915,3,2,3.6,1713096,6.4,3.9,31202,90886,19912,1
57,972494,711,4,430007,10555514,914,3,2,10.7,1304573,8.1,31.8,43107,139935,58233,0
26,718569,638,4,56967,11328701,1281,3,2,9.5,3851579,6.4,0.0,27707,137903,29613,1
30,1217088,777,5,60013,11621928,1355,3,2,12.5,1978203,6.1,1.6,64115,143477,73119,0
62,1029606,744,4,317375,10236847,1355,3,2,3.8,888791,4.6,39.3,32241,83984,39584,0
65,988330,716,4,479148,8205296,971,3,3,8.3,2828421,4.4,40.0,49467,119643,32908,0
49,513606,691,5,181355,8433530,1376,2,2,16.7,935868,5.2,26.9,10000,101249,35219,0
30,773999,651,4,82214,14668204,1379,3,2,14.5,3315796,8.9,3.8,21994,198824,52807,1
31,518542,757,4,69023,8479120,1103,2,2,5.2,736950,5.8,4.8,12023,135665,64255,0
34,636518,688,5,178394,12034151,1662,3,3,8.7,2194248,6.8,8.0,27090,133967,45684,0
41,853746,717,6,76199,13855875,1679,3,3,6.3,1991250,6.7,21.2,23890,189619,55557,0
37,636773,742,3,30930,11582595,1336,4,3,4.5,2668092,7.2,11.8,29714,162756,38571,1
27,1236841,630,6,237011,13976763,1693,3,2,5.0,4283830,7.5,5.8,36265,157418,66144,1
56,1186216,601,6,259162,17610606,1581,3,2,9.6,4859050,8.9,36.9,72199,264400,40744,0
44,737833,805,3,129505,5560192,1007,2,2,10.3,1274466,2.8,14.3,37126,69207,25770,0
40,722570,749,3,174024,7073027,940,2,2,4.7,2039081,5.6,17.0,23864,106487,49213,1
26,453528,810,4,151852,9649638,1119,3,3,23.1,2067063,5.6,9.2,10000,140327,56337,1
48,1422956,784,4,271369,13317099,1152,4,3,1.6,3613211,10.0,24.5,51428,179156,27536,1
46,742650,704,4,323284,9330024,1065,2,2,8.0,1302107,5.5,18.3,27468,68826,26393,0
50,814864,693,6,163476,17512049,1795,4,3,9.4,5610375,7.3,27.4,32226,218964,42886,0
59,569049,691,4,74263,9167892,980,1,2,1.0,843039,8.4,30.3,16040,140473,46013,0
63,972084,544,2,307108,8470914,1095,1,1,10.0,2486254,6.9,40.0,40038,65012,59854,1
43,1634704,646,4,172110,11390997,1105,3,3,13.3,3584525,6.6,18.5,100067,69204,33933,1
55,484438,784,2,75585,5772042,630,1,1,3.7,964353,6.4,31.2,28176,72190,15207,0
47,1155948,720,3,471677,13681353,1378,3,3,9.4,969536,5.1,25.8,57618,195019,56554,0
48,609653,736,4,64424,13017695,1270,3,3,5.6,4406867,8.4,25.9,10000,192208,77457,1
58,1369407,725,4,414503,10728828,1061,2,2,8.1,2233901,8.1,28.0,41820,75887,43030,1
32,742841,670,3,143766,10559522,1066,2,2,7.6,1021138,5.8,11.4,32673,108732,44506,0
58,312282,718,5,148858,18985124,1750,3,2,1.4,2339721,8.7,34.1,28542,260200,43159,0
37,644908,692,3,214516,7839428,1020,2,1,29.0,1133526,5.6,12.1,22992,87010,27437,0
39,1091766,751,4,551178,8530861,1167,3,2,11.8,2761662,7.0,14.5,49175,118786,39577,0
59,626400,742,2,180477,7706512,1001,2,1,12.7,518438,4.6,32.4,13826,92148,32750,1
60,901213,716,2,344013,6529960,1041,3,3,20.0,691473,6.5,40.0,16262,91698,37320,1
58,536640,749,5,248600,13108480,1432,3,2,7.7,3965863,7.0,35.2,13968,88396,33515,0
50,911460,736,4,57504,7785996,1263,3,2,21.0,1845674,3.7,25.1,23916,50372,53345,1
56,1669284,768,5,496717,8171120,1346,3,3,1.0,1073999,3.8,34.6,39985,80030,55492,1
25,719952,761,3,68818,7642692,870,3,2,16.1,980558,6.3,0.0,29242,58556,34663,0
56,1251489,765,3,189875,9587038,1235,3,3,8.1,2456351,6.6,29.4,56275,148629,58853,1
37,1499414,692,5,494261,10232644,1168,2,2,2.6,3240375,5.6,11.6,56676,100423,36517,1
59,1168907,804,4,295132,12523002,1150,3,3,2.3,2183499,7.1,38.9,27569,185301,55345,0
62,421727,729,5,132029,15700529,1630,4,3,9.3,4290829,7.6,40.0,23697,122929,45250,0
27,811816,666,5,314983,10319106,1460,3,3,2.0,1160234,4.4,11.8,29798,89153,48607,0
45,872917,735,2,123089,7860859,918,2,2,13.7,2591579,4.6,22.2,44711,60748,32800,1
48,946919,642,2,422290,5188021,736,2,1,5.0,642188,8.0,22.7,30035,58060,39963,0
52,1285494,716,2,305293,5698609,685,1,1,1.3,1268502,7.3,26.2,56809,68170,23053,1
27,847007,786,3,0,9816618,1093,3,2,6.1,2555844,8.2,0.0,25592,79418,64504,1
43,554738,731,5,95093,5437520,1014,2,1,10.9,1678871,4.4,12.4,23143,43220,38304,1
60,1169221,655,5,126104,10292735,1467,3,2,4.8,749019,4.6,34.4,11477,63637,34175,1
51,914407,710,2,383091,6134560,689,2,2,3.2,1914320,5.1,29.8,40540,58715,32208,0
40,780217,746,5,0,15523980,1242,3,2,4.6,4926892,8.8,11.1,37198,205622,43219,0
40,578219,770,4,102984,8136177,1303,3,2,5.8,1952739,4.3,20.3,16911,84694,65906,1
53,1035379,720,5,135189,7507087,962,1,1,7.2,2142117,3.9,32.8,40908,90613,60893,1
64,752085,672,2,157439,4420404,450,1,1,6.3,1456276,7.3,36.5,32287,36563,12628,1
37,549811,693,1,115353,7584180,822,1,1,12.5,1581784,8.6,4.0,32099,102061,20573,0
29,724900,767,1,308725,4976585,674,2,2,8.7,338489,5.0,0.0,32721,37936,25917,0
34,752798,744,6,73539,16263658,1526,3,3,5.3,3421940,9.7,8.3,41288,207552,83284,0
60,1090083,607,5,172242,9718204,1385,3,1,6.3,998902,8.5,40.0,51872,143345,61903,0
58,1000189,674,4,173789,12488153,1256,3,3,7.8,4137234,6.9,31.6,28333,190056,71608,1
39,766222,677,4,41904,9728420,1202,2,1,18.8,2651281,6.1,10.4,10000,94554,50618,1
39,1049439,710,3,468825,8694531,911,3,3,11.9,1922689,6.9,13.5,56268,88924,47655,0
34,540710,659,6,327807,6497763,1665,4,3,20.1,1503688,6.0,3.2,22948,41504,103657,0
23,864598,695,4,438829,10484822,1221,3,2,8.8,708544,6.8,0.0,31880,117377,57138,0
53,390448,657,5,67547,7631251,1442,3,2,9.5,2351401,4.6,26.1,10000,89242,68191,1
23,913452,686,3,223185,10743760,1244,3,3,3.6,2724290,5.6,0.0,49420,160314,80469,0
46,1212067,674,1,83487,4054925,450,1,1,2.7,283913,6.7,22.8,45612,57183,25066,1
37,618276,715,4,16626,13252183,1385,3,3,11.1,3456582,5.9,17.5,10000,158615,63920,1
47,1221688,754,4,260796,10332731,1205,2,2,3.0,2202142,7.2,28.8,68915,138708,33542,0
55,886890,760,3,181396,8918581,982,2,1,30.2,795502,7.8,33.0,35038,72958,63835,0
24,1096975,745,5,153260,9141077,1561,4,3,10.5,2109716,3.5,0.0,66423,72025,54766,0
59,1635362,691,2,372775,8414649,755,2,3,3.5,991473,7.0,37.8,35126,133285,26921,1
59,1334297,606,4,86832,10494660,1295,2,2,9.6,1125789,5.9,29.8,55332,133507,77234,0
42,873598,592,2,324648,7954178,793,1,1,4.4,2451669,7.4,14.7,36810,51462,39849,1
47,1006444,815,2,239814,11889770,1089,2,1,6.8,3005502,6.9,24.4,33517,73045,60485,1
44,614299,730,4,103755,8538036,1205,2,2,21.3,1745931,6.8,21.3,22145,73878,45454,1
60,858933,723,5,349843,13633311,1179,2,2,3.3,3357515,8.8,36.2,38077,161078,40020,1
53,1865988,712,4,774382,12117958,1057,3,2,7.6,2750624,8.2,23.2,93337,185441,54140,0
51,649737,646,2,60522,8606840,959,2,1,21.1,2544373,8.6,21.0,37075,97705,39812,1
60,1282349,633,5,207041,12053833,1168,3,3,2.8,2369826,6.4,34.9,72652,128424,64135,0
28,843214,738,4,45938,14144481,1378,2,1,3.8,4847334,6.5,4.9,35606,145657,52378,1
46,971766,678,5,176087,9825637,1569,4,4,18.5,1558849,4.1,17.5,27851,131995,65649,1
23,2041666,655,5,251013,9990408,968,3,2,8.9,1016038,8.3,0.0,48247,77209,57634,1
54,1556639,716,1,131471,6274969,605,2,2,8.6,1234844,7.3,33.7,86191,81092,15744,1
61,1232613,692,3,39544,10089795,1041,3,2,8.6,2180811,6.3,36.6,40078,102845,32811,1
48,957736,753,5,265288,15260166,1436,2,2,15.9,2583335,9.2,25.1,46308,141854,72802,0
34,1000850,707,6,453131,24094060,2047,5,4,5.4,5624547,8.6,16.2,48540,202916,47809,0
37,877567,717,4,385292,8406135,1117,2,1,14.6,1390144,6.6,12.8,41572,66733,30537,0
44,709268,687,3,9817,8195257,874,2,1,15.0,464180,6.4,19.1,20062,111636,48860,0
57,702958,680,3,340895,6650861,1046,3,4,7.2,829759,4.6,35.2,33947,86736,31661,0
56,723645,664,5,285848,13155569,1586,3,2,3.9,1695495,6.1,25.0,27502,121900,34576,0
48,1148894,735,1,225873,5277452,492,1,1,7.0,442956,6.3,25.0,43591,53256,10000,1
33,627636,790,3,259184,9462842,879,2,2,12.7,3147868,6.8,3.0,31663,131212,44143,0
33,1049148,697,1,205127,4368698,667,2,1,3.5,1262209,5.4,9.1,48848,46907,43221,1
65,1125648,768,4,283636,10584522,965,2,2,1.0,3524629,7.6,40.0,55584,129580,44932,0
42,840594,661,2,324651,7520974,911,2,1,17.8,1770050,6.0,17.7,48595,92101,56746,0
47,838966,715,3,340694,8572867,1204,3,2,13.3,2810937,4.7,24.5,23052,89671,56838,1
60,1248569,831,3,188649,12478330,958,2,2,7.1,4385365,10.0,35.7,48786,157754,23428,1
59,958696,734,4,357064,14335742,1258,2,2,13.2,1316303,8.8,34.9,28195,103130,61744,0
48,803837,763,2,338330,9078135,718,2,1,15.9,1927638,10.0,24.6,34658,82162,17027,0
46,795877,763,5,178274,15383164,1549,4,3,1.1,5169460,7.4,20.8,10000,210570,35951,1
53,1232272,718,5,443973,12307346,1506,4,2,2.0,3761074,6.1,28.2,38158,98482,80917,1
65,882910,783,3,240914,5901743,1163,3,2,9.9,561526,4.3,39.8,13257,55249,32329,1
46,703110,784,3,0,7123289,942,2,1,5.0,576168,4.6,28.0,27181,107917,46655,1
48,740636,718,1,176401,5532390,724,2,2,8.1,1057920,5.0,18.7,39152,49337,20219,1
30,955660,629,3,173832,11371078,1361,3,2,8.5,2401234,6.7,12.6,22197,161381,35417,1
58,985011,745,3,149791,9925065,1133,2,3,9.4,1862101,6.5,28.9,35787,140932,54535,0
37,603293,712,3,265059,11177128,1091,3,2,5.0,801985,7.0,9.0,21396,91512,60952,0
28,1115277,622,4,247400,12520449,1014,2,1,5.6,2287563,8.6,0.5,19793,158395,24782,1
23,860817,695,3,381483,10576918,953,2,2,5.6,1805916,7.5,3.9,39686,151196,36053,0
42,590233,793,5,116198,11224780,1224,4,3,3.1,3124573,6.4,18.7,10000,169528,61611,1
25,544114,662,2,21565,5967482,520,1,1,11.7,677038,7.9,3.8,29850,76420,31943,0
38,1004685,741,4,388708,12861515,1233,2,1,8.6,3328706,7.1,11.5,40781,107426,40198,0
34,999847,678,3,81689,8518831,1263,2,2,18.6,2378624,6.0,7.1,38696,94546,54899,1
32,668223,703,3,160870,9550029,1197,4,4,7.2,1757259,5.6,9.6,21075,75773,76579,0
26,510237,704,6,192273,17707165,1601,3,2,10.2,6108258,8.4,0.0,13675,262179,94444,0
26,1062626,702,5,305151,8727966,1154,2,2,4.2,648540,4.7,4.7,53759,137803,64917,0
48,689208,655,6,124584,21208695,1664,4,2,12.9,5673908,9.7,21.2,34798,332566,105963,0
49,560615,629,4,93586,10580412,1047,2,3,7.5,3196301,8.8,27.0,26818,152021,42125,0
34,867810,600,2,23330,7433997,594,1,1,9.5,2259470,9.2,9.5,44414,107137,27141,1
23,1204517,671,6,300790,15476107,1600,4,2,10.7,2761130,7.5,0.0,27911,140292,45163,0
57,591988,698,3,85509,10496709,1055,2,3,8.5,3405328,8.9,31.4,38277,77430,21844,1
27,553093,696,4,97358,9892599,1447,3,2,7.5,3313026,6.1,6.1,26731,121663,30031,1
30,1140950,780,3,520091,7851603,991,2,2,1.0,2005587,6.7,0.0,65033,56584,25110,1
45,1195983,770,5,390653,16280219,1708,3,2,1.0,5077591,7.6,16.6,42279,223106,40442,1
58,628493,778,3,292325,8962500,909,1,1,9.5,2894471,7.1,36.9,30287,96963,57068,0
31,807230,689,3,378760,7905923,854,2,3,8.5,872941,5.7,9.0,12749,113436,25161,0
62,502376,664,5,183025,8219273,1271,3,3,11.3,2226691,5.3,34.4,27222,80064,42012,0
26,1081835,715,3,201819,5535448,1152,2,2,6.2,1565899,3.4,1.8,34978,46921,25995,1
63,615484,625,3,280499,5076341,774,2,2,13.8,965390,4.3,32.9,16636,74620,20610,0
37,588089,597,3,71084,9687527,906,1,1,21.9,3058629,8.5,13.2,29073,143549,25541,1
24,646291,812,5,224196,19157276,1612,3,2,2.9,2218485,8.1,1.7,20599,134020,45260,0
51,617193,738,2,232883,7138804,686,2,2,1.0,879171,9.0,19.3,16223,69990,21443,0
30,534608,660,2,56031,7900391,915,2,2,10.6,929790,6.2,0.0,13651,60930,32402,1
34,784597,682,3,329845,12135433,1099,2,1,8.7,1837482,8.8,8.0,35995,132309,35508,0
37,1072105,649,2,474815,9508828,942,2,2,8.7,2953403,8.1,6.4,54481,136198,57460,0
46,737808,718,6,329738,15196056,1376,4,3,9.6,4169764,7.7,24.3,29508,211111,81714,0
46,783121,722,4,291717,10675337,1218,2,2,20.5,1344866,5.7,16.4,10000,152391,39614,0
38,975439,714,4,15328,11859242,1409,3,2,2.1,1601828,6.1,6.0,33235,95902,69193,0
56,1371544,688,3,288026,6641101,882,2,2,3.1,2080348,6.1,31.2,58905,62915,22604,1
46,752664,740,4,237208,9160779,1306,2,1,7.5,1152704,5.1,26.5,22227,142848,75975,0
54,707301,695,2,268079,4041680,691,1,2,14.5,957307,4.8,32.3,28107,58649,23653,1
39,706216,725,1,93566,8184318,905,1,3,4.0,1513648,5.6,14.7,30500,104475,27655,1
41,1477732,675,2,543735,7107908,927,2,2,12.6,1841522,4.2,13.1,49637,109127,24445,1
24,1444462,755,3,258866,8376624,998,1,2,13.0,1308735,5.7,0.0,26397,54130,34621,1
63,441905,644,3,8322,7679961,1082,2,1,1.0,1009886,5.2,36.6,34380,79585,53174,0
58,997038,620,3,220728,10601427,1219,2,2,12.4,1927391,9.0,34.5,35340,155928,26537,1
38,766115,552,4,168533,12493494,1066,3,2,6.8,4222617,10.0,20.7,37440,118549,61060,1
24,792158,649,3,112857,8418884,1248,3,2,12.0,2039187,5.0,0.0,10000,85460,25741,1
55,1235720,653,4,574306,16222991,1226,2,2,11.5,1261650,7.9,28.7,60033,145664,44880,0
26,350758,695,3,0,4451553,746,1,2,8.9,1299221,3.5,5.8,22613,54641,30218,0
48,887806,674,6,157737,14440797,1690,4,4,5.1,3138573,7.8,26.9,18861,155093,73990,1
56,874132,677,6,400654,21283641,1656,4,3,23.3,3088496,10.0,31.9,53299,257720,101323,0
42,1653915,722,4,365645,8670819,1148,2,2,5.7,2254165,4.6,24.5,97661,68818,41712,1
39,1253924,719,3,456461,5199120,887,1,1,7.0,915960,4.0,14.6,32897,75332,36163,1
32,563708,739,3,193259,10773969,1047,2,2,2.7,1299992,7.1,7.3,20679,125896,26700,0
43,592095,701,2,165852,6309075,913,2,2,13.1,1919471,6.8,11.4,28510,85302,19680,1
57,332619,700,4,118281,6969484,1017,2,2,12.8,562338,6.1,33.4,15033,79018,41882,0
26,989175,682,6,388298,12922826,1450,3,3,16.5,2344082,6.3,2.4,51305,134617,39626,0
48,714461,680,5,247834,9574737,1442,3,2,4.6,3142697,4.1,24.8,48371,119734,43435,0
44,511238,777,2,261289,11262737,1025,2,2,5.5,3074478,6.1,14.4,15465,148607,56746,0
30,981900,813,5,388174,14858303,1532,4,3,17.7,1277850,6.2,2.8,32331,93901,89561,0
27,499382,692,4,274521,9828977,1192,3,3,14.0,2618815,5.4,0.0,10000,98722,35444,0
54,849156,711,4,31650,3309336,1324,4,3,3.2,99289,1.0,30.5,14192,45757,74945,1
24,738867,648,4,242994,9405084,1235,3,3,16.6,2179268,6.0,0.0,28775,101524,31707,0
61,909022,716,5,430027,22605640,1821,4,4,17.1,2518977,8.9,35.1,32332,163409,105880,0
61,806456,642,2,14974,6238377,650,2,1,17.6,971300,7.9,38.6,31069,49208,14436,1
48,1484109,701,5,623771,17045189,1668,3,2,13.8,1940392,10.0,20.4,69225,210262,85748,0
44,881699,674,4,237680,15463627,1350,3,3,29.3,5393909,8.4,16.7,47551,206322,85438,0
40,798181,700,5,349562,9957185,1623,4,3,11.7,2129187,4.8,14.3,37832,112440,65444,0
52,783300,706,4,319305,8026407,1242,3,3,9.7,908018,4.3,19.8,30819,72064,60995,0
58,970425,667,3,383175,7199900,967,2,3,9.7,675612,5.7,35.2,26972,98450,61442,0
39,764453,826,3,41156,11112565,1052,3,2,6.1,1261874,7.5,17.2,23589,141595,63975,1
27,682364,723,5,266611,10799435,1217,4,3,5.9,1489434,5.6,5.2,26810,66290,58020,0
31,916285,750,3,352011,10904281,1390,4,3,8.9,1785146,4.7,5.7,29280,99946,42195,0
59,1044888,793,5,403281,8837374,1186,2,2,10.0,995740,4.9,36.0,18219,76680,73539,0
52,485461,694,3,218016,8561508,954,1,2,6.7,2267767,5.9,23.2,29602,121601,28170,0
48,1103722,673,4,367235,15800710,1374,4,3,1.0,3349581,7.1,22.3,34087,107076,60635,0
50,1054756,738,2,219578,6725560,730,2,1,6.9,1840072,7.0,23.8,33320,45715,47298,1
36,1403015,698,4,666053,11240929,1411,4,3,3.2,1019985,6.8,12.4,56838,155870,73379,0
64,715876,711,4,185206,12489134,1111,3,3,7.2,4052502,5.5,39.2,20445,102446,22749,0
52,746818,669,4,171847,14994805,1327,3,2,7.3,2651606,9.3,26.5,24536,135401,66382,0
64,591076,633,5,211890,14745841,1587,2,1,8.9,3982315,5.8,40.0,19578,224892,58660,0
34,1581386,681,4,632921,9396594,1017,2,2,24.1,847277,6.4,4.0,56494,124950,32862,0
54,927542,805,6,100170,14623654,1426,4,3,9.1,4330248,7.9,33.1,31851,216092,85734,1
52,656998,752,1,226253,5094841,735,1,1,6.8,952007,5.5,34.7,26599,54876,34907,1
55,1790706,677,4,495113,11153127,1252,3,2,7.4,2071717,5.7,26.2,82346,145308,64683,0
33,361815,670,3,139602,7812748,818,1,1,5.9,1898763,6.2,2.6,20127,49714,38703,0
59,748731,697,5,294036,10849233,1408,4,4,9.4,1051190,5.6,35.7,33133,139467,62871,0
60,567391,798,3,111840,8255398,906,3,3,4.3,2285023,7.0,39.6,24864,68296,53089,1
54,642041,726,2,224177,6575530,650,2,2,10.6,1599156,8.9,31.8,18167,50307,18352,1
26,1358557,685,3,122289,7628944,1160,3,2,1.8,1876733,5.2,8.7,52895,112694,63651,1
23,1165126,783,5,376099,10972328,1360,4,4,9.1,1048977,6.7,0.0,50165,170611,58123,0
33,2165722,669,3,511560,8359881,1364,3,3,9.6,1041140,5.8,5.7,53375,66426,42730,1
42,1192753,688,4,553346,9275044,1048,3,3,24.7,2286205,6.7,18.2,39316,89115,44317,0
45,1541586,737,2,91511,7034332,842,2,1,3.9,648368,6.0,24.8,82255,99505,33267,1
60,480556,695,4,110576,12021605,1343,3,2,15.3,1207530,7.2,34.1,23692,104079,45825,0
32,1099372,752,5,323961,11382482,1161,4,2,9.8,1273167,6.0,11.2,25317,137973,60855,0
59,531050,700,3,241778,8908751,930,2,1,5.0,1918869,7.6,37.5,20870,142100,41369,0
53,1486255,812,2,584243,6141929,767,2,2,12.5,1678762,5.3,27.8,48670,79086,24352,1
65,717760,714,3,104728,7426218,1183,3,2,15.2,2439278,6.0,40.0,23741,64559,54568,1
55,1427294,742,3,193827,6084028,932,2,2,20.2,560035,4.3,33.3,47606,51139,30054,1
65,947193,771,3,132408,12353541,1226,2,2,3.3,2208785,7.3,40.0,23038,103607,45878,1
36,722063,647,5,213937,11993742,1330,3,2,13.6,1153049,7.9,13.3,26398,98915,72536,0
47,743504,700,3,0,3925738,685,1,1,14.1,381896,4.5,19.3,45077,55151,23529,1
27,795905,742,4,230134,8687854,902,1,1,11.6,1832416,6.8,2.5,32040,113544,24261,0
53,1379994,694,4,550952,8038102,911,2,2,29.0,1180416,6.0,25.7,72559,101749,50257,0
41,528770,689,2,169098,9815820,984,2,2,4.6,3129152,7.1,8.9,21826,105388,41879,0
55,1162297,708,4,555940,13273968,1224,3,3,9.1,4083862,7.5,24.6,44994,121244,69423,0
35,1016263,652,5,56713,16503415,1540,3,2,18.0,1284437,7.1,8.0,61184,215582,71533,0
30,1289230,665,4,656499,8896524,968,1,1,17.8,617948,7.7,1.7,58362,59302,54749,0
30,665070,749,4,86304,12529769,1419,4,2,3.5,3655337,7.6,0.8,34036,105216,56731,1
39,885377,731,5,173594,11646441,1432,3,2,8.1,841504,6.8,14.6,41817,100175,64836,0
29,895309,661,4,217223,8328698,912,2,2,4.8,2745083,3.5,1.5,32481,117522,28618,1
43,909941,687,4,296733,15694745,1342,4,4,5.8,2999331,9.8,18.3,50735,128527,34501,0
26,1477559,695,3,456153,8864840,1100,1,2,8.0,2382279,5.7,3.0,37177,118277,65282,1
64,640093,656,3,40799,11598376,987,1,1,4.0,4051918,8.6,40.0,35890,142001,32213,1
55,1218964,615,5,253370,10015712,1132,4,3,11.5,1973187,6.1,31.6,56121,101539,56186,0
56,1092289,790,3,66876,11090363,1163,3,3,10.2,3860448,7.0,36.8,34260,169771,30464,1
51,1515559,814,2,197012,9598416,863,2,3,5.2,2802940,8.7,26.7,60835,121490,19584,1
59,588358,722,4,43947,10683812,1040,3,3,3.6,1586951,7.4,38.9,28577,87902,50310,0
63,714203,760,3,273246,7227299,653,2,2,16.5,720420,7.9,36.6,39957,83307,41211,0
29,1084012,723,5,222316,11100761,1469,3,3,10.1,3308374,5.5,4.7,58896,134675,67437,1
47,518812,618,4,76286,14007614,1517,3,2,5.7,2680422,7.9,18.5,14010,164574,92763,1
58,805952,817,4,162103,11149036,1074,2,2,11.9,2301190,7.9,32.5,41589,125882,31971,0
47,638068,790,3,182127,10858690,1023,2,2,9.6,3521567,6.3,18.2,37950,130397,54392,0
43,925749,721,3,69450,7126602,946,1,1,22.4,1711263,8.1,17.4,64709,59597,39141,1
45,627427,775,5,3049,10886813,1193,3,2,8.8,2366705,4.9,18.6,35522,113350,48484,1
53,1119749,733,5,600123,5216017,1392,4,4,14.1,1591901,1.9,31.6,62999,55443,30307,0
42,827505,726,3,191497,11561101,1257,3,3,20.9,2360352,5.5,14.2,39073,157447,78330,0
53,995831,686,6,318911,15105177,1921,4,2,1.8,4874195,7.9,31.0,23419,208416,83293,1
24,733573,682,5,210921,13361243,1494,3,3,3.5,1222614,5.6,4.0,16648,105627,73839,0
53,478165,715,4,5767,11957321,1426,3,3,3.6,3309911,5.8,29.6,10987,145752,79389,1
59,607190,701,3,37953,6137035,983,2,1,3.8,249658,4.1,33.7,25972,53271,53774,0
29,715457,618,4,218850,10748189,1351,3,3,9.3,2139497,5.9,3.5,22843,130673,48365,0
41,664249,738,3,0,5594824,929,2,1,2.4,1395081,4.9,17.5,28156,44050,34770,1
48,583932,607,4,258384,9168332,834,2,1,8.4,2054912,7.8,27.1,15789,122320,40473,0
37,829241,696,4,107402,9662659,1297,2,2,13.4,3117925,4.8,10.7,39865,86710,60140,1
59,790568,678,5,77630,10690700,1177,3,2,7.8,1262962,6.8,40.0,39219,158177,36590,0
51,979234,679,5,193074,15008109,1542,3,2,15.9,4792612,8.8,21.7,40965,125540,52850,1
38,1138535,763,5,217354,13703283,1527,4,2,10.5,4259237,6.8,11.8,58495,155258,80612,1
50,553718,777,4,150518,12577495,1312,1,1,2.5,3461463,7.8,23.9,11824,170022,66083,1
50,916999,697,2,76200,5866566,591,2,3,4.7,691301,5.0,31.0,23867,57211,24640,1
37,811334,634,4,181211,9471564,1179,2,2,1.0,878325,3.8,6.9,37622,137375,30564,0
60,1017332,756,2,147930,7772235,681,1,2,8.7,1901869,9.5,34.7,56775,67307,27522,1
34,756454,612,4,206726,10828549,1234,3,2,14.0,3171998,6.0,6.1,41206,80535,51690,0
41,509550,665,2,222636,5687800,624,1,1,2.9,1501385,6.1,13.6,13748,87051,36969,0
55,652814,716,5,135685,10041280,1449,4,3,9.5,1252602,5.3,29.5,28167,101066,48191,0
52,1253043,767,4,80626,6594305,1168,3,2,27.0,1907283,2.1,25.6,29244,67796,37449,1
59,710121,704,2,307990,9512602,1103,2,2,4.3,1556408,6.9,38.9,25623,115288,64798,0
56,578371,660,3,125170,8701635,806,3,3,1.3,1484942,8.3,28.3,10000,93360,29806,1
64,1576860,749,5,542555,15655736,1380,4,4,5.6,4427071,8.2,33.5,88431,222782,74454,0
41,823825,606,2,360420,4835344,755,1,1,16.4,1612984,4.0,14.0,34827,40198,38177,0
62,873006,708,4,105240,9690579,1250,3,3,7.5,3031664,4.5,36.4,12819,152810,40399,1
39,513817,714,3,204912,10476325,1164,3,3,17.8,3553299,5.7,11.7,32138,123786,74206,0
38,1268329,717,3,311103,10780235,964,2,1,26.2,1742756,10.0,16.9,63796,160054,52364,0
38,1029296,633,3,134191,10497932,1031,2,2,9.5,1024450,7.7,14.2,36607,151292,65353,1
45,573859,762,5,0,13816870,1366,2,3,18.1,3354487,8.2,22.8,16290,107720,43758,1
23,1176464,793,3,97670,9615342,1042,2,2,4.5,1633282,5.9,1.1,56686,71661,53790,1
52,1119471,649,3,136524,4756895,915,2,2,8.1,776538,2.4,32.3,30517,36327,32305,1
47,856074,683,3,199371,7457467,738,1,1,22.1,2391724,6.0,22.8,43277,78766,43922,1
41,673932,773,2,158157,7655122,938,2,2,1.8,1013601,5.6,20.3,16772,56089,46973,1
44,753659,726,5,227376,13892450,1418,2,2,5.9,2868196,8.5,19.6,42531,176905,57881,0
35,720492,769,5,81331,8766196,1323,3,2,16.0,2234902,5.4,4.0,36225,138152,63556,1
27,1634199,595,2,396807,12278041,819,2,1,7.1,2583047,8.4,3.0,45654,178861,37694,1
25,910232,670,5,155416,7240565,1399,3,2,3.2,1526439,3.6,4.6,46448,96687,38370,0
45,884333,674,3,227420,7292009,1067,3,2,6.5,913712,5.8,11.6,21796,115031,42287,0
44,1090288,742,5,253713,16160869,1431,3,2,16.2,1254513,7.8,20.9,53158,216594,57434,0
35,431319,638,4,34056,15075434,1320,2,1,4.1,2185812,7.4,4.9,10000,173028,38277,0
46,763560,668,3,353379,7977380,882,2,2,16.4,735099,6.8,23.6,33991,50709,24378,0
56,1236319,666,4,12912,8165287,923,2,2,3.1,440197,5.1,31.7,26886,112556,20395,1
60,580011,671,4,52926,12134500,1167,2,2,8.1,2075573,6.5,40.0,19606,171454,64449,1
54,968762,662,5,262960,8547411,1103,3,2,10.2,1831891,4.0,34.8,53265,101880,49509,0
28,462626,734,3,34033,7749455,1266,3,2,3.9,592789,4.3,8.4,28532,85786,37571,0
63,1012596,764,3,233391,6908821,1069,2,2,5.1,1097805,5.2,39.5,57633,49838,47601,1
44,743498,642,5,290955,10429009,1198,3,2,22.8,2571763,6.8,21.8,36063,90031,29393,0
43,1314653,778,3,378664,13345063,1106,3,2,2.7,3176380,9.1,18.7,77473,129444,34119,0
44,531895,672,5,43994,13452092,1303,2,2,11.5,1191155,7.6,14.7,24211,109672,26106,0
23,1339247,729,4,117807,13085579,1522,2,3,2.4,3415465,4.6,0.0,39463,84913,96999,1
53,1783422,677,5,404969,10483465,1357,3,3,6.0,766028,7.0,33.8,70036,129996,30264,1
26,1503875,663,4,164129,9526947,1120,3,3,6.7,2963098,5.5,0.6,32832,86026,55716,1
36,455142,686,3,0,9603256,1152,1,1,3.5,1401586,6.4,14.5,21933,63571,66930,0
29,2055287,823,3,679837,5103165,673,2,2,6.6,1720179,3.3,2.6,97396,61598,39972,1
41,896917,719,4,285449,10015297,1057,3,1,6.8,2687232,6.9,19.4,23765,108713,21255,1
61,773583,654,1,134652,7450744,698,2,2,3.3,2575630,8.2,40.0,38307,86573,38293,1
41,796947,617,2,288838,11035516,815,3,3,3.2,1121561,9.2,18.3,36385,158006,51231,0
23,876767,665,3,157335,7515257,803,1,2,3.3,1051730,4.8,0.0,34231,114849,46944,1
50,848210,743,4,215716,6901948,1050,2,1,15.0,1518146,4.3,22.2,29102,58406,67943,1
34,608926,750,4,0,13877378,1224,3,1,7.8,4526828,9.5,14.7,36486,155834,69731,1
50,1538724,652,4,77594,10936392,1266,4,3,19.7,2508665,6.8,25.0,58950,92054,63020,1
58,853828,650,1,336015,6923334,639,2,1,6.1,1947581,8.4,34.5,11254,62338,19425,1
46,905739,741,3,348321,6392659,1289,2,2,3.4,605714,3.9,26.8,34698,101446,70025,0
64,1006797,807,4,298765,11897514,1206,2,1,6.7,2124729,7.5,39.7,34263,74955,31982,0
48,647519,722,3,300264,6297428,905,2,1,1.7,901026,4.6,19.8,21536,56936,39263,0
62,843642,630,3,149272,11241506,1065,3,1,23.4,1471066,7.7,36.6,38581,179263,43618,0
37,488734,717,5,243877,7808846,1185,3,2,2.1,1550927,4.8,14.6,23351,48018,53940,0
25,931114,768,4,329000,10595189,1166,2,3,2.5,1992356,6.7,0.0,35541,138232,28827,0
26,665423,733,6,35124,11216478,1391,4,2,15.3,2509707,5.5,0.0,42373,124078,85986,0
57,819761,732,5,82329,15607703,1420,4,2,6.7,2499078,10.0,29.5,45081,129665,29193,0
49,748304,729,2,296365,3309955,615,1,2,5.4,556464,4.5,25.3,42434,23715,24707,1
29,737188,850,5,332281,14522384,1495,3,3,8.1,1680788,7.2,0.5,10000,224845,47965,0
55,1228646,772,4,114569,13910956,1193,3,2,5.4,790744,7.4,25.2,52992,121607,70102,0
46,951994,760,6,240894,18591152,1542,3,2,6.0,2794358,9.5,22.8,17057,129018,50105,0
46,539868,624,3,192130,5559343,894,2,2,11.5,807620,3.2,21.9,23340,78529,54953,0
46,1215337,775,5,269531,11024721,1218,4,2,4.0,3919418,6.4,20.7,54486,166547,33659,0
33,725675,768,2,253309,7394959,964,3,2,4.3,1754791,8.0,5.9,35593,55880,47448,0
65,916719,748,6,128956,18571155,1452,3,3,7.7,2388750,9.2,38.0,17973,290724,57007,0
49,1099269,716,4,123913,6566278,662,2,2,1.4,1667840,6.9,19.7,23001,46147,23506,1
38,645666,783,3,92513,7343534,1090,3,2,6.5,1642893,4.3,11.7,27064,51299,23083,1
48,712258,696,5,84052,10694123,1431,3,1,22.4,1774305,5.3,27.3,22300,127859,58275,1
65,931631,614,4,421901,10062526,1109,1,1,3.3,2374829,8.5,40.0,11532,120595,44494,1
25,957376,668,5,178811,8924138,1261,3,2,12.3,1737444,5.8,0.4,33983,107885,71988,1
35,748642,597,3,404421,8669732,1014,2,1,2.3,1212913,7.5,8.1,31243,122078,40535,0
31,556667,693,2,78711,10442153,1124,2,1,19.7,2980795,7.5,4.1,14290,157072,50541,1
63,580610,696,5,33462,12908975,1392,4,3,10.5,1651474,5.1,34.5,29511,182067,51966,0
25,1082852,733,3,158467,5629253,753,3,2,18.9,961781,5.0,4.1,37746,74598,47196,1
33,2368681,724,4,518427,13401494,1230,3,2,4.7,3886156,9.3,7.6,70472,202624,34308,1
34,1033937,659,3,293530,7976565,948,1,1,13.1,1620907,6.6,5.6,36760,78883,40652,1
41,489396,674,4,247155,9984985,1134,3,2,5.0,1536935,6.1,19.1,34088,122800,50902,0
25,1043349,668,3,259710,11478431,1063,3,3,7.6,3522731,6.3,1.3,38777,82448,50580,1
26,838896,693,3,207011,7944794,888,3,1,14.8,2712602,6.2,3.3,52549,90101,26729,0
33,572504,688,2,43763,11189340,1200,3,2,7.6,2896298,7.0,6.7,21493,146517,26659,1
58,983201,670,2,212634,9557986,892,3,2,3.0,718562,8.4,36.9,24412,67804,32488,0
62,685579,746,4,36869,10305685,1340,3,2,1.9,1638961,6.6,35.5,19433,121109,75821,1
58,1045986,697,1,123659,8696932,988,3,2,8.8,1374143,6.3,32.5,31619,117803,29778,1
31,561906,726,3,181939,3791053,812,1,1,13.6,355201,2.6,10.2,20337,46050,43076,0
55,957526,776,2,236781,6330373,753,1,2,10.8,1061694,5.1,24.9,62256,57808,32791,1
47,1245857,634,5,368532,17254782,1558,3,2,7.0,4815807,7.3,25.8,44443,221453,69305,0
40,1453315,673,5,361870,16026140,1675,4,3,10.3,2017422,6.5,17.9,62991,248651,43181,1
39,1312129,742,4,13343,15462136,1314,2,1,4.3,4123530,7.9,19.3,23786,151089,38790,1
28,505009,704,6,99340,14709658,1397,2,1,8.2,2033890,8.0,0.0,25240,108195,29894,0
60,691214,725,3,46284,6645369,941,2,1,5.9,764019,3.9,38.4,30984,84270,47597,0
55,747934,707,3,218456,6672274,957,3,3,1.0,1691662,4.1,25.1,25123,42422,44454,0
26,714328,734,4,347672,14749782,1209,2,2,12.2,2234743,8.4,2.0,10998,158308,29312,0
64,726001,645,3,263177,5707079,838,2,2,4.0,1215297,4.4,39.0,14710,76655,43156,0
34,759971,801,4,91663,7190562,1104,2,2,7.3,731645,3.0,4.5,24604,87500,68613,1
23,1170314,666,4,49052,7561118,915,2,2,1.1,2314725,7.0,0.0,46385,58948,50817,1
47,957330,706,4,81207,8850093,967,2,3,12.9,1633651,8.3,24.2,50294,54992,27157,1
33,1716657,717,4,113706,11167094,1207,2,1,12.6,3780858,6.4,9.5,86510,160823,67099,1
51,462658,790,4,37356,7303090,1124,3,2,15.8,637495,5.2,27.9,15457,93672,31746,0
51,1268132,718,2,346631,8660171,1104,2,2,4.4,1889948,4.9,25.4,31916,67500,55381,1
48,816132,604,5,290838,12204994,1451,3,3,12.4,2706876,5.4,25.0,28417,134468,37413,0
35,796707,645,2,123277,7350861,1027,3,3,9.0,1082012,4.7,11.8,27173,79340,65293,1
32,1150946,725,3,39340,7323792,1047,2,2,18.4,1099639,5.4,0.0,61959,48954,56016,1
24,1052385,717,6,288011,16446837,1469,4,2,3.8,2267990,9.3,0.0,62076,128089,30071,0
44,1025222,728,2,226623,10513491,842,2,2,18.8,1335050,9.0,21.0,37112,73173,42580,0
48,616033,738,1,107956,7376734,798,2,1,7.7,1766150,7.5,18.2,18574,51616,37564,1
64,969261,558,1,6838,6507259,641,2,2,8.2,758978,6.6,35.2,39777,99045,38500,1
42,1058094,637,5,91345,14774139,1396,2,1,14.1,4029002,8.3,19.7,29056,150583,71313,1
58,1356534,689,4,412213,5340702,844,3,3,5.6,988512,4.9,33.3,58614,63799,38087,1
53,1414290,676,2,581427,7720056,947,1,1,6.3,651620,8.2,26.7,33106,90667,40366,1
31,941830,694,2,203797,7607663,932,2,2,5.7,1315096,5.3,5.5,33862,56579,19252,0
53,519315,736,4,201869,10205392,1220,2,2,7.4,1180925,6.7,28.0,35500,75702,58250,0
55,1136183,727,4,453125,12040804,1323,3,3,21.9,1467687,6.6,27.3,39533,114249,29877,0
29,684984,721,2,210781,5072691,746,3,3,7.6,275525,2.8,0.9,30525,67948,31043,1
35,563706,674,3,198398,9608443,892,2,2,4.5,1690062,8.9,7.7,10600,129966,33946,0
47,1014266,703,5,539411,12420601,1359,3,2,2.7,2661165,6.1,19.2,51743,183126,48941,0
56,673774,636,5,242201,10599248,1120,2,1,5.1,1155537,7.5,26.0,45683,90207,26957,0
38,926057,784,5,353670,9546839,1308,3,2,7.2,1977651,5.8,13.7,54627,126388,50811,0
61,918647,699,4,51564,17035521,1496,3,2,4.0,3629359,9.0,34.2,54308,172355,61843,0
55,679363,638,4,52504,11181606,1197,3,3,7.1,1623572,4.5,26.2,26775,93665,59618,0
45,925722,847,3,359045,4143576,640,2,3,11.5,271316,6.1,23.5,24063,55118,31781,1
28,815567,647,4,218676,12131947,1359,3,2,8.8,2568770,7.1,1.9,22161,138110,55169,0
44,1044499,706,4,440173,9888713,1330,3,3,13.7,2714747,5.2,18.2,26935,98707,60904,1
47,1813782,732,3,735759,7821982,1092,3,2,2.7,1094987,5.5,25.4,55569,112587,61478,1
54,394839,678,3,101374,6632363,743,1,2,10.7,636518,8.3,31.7,25792,60343,29164,0
29,714543,716,4,328601,8916282,1047,2,2,22.2,1335964,5.7,0.0,10000,102457,59593,0
48,631280,586,4,211316,9653881,1375,3,1,9.6,1453939,3.1,18.4,27321,133678,47369,0
41,912672,807,3,134226,8139003,936,1,2,6.8,2347488,5.5,17.8,50612,122202,28957,1
64,930768,751,4,155543,6020889,1171,2,2,10.8,909169,3.6,40.0,26041,51494,54867,1
43,1375216,710,4,168164,11412404,1592,3,2,6.8,3554860,5.2,14.6,45106,159985,73611,1
43,628238,634,3,117144,13319714,1121,2,1,10.3,3168450,9.1,23.4,39247,130397,52122,0
49,1468137,728,4,564805,10806860,1314,3,3,1.4,1713793,6.6,27.3,38261,75818,65336,0
48,799885,841,4,223918,9797232,1203,3,2,13.0,1686278,5.1,24.7,29097,84029,63502,1
54,938577,718,4,239195,17695234,1502,3,3,5.4,4544256,7.3,29.2,45629,162561,60273,0
35,683023,711,4,209623,17927314,1377,2,2,8.1,1590462,10.0,14.1,32125,249622,87682,0
53,1942824,744,2,269998,7333005,894,2,1,5.6,1398142,6.9,33.8,87462,96465,21540,1
29,754663,711,3,283054,10093912,1259,2,2,9.2,2657983,6.0,12.2,23614,76024,54249,1
53,871837,643,2,104006,5386994,854,1,1,3.6,328473,5.5,25.9,40587,76345,26084,1
37,1297949,817,5,586362,10524275,1190,3,2,3.3,3357855,7.0,6.3,64189,94478,46344,0
55,1149395,701,3,295216,6353683,828,2,2,9.4,1047281,5.9,33.8,41922,100300,25097,1
47,1071242,722,2,255234,8329911,885,2,2,21.1,578054,8.4,18.8,60058,126885,19956,0
28,1145096,677,3,404095,14600945,1255,3,2,4.8,3254071,8.6,10.1,30441,188200,62318,1
25,930105,689,2,320904,10128771,835,1,1,20.6,1823576,8.9,0.7,36527,132756,26071,0
54,384168,678,3,34912,6864463,1051,2,2,24.6,758984,4.7,26.4,13926,67229,41949,0
23,934540,725,3,63388,11633020,1083,2,2,23.3,2005142,8.8,0.7,14062,76433,51441,1
37,635636,609,5,277332,13421508,1375,4,2,16.9,4570605,6.4,14.1,36164,196171,48935,0
36,657251,669,6,186476,13837345,1427,3,2,3.4,2863578,6.5,1.7,24167,95264,83616,0
31,2269261,714,4,488975,7948109,1257,2,2,15.8,2423001,3.3,2.2,85056,82885,69241,1
31,768652,708,2,382694,10257094,1242,3,2,5.1,3457246,6.0,5.1,18397,82778,31716,1
34,756818,673,5,249163,13953164,1433,2,1,5.8,4340282,6.4,6.1,16038,214549,51461,1
41,1076473,764,3,293045,8472873,926,2,1,15.3,2151270,7.2,19.4,19503,61146,41384,1
28,512612,721,6,196849,10680840,1423,3,3,6.9,3016870,5.1,9.4,37740,133962,31477,0
61,1108971,718,1,404694,7128897,953,2,1,5.0,2001015,4.5,37.3,25378,72114,42296,1
29,1369153,723,2,600454,7027041,838,2,1,7.7,1666211,5.8,1.2,53190,110502,47021,1
43,1168157,650,3,414703,9212329,894,1,1,11.8,2519609,7.3,21.7,57538,106869,48501,1
38,603905,673,2,221754,6145257,769,2,1,9.3,1117523,6.1,10.9,35067,97034,31917,0
37,928469,776,4,276170,8404004,1146,2,2,4.1,956971,4.4,10.6,54647,125986,69719,0
52,579913,706,4,194204,11189882,1285,3,2,12.1,3116407,7.1,20.0,22094,119776,44877,0
40,456247,674,4,232573,12028412,1366,3,3,10.2,4237069,7.4,20.3,23011,177963,42574,0
45,908034,736,5,261480,13495732,1373,3,3,22.9,4533959,6.7,16.7,39162,193589,36003,0
42,1025668,762,4,228222,15748444,1551,3,2,4.8,1172669,8.9,13.6,28470,103614,61930,0
32,488686,718,5,133763,11971609,1654,4,3,13.1,1424190,4.2,13.8,12578,186595,67659,0
31,1602432,777,5,420567,4970679,917,1,1,7.1,923740,2.5,8.6,40460,59820,42542,1
40,766930,651,3,64958,4777468,695,1,1,11.9,1062225,3.4,14.0,48895,38420,44935,1
30,883341,757,2,362152,10821526,862,2,2,3.2,757831,9.0,6.3,41612,153542,29678,0
65,933696,727,4,395211,10426667,1108,3,3,3.6,3395421,7.1,38.5,49337,68988,62105,0
42,1248544,775,3,263717,8137103,960,2,2,4.7,703054,4.7,14.8,23699,50202,39904,1
58,712013,749,3,47061,10019872,1353,3,2,13.5,1577286,6.0,35.4,23669,63325,58988,1
58,1307660,759,3,258080,8082629,991,3,2,11.0,1122960,6.3,34.4,44983,91020,32846,0
25,840477,705,4,324637,7887385,1412,4,3,2.1,2674211,5.2,4.2,30305,108591,72974,1
25,970470,594,2,299450,9158444,886,3,2,5.7,2090615,8.5,1.4,17345,66121,42973,1
51,720659,713,6,44915,15236348,1301,2,2,7.4,5119568,10.0,22.7,15981,186813,48759,1
52,693008,755,2,0,6991218,795,2,3,2.1,525702,6.1,29.6,21477,76067,51406,1
25,1411189,680,4,577774,13879789,1531,4,3,7.1,2021651,5.5,2.6,31858,186481,55085,0
50,1670364,695,3,611477,4763445,836,2,1,1.0,851241,5.0,18.0,44490,54163,49188,1
35,1061931,771,5,191747,14407090,1680,4,3,13.5,1335968,6.0,14.1,28104,106524,99518,0
55,1035067,749,5,64947,10604334,1442,4,4,20.1,1969764,5.2,25.6,52653,165659,61806,0
35,876635,775,3,34826,4473143,1012,2,1,3.9,392821,3.7,9.2,36173,45527,49447,1
44,501758,668,2,104250,3479964,932,1,1,5.5,568325,2.6,15.3,36012,32810,22169,0
23,658229,748,2,291086,4866543,613,1,1,6.2,1518350,6.4,0.0,35665,55760,29957,0
65,802299,673,5,174495,13803501,1490,3,2,4.4,1033184,6.3,40.0,15498,121817,51985,0
33,583818,797,4,163720,10905966,1198,4,3,14.9,3042903,6.2,2.6,31471,76928,43682,0
47,829062,745,5,277188,11083008,1425,5,4,6.9,1891750,4.7,22.3,20490,101578,39193,0
63,680686,721,4,201592,7982011,1138,3,3,5.6,1345917,4.5,34.4,18793,66824,53292,0
43,765269,707,6,125916,14173929,1752,4,2,11.4,3102487,8.1,20.5,29207,172707,88152,1
60,741731,749,3,150407,6297179,859,2,1,10.3,2312733,6.4,30.7,10616,51651,38776,1
38,1228349,617,4,216431,15612391,1480,3,3,11.0,1365556,8.7,13.7,46332,185234,57808,0
33,1022006,751,3,342009,9469215,858,2,1,1.0,1220648,7.5,2.1,19333,77539,39374,1
44,1510711,778,5,428793,12983496,1205,2,2,5.8,944382,8.3,22.2,74460,206583,72786,0
46,478293,591,4,104920,9821558,1218,2,1,3.1,2895827,7.6,25.3,24078,135606,53877,0
46,1056247,634,4,449985,5515313,632,2,1,2.5,1252984,3.7,18.9,41549,62816,33212,0
46,904668,673,4,147769,14629471,1535,4,3,3.7,1968129,7.4,24.4,30715,231312,78097,0
29,994365,614,3,290774,4597956,1260,2,2,2.2,956914,2.9,3.5,26995,45710,40840,1
42,1208401,687,1,349985,3975312,619,2,2,8.8,1273319,5.0,18.2,68405,62419,24557,1
29,822018,623,4,160689,7678320,920,2,2,7.4,1482638,5.9,3.9,33112,120585,50629,1
35,627439,676,3,83528,11661766,1109,2,3,3.5,1342525,7.9,5.2,24257,148418,47282,0
55,969123,653,5,376319,15848637,1299,3,3,5.5,2165695,9.3,36.1,53854,217594,71424,0
42,745809,685,6,147182,16217271,1502,3,3,5.4,2856570,6.5,17.2,36668,204256,41146,0
50,708989,661,3,300303,10133756,990,3,4,1.7,1556812,8.9,25.6,35874,142714,33827,0
26,650416,720,5,113214,13454191,1269,3,2,14.0,2591215,7.9,3.8,15391,126575,40225,0
64,796040,682,4,159748,11508262,1281,3,2,10.6,3224312,5.5,35.9,36878,113964,27558,0
51,746379,627,5,2796,11324855,1114,3,3,17.2,3411402,7.0,25.2,33582,99661,53534,1
45,542799,664,5,131693,11632861,1402,3,4,19.9,2732400,6.1,25.3,11153,72522,80587,1
38,282844,714,4,84589,8017110,1190,3,3,14.7,353326,4.5,12.0,14268,93362,62729,0
49,874903,718,4,154744,13463225,1313,4,3,3.4,2716362,5.5,21.5,30523,142262,63582,0
46,731290,624,1,30792,6266984,582,1,1,33.1,2008967,8.1,22.6,33822,98946,15371,1
49,634868,659,3,108262,6913686,955,2,2,9.0,1889312,3.9,23.0,30012,83834,56683,0
60,1231901,709,5,217914,11177446,1345,4,3,1.6,1983378,5.4,40.0,64614,167209,70418,0
41,1425324,688,2,369052,7686516,829,3,2,2.8,749439,5.3,16.5,43547,119383,49614,1
24,807772,713,5,302841,11635209,1322,3,2,5.7,2510053,6.1,1.5,29320,146502,64328,1
32,817162,686,6,357047,11360202,1430,4,4,14.1,628053,5.7,12.7,27879,106713,31833,0
31,631113,717,5,215419,9404646,1204,3,3,5.8,1804613,4.9,5.2,13989,92289,62566,0
34,906835,791,4,267666,15375794,1383,3,3,7.3,2546767,10.0,12.6,32456,125921,87161,0
33,977005,700,5,483149,12329538,1377,3,2,3.9,3575855,7.5,10.5,58121,116700,56927,0
27,1150796,728,4,144596,13306920,1385,2,2,11.6,1715748,6.6,0.0,38871,122711,48498,1
42,611386,675,6,182383,6907869,1571,3,2,2.0,348113,4.4,16.4,10000,86809,61085,0
37,883503,633,5,420638,10622072,1253,2,2,11.0,3090511,4.7,11.6,39604,110572,53147,0
51,868895,684,5,345220,10255446,1419,2,2,4.3,2420033,4.9,25.2,27087,107978,75858,0
42,701275,594,3,281615,6909888,982,2,1,12.5,580001,6.6,21.3,33913,49441,34796,0
53,931792,739,6,325670,16795451,1549,3,3,11.6,4741399,8.9,31.6,32113,160973,75879,0
47,826672,723,5,99519,15021530,1662,4,3,8.0,2165947,5.9,19.8,25303,111247,74714,0
26,620978,765,3,212863,10692707,1285,3,2,19.5,2162727,6.1,0.5,24015,64994,82541,0
58,616185,659,5,179766,11400488,1371,3,2,9.0,3824933,5.5,30.7,17239,166789,57085,1
41,680017,706,5,279511,6068777,1105,3,2,7.6,1062471,2.9,18.8,32013,72955,60514,0
30,1427575,742,6,63426,15710510,1418,3,3,14.9,4999895,8.1,4.5,49157,179001,29047,1
63,597001,628,2,48279,5168644,517,1,1,2.7,607966,6.3,37.2,29022,54200,20149,0
50,862084,689,5,64169,12672774,1391,4,3,27.9,1753343,9.1,28.8,21051,88370,33705,1
52,1061957,667,3,155507,6386669,940,3,3,3.0,522321,5.9,22.3,41223,42465,59068,1
46,2042304,671,4,258510,9240167,1135,2,2,13.0,2759644,4.8,26.6,69874,85619,37730,1
47,825470,615,3,211435,11432485,1128,3,2,7.6,3372315,7.4,23.5,47297,178614,32924,0
26,532736,777,4,25375,6805096,1268,3,3,17.8,1779240,2.1,0.0,37484,40855,74279,1
32,862613,762,6,102326,13586904,1670,3,3,3.7,3349989,5.9,4.0,22828,95473,40625,1
44,491979,658,5,189721,10174543,1243,3,2,8.6,790065,6.9,19.2,20555,93655,49845,0
24,666907,584,4,108887,12881371,1277,2,2,9.5,3252365,6.7,1.1,25322,113737,36357,1
27,596640,850,4,48650,8060367,1095,3,3,4.7,1417152,6.6,2.0,16228,117547,54043,1
29,908137,738,5,174539,13131353,1710,4,4,4.8,2481200,5.0,4.5,54376,98916,66612,0
55,1285378,717,5,349942,8896329,1221,3,2,4.0,2308645,6.0,27.2,49519,100556,57171,1
25,635429,785,3,116009,11193109,953,2,3,6.3,1837712,8.0,0.0,43500,149533,28309,0
29,857088,693,3,261601,4235864,1242,3,2,8.0,1332515,2.9,2.8,18211,37254,80300,1
51,1260319,648,3,312444,11692903,952,3,2,1.3,1888212,9.3,22.3,42603,103832,23400,0
43,714494,704,4,83162,11847125,1253,3,3,17.4,3350028,8.4,17.5,33019,112355,78242,1
42,787155,772,5,363463,3530749,1150,3,2,6.1,333814,3.4,18.2,42922,28620,37557,0
46,1477659,637,6,534551,10820401,1727,4,4,14.1,3143699,3.6,29.0,45806,93400,104919,1
28,660705,667,3,221094,12657088,1323,5,4,15.4,4176712,6.5,4.8,26930,199329,40562,0
39,714333,662,5,144755,16645948,1494,3,2,6.6,5627776,6.8,16.2,32734,195916,82580,0
40,428194,702,2,188714,5369341,663,1,1,5.5,673372,7.3,16.7,13419,74152,24823,0
52,1435710,724,4,432146,5156705,1185,2,2,1.5,1551191,2.4,20.1,75507,49215,42896,1
51,1228852,629,3,407843,10421292,948,2,2,3.5,1214803,6.9,27.4,69524,136444,53875,0
48,724283,687,5,120091,13590019,1404,3,2,1.4,3368855,6.8,21.1,34484,107717,85724,0
65,728987,686,5,323943,15221706,1438,3,2,15.0,2774839,9.3,40.0,39518,116454,37000,0
33,736273,637,1,208537,9640718,1011,3,3,20.2,2676008,7.7,12.2,18888,97519,55733,1
52,753857,752,5,0,7745645,1166,2,2,27.9,1148483,3.6,28.9,45069,48640,58994,0
27,549568,799,5,95956,11744533,1134,2,1,2.6,975368,6.6,8.9,17618,156676,34543,0
30,517629,761,3,160361,7918762,1005,2,1,3.6,958907,7.3,2.7,37564,52112,39986,0
49,444794,735,3,68239,8709148,1068,2,2,8.2,1933743,4.6,29.0,26553,102384,66628,0
39,390822,755,3,183748,8963696,919,2,2,9.7,2436720,8.1,15.8,10000,57090,31387,0
44,1476736,643,3,619370,11937111,1238,4,4,6.8,1977068,7.7,18.8,59728,137091,36325,0
35,1203088,710,4,512908,14443795,1270,3,3,5.5,4796225,7.4,5.7,43106,169566,38947,0
39,1843568,637,4,756262,11898957,1246,3,3,9.7,1189607,7.5,10.1,53974,181228,42775,0
61,1667192,693,3,154534,8389084,976,1,1,4.4,2582402,7.8,31.2,41281,65840,59827,1
52,867620,650,1,364510,3604679,450,2,2,13.9,964147,4.8,31.0,21670,32616,14438,1
53,755448,710,2,109326,7088161,909,2,1,1.4,1416947,5.1,31.1,28385,99886,21045,1
37,645286,601,3,227095,7558500,900,3,3,5.0,1468738,6.7,10.0,27371,70546,54118,0
56,665796,704,5,0,15702251,1620,3,2,2.2,2131907,7.4,29.4,34653,241444,75136,0
39,844534,750,3,32351,9754332,963,2,2,15.8,985371,9.0,15.9,30308,144377,42291,1
39,1078157,808,3,52263,8613119,1096,3,2,1.6,522395,6.5,15.2,62531,53399,47639,0
28,800241,749,2,350626,3572415,568,1,1,2.7,429004,5.2,6.4,25315,44608,30306,1
49,1174307,752,5,194382,13320881,1442,3,2,10.5,4115925,6.9,21.0,38666,84537,38631,1
60,2166680,622,3,828579,8482761,937,2,2,8.3,1726601,7.1,34.1,35738,109700,29739,1
31,627715,688,2,206532,7883390,786,1,1,9.0,2046052,7.6,4.7,32605,113076,20123,0
61,488137,743,4,133097,14978627,1387,3,2,15.7,2713023,9.6,40.0,22663,121844,57961,0
59,616419,658,5,232980,12509243,1640,4,3,14.6,789135,7.1,34.6,37110,143405,70030,0
34,1036712,723,6,305517,14411951,1347,4,2,10.5,2272328,8.8,13.1,61359,155559,47961,0
39,755384,666,2,350586,9314983,841,2,2,6.9,2734849,7.9,14.3,10293,131180,42086,0
23,504383,621,3,120818,8385512,979,2,1,11.0,1075961,6.7,0.0,32113,118628,27040,0
37,525043,639,1,258706,5456528,508,1,1,19.5,1060630,7.5,13.5,15815,63472,26618,0
26,444378,696,4,50570,9167182,1071,2,2,10.5,2754289,7.2,2.1,10000,144059,33752,1
32,516152,678,1,97646,7484426,790,2,2,14.5,573109,10.0,3.5,21623,66627,42607,0
42,596706,702,5,210854,10681983,1479,3,3,20.4,2073776,4.7,19.9,21479,64998,49076,0
53,835674,726,5,277066,12811683,1325,3,2,10.1,3852796,6.0,28.3,19482,172754,62267,1
65,838888,670,4,44797,7548514,1034,3,3,2.1,2168921,5.2,40.0,17588,63053,40250,1
58,1066564,731,2,457431,5728520,625,1,2,5.5,671201,6.4,35.0,42080,74223,28665,0
48,818020,683,5,407630,7370988,1249,2,2,1.6,1643982,4.5,25.6,22299,107558,52578,0
48,1504442,682,3,376331,13460856,1371,3,2,15.2,1097133,5.9,19.5,36484,172020,64700,0
30,662359,645,4,0,13225972,1365,3,3,2.2,4313769,6.1,6.0,26525,191989,62433,1
37,1771229,568,5,386305,10467387,1216,3,3,9.6,803903,5.9,10.9,79762,127475,25189,1
29,1492346,754,5,518984,12324543,1425,1,1,5.7,3081349,7.9,9.5,56261,132107,73576,0
63,1135203,683,5,38162,13239228,1244,3,3,7.2,3898640,8.6,39.6,40330,138074,49403,1
34,965554,696,4,297235,11738092,1252,2,2,18.9,2889073,7.2,5.9,41691,133055,57365,0
38,1160782,786,3,135794,7345649,740,2,2,3.2,1412140,7.2,19.0,53763,57523,28512,1
24,1014647,737,3,105982,9805985,1077,2,2,4.0,1845175,8.2,2.0,50273,85493,49273,1
51,724669,765,6,199033,12615939,1501,4,3,3.4,3794727,6.4,25.9,37104,141247,72899,1
53,726191,711,2,235402,3837363,773,2,3,13.5,1217272,2.3,26.3,21161,59207,36740,1
59,587712,729,4,78075,10243932,1428,3,3,17.2,1138748,5.4,31.6,36422,97062,62459,0
61,893814,686,2,194508,9207889,884,3,2,6.4,1194097,6.4,38.9,44177,87532,22661,0
51,597982,744,5,137844,13110297,1565,3,2,12.4,1051280,4.6,23.5,35195,130727,77998,0
58,1860179,780,4,357513,16241316,1397,3,2,5.7,4644328,8.4,35.0,79629,181933,67931,1
52,674961,646,2,227958,5282751,1009,1,1,10.9,549912,2.4,30.9,37438,33200,43040,0
46,961770,834,4,434408,13425590,1280,3,3,9.7,4638149,10.0,16.7,21569,191476,71154,0
35,524685,692,2,128406,7597694,934,1,1,8.7,1538132,5.6,14.0,12924,76423,59309,1
54,534892,699,4,130091,9945219,1220,3,2,25.2,2897854,5.9,33.6,18039,73696,72175,0
31,983974,661,3,11131,7412112,874,2,2,2.2,787931,6.2,3.4,54885,77299,38190,0
45,1232814,693,4,557615,7162084,1092,2,2,2.7,1300458,3.2,27.6,59925,99453,22643,0
52,1504812,690,2,63885,10322915,1019,2,2,7.6,3379169,7.4,33.2,69635,164998,39636,1
51,1581286,590,4,625127,10725056,1115,3,3,6.6,3175911,6.2,24.1,61845,135096,71736,0
31,954407,655,4,288838,12808450,1371,3,2,4.4,4485984,5.8,8.1,20742,101539,88393,1
62,696934,731,1,42343,4631589,809,2,2,12.6,301229,4.2,38.4,20567,73816,49359,1
62,801488,711,2,313209,7474754,1012,2,1,6.4,1078848,4.8,39.5,23821,96877,35215,0
28,1637918,828,5,731510,14120073,1707,3,2,8.0,1425189,4.3,6.7,64039,112075,53071,0
52,603683,768,6,59951,13816885,1701,4,2,1.0,3553634,7.5,25.8,31607,162274,65589,0
27,1017738,672,3,95131,10117122,1142,4,3,8.3,905910,5.9,2.0,24858,68799,35224,1
39,1055498,704,2,189096,6138942,913,1,1,8.3,1769283,5.6,19.3,38495,72025,25177,1
27,700261,758,5,327532,12715093,1068,4,2,1.6,1496833,9.3,0.0,19348,157856,32162,0
65,733090,785,3,382881,6832260,976,2,3,4.4,2254800,3.9,37.5,35380,87910,19774,1
38,552865,715,4,27745,9775903,1241,3,3,1.9,2022725,5.6,19.1,26630,119178,40760,0
39,821935,709,1,394173,5924129,612,1,1,7.6,777500,6.4,10.1,42005,79481,24040,0
24,838890,559,4,59121,8142226,1281,4,3,9.4,1597608,6.1,0.3,37677,62896,63195,1
41,418871,661,3,117613,14952865,1270,3,3,3.1,5175912,8.0,13.9,14325,178506,69376,1
35,638624,628,5,187153,11954897,1414,4,3,20.2,2197466,6.0,11.5,10000,117845,79876,0
53,495108,633,3,239273,8319068,886,4,4,22.0,1599155,8.9,31.1,32044,107303,22106,0
42,831382,738,3,185151,5703211,758,1,1,2.1,1472492,6.8,18.4,37584,44831,38521,1
46,1018748,744,1,350934,8677383,890,2,2,19.4,2228952,6.6,23.7,39307,62586,36038,1
52,1366113,604,3,293932,6646314,1094,2,1,17.9,1182446,5.2,29.1,58407,73660,48308,1
26,1268456,676,4,343892,9394469,1163,3,4,12.7,2746647,4.3,0.0,29801,110388,64651,1
56,709617,680,2,282304,10599343,1062,1,1,4.4,3305400,7.2,33.5,37916,132868,68932,0
53,1196694,635,3,573398,11334720,916,3,3,7.1,2139345,10.0,28.8,42357,79834,54093,0
47,973977,727,3,257542,7753991,740,1,1,1.0,2326994,7.8,22.4,30612,102125,26181,1
35,1135655,606,3,106176,13101693,1118,3,3,9.1,4049522,8.6,19.9,29622,129808,34271,1
27,609660,728,5,245889,15038821,1458,3,3,9.3,3795895,7.4,2.0,36750,192483,66915,0
60,720596,686,4,286467,8946400,1238,3,2,6.7,843959,5.0,31.0,16025,61023,48888,0
41,1024250,654,2,241325,5677187,712,2,2,6.6,859859,7.0,15.0,33948,39581,30021,1
49,785148,635,4,104694,13329392,1565,4,3,3.2,4648526,5.5,20.7,31779,91689,62853,1
53,821589,629,3,241831,5278253,941,2,1,9.9,509570,5.4,31.9,18012,58201,53472,0
49,897244,675,6,215705,13211813,1480,3,3,4.7,2191056,5.5,28.9,47860,154528,86600,0
26,1021006,714,3,330955,8099932,975,2,1,18.6,1446916,5.8,4.8,18606,92520,40757,1
65,1219031,772,2,408671,6886585,956,2,1,12.3,1543566,5.6,40.0,51409,71903,46257,1
58,497623,734,3,113056,8238578,792,1,2,3.8,2080426,6.9,36.3,14950,80870,44489,1
44,1582148,699,1,246560,5860570,657,1,1,10.6,2302515,7.0,18.9,85072,46103,37638,1
45,1026262,764,4,410439,12840359,1439,3,3,3.7,2686359,4.9,19.0,19741,82131,55466,0
40,1458650,816,4,616748,14508343,1277,2,1,5.9,4209546,8.7,14.3,49737,207107,54094,0
38,1297886,809,3,206194,12316560,1101,2,1,14.2,4170880,9.4,18.0,20922,166910,37258,1
38,664559,622,3,308601,8195289,948,3,2,11.1,2458965,4.7,12.6,14093,64185,26248,0
57,1426704,595,2,101318,4990272,683,2,1,5.9,421315,4.2,29.2,38198,32903,31132,1
53,1005696,791,4,302396,5265936,754,1,1,17.8,1105718,6.7,28.6,42790,47979,39594,1
42,1096394,708,3,254362,6519415,972,3,2,1.0,1803562,5.6,18.9,72989,58088,41049,1
42,1028364,721,2,131470,5143314,530,1,2,5.5,463824,6.7,20.4,44798,62366,31090,1
41,1120698,782,4,71373,9534653,1289,3,2,4.7,3350998,4.6,19.0,41737,150908,46837,1
32,961216,630,4,379615,11823710,1596,3,1,12.3,1703848,4.3,4.0,52322,86594,76845,0
59,1134547,769,4,161227,9114658,1177,3,2,2.6,3009911,4.8,40.0,39340,144098,58182,1
52,801969,718,4,28282,10813855,1117,2,2,9.3,1820026,5.7,28.9,25748,104952,54419,1
61,558359,790,2,151730,9551017,1056,2,1,10.0,1947332,7.8,40.0,28582,118393,64644,0
31,1301340,587,4,191759,12618119,1258,3,2,5.8,2061162,6.8,3.1,62162,145926,70179,1
60,743987,792,4,422159,15719893,1602,4,4,8.7,1952020,8.2,34.4,41904,136720,66886,0
58,812833,713,5,211475,12411296,1556,3,2,17.9,1634395,4.8,29.9,19116,190920,32735,0
37,514382,725,4,120338,7058683,1173,3,3,5.8,334244,5.6,18.2,23903,43530,44558,0
63,708432,732,5,176738,9863712,980,3,2,4.4,1445062,6.3,37.3,38843,116078,55814,0
29,1117529,801,6,478429,11034591,1436,4,3,9.4,1597140,6.9,6.5,20779,123237,86585,0
30,1014260,705,4,110212,12738251,1374,3,2,7.6,3027813,5.5,5.4,39649,191995,87097,1
56,814472,737,5,304450,12804800,1541,4,3,5.7,3263436,5.7,33.3,48030,181111,64315,0
62,1000878,729,4,497913,9925029,865,2,1,4.6,3101979,8.0,40.0,48735,117009,42814,0
43,996306,693,4,123022,6842983,1292,2,2,1.4,2309483,4.5,10.9,22606,46643,67504,1
64,709091,785,4,274294,9848927,1210,3,3,16.9,1085231,5.4,40.0,29553,150150,52417,0
46,429769,840,5,84235,9798534,1265,3,3,2.4,3195039,4.5,23.3,12165,61396,38788,1
46,875141,741,3,153958,7436961,1151,2,1,7.8,2556938,5.1,25.8,23670,104872,60864,1
37,937529,740,3,34816,7233177,1070,3,3,11.5,1540069,4.2,11.3,46926,43738,41181,0
28,576205,643,3,255730,6068751,756,1,2,3.6,715904,6.8,4.1,19562,84452,46109,0
43,475912,698,3,72225,9044034,1078,2,1,8.2,2964812,7.2,20.8,20904,131845,32167,1
62,1102509,735,3,410028,6510267,748,2,2,8.7,2130068,5.5,40.0,52312,75542,36608,1
61,1031875,699,2,330569,6221678,688,2,2,12.2,1394966,6.6,35.3,25048,39756,27418,1
28,1240302,695,3,293407,10909723,865,2,3,16.6,2626534,9.1,5.5,39646,118156,34491,1
55,440784,734,5,194158,10299345,1271,3,3,1.6,605451,6.8,27.5,30596,115498,29407,0
34,1256281,785,4,352402,9349147,977,2,2,2.7,1354759,5.7,11.0,35750,67799,61249,0
44,399460,710,4,23754,7010581,631,1,1,21.2,2310454,7.6,17.2,10781,47845,31866,1
48,1013405,590,4,459080,12060885,1308,4,4,14.8,2788086,7.9,20.8,30900,172515,49942,0
50,1218286,706,3,233777,15207735,1130,2,2,22.1,3758126,10.0,28.5,51250,157169,66555,0
43,716887,762,1,294590,4321014,491,1,1,8.2,513925,6.2,15.7,20735,57684,24256,1
37,769451,761,2,0,9793285,1100,3,3,11.8,1944391,8.1,7.7,21772,91602,63642,1
28,1071089,662,4,170210,13236171,1495,3,2,7.3,2891552,5.2,4.0,28326,83775,41035,1
59,534027,758,4,156406,17810723,1467,3,2,5.5,2149998,8.0,34.2,15410,171547,54055,0
53,2211675,771,3,79546,8745549,931,2,2,5.1,1785546,5.5,24.6,55751,110937,58775,1
53,579264,755,3,0,10850332,1333,3,3,8.5,2844654,6.6,32.3,22181,78914,41439,1
27,1070647,656,4,497636,12589302,1265,2,2,14.4,2372024,8.0,0.0,47597,137622,45768,0
51,1035390,671,2,163177,8949362,827,2,2,9.8,3041582,10.0,19.4,59806,108120,49534,1
60,938998,738,3,315201,7596795,768,1,1,1.0,742158,7.9,34.1,47991,74376,19802,0
50,2043739,672,5,634746,14219488,1617,4,4,6.4,3965099,7.3,26.0,63979,136195,78529,1
61,887838,790,4,415650,11132750,1536,3,3,12.3,3665373,5.8,38.0,34262,74753,74556,1
36,874158,760,1,0,3021998,450,1,1,8.8,796727,6.6,15.0,41466,44783,15256,1
52,511525,762,6,0,9232827,1095,2,2,8.6,593074,5.7,25.6,34235,142618,24812,0
23,869488,710,5,220588,7626491,1214,2,2,9.6,1643369,4.2,3.6,38031,114219,55938,1
52,530391,689,2,78775,4734107,821,1,1,3.9,905280,5.7,23.8,14404,55982,20855,1
58,596559,711,4,238071,11294956,1184,3,3,8.3,1739612,7.9,31.1,44893,179808,28750,0
61,616726,672,2,236747,4287803,640,2,1,35.0,890133,5.3,37.2,20133,57648,15995,0
36,818846,776,3,333282,8753970,1214,2,2,16.9,2729523,5.0,6.6,10000,138255,44205,1
65,643034,660,3,285909,4773997,1101,2,1,6.5,1297953,3.3,40.0,16921,38683,71326,1
34,539893,579,3,0,7026886,1103,3,3,6.7,732967,4.8,17.2,15100,65508,33046,1
51,980523,693,5,370422,9303165,1362,3,3,7.9,2729803,6.6,28.1,39642,56862,58236,0
34,748934,666,4,323592,10859827,1092,3,3,6.2,2130254,6.7,4.3,16848,100958,23701,0
33,896345,759,4,79415,15405413,1501,3,3,2.6,2641313,6.2,11.9,47368,237210,84725,0
50,1394597,725,5,217234,20466524,1623,4,3,16.5,6200605,9.8,30.6,62379,270327,80234,0
31,1134344,585,5,538500,12504364,1537,3,3,12.4,3715789,3.9,2.8,51776,138515,99109,0
32,500169,774,5,68273,16123852,1647,5,4,3.3,4205483,7.7,12.0,17481,155663,98417,1
62,576526,675,6,233614,11717515,1195,2,2,11.6,3613231,6.7,30.9,17868,96351,30329,0
31,1142507,774,4,374253,10081342,1078,2,2,7.6,1034355,6.8,6.2,56667,87972,62937,0
45,1630316,614,4,729503,7443547,1072,2,2,13.8,1877750,4.4,18.5,76955,102846,67305,1
43,1570776,719,6,290373,10596830,1402,3,2,4.8,2153640,6.3,20.1,66553,106290,89837,1
54,1350364,689,3,330287,7060763,832,1,2,8.2,1806598,6.3,35.2,79247,79082,22108,1
53,1065323,763,5,134388,16294719,1511,4,3,13.4,3386735,6.7,29.0,38484,243944,67926,1
42,719852,751,3,140057,8006955,1005,2,3,7.8,2583129,5.8,20.4,21804,67734,43609,1
55,1045201,760,4,71729,8058904,1176,3,2,17.2,2197148,5.6,34.8,46413,98270,42633,1
64,1008684,755,2,121335,6840913,998,2,2,6.3,746722,5.1,36.6,40856,68441,62670,1
52,724377,759,1,235778,7457773,834,2,2,4.7,1551474,6.8,27.0,24963,110341,36057,1
24,403465,741,4,82908,14814610,1471,3,3,1.1,4831673,9.6,0.0,21376,133683,73100,0
53,459581,729,6,93480,9512533,1428,3,2,8.4,2386820,5.8,29.6,10000,131386,61775,1
23,399765,765,4,81536,8879420,1032,2,2,1.9,2674472,6.9,3.4,24921,89315,44045,0
50,536047,778,4,128083,8134565,1074,2,2,16.4,740314,4.9,23.1,34252,90400,44291,0
36,715516,670,3,152088,9146683,991,2,2,5.9,1631209,6.8,7.7,10000,131323,49703,1
62,1306406,596,4,365130,13211252,1353,2,2,13.7,3743487,7.1,40.0,40710,208518,50033,1
62,1038669,727,3,407748,8167538,914,2,1,2.3,2404937,5.3,40.0,18909,90386,30328,1
46,1076051,801,3,530545,12875319,1451,4,3,7.1,3834590,4.6,15.4,41082,113720,76698,1
26,747230,676,6,283168,15935194,1624,4,4,4.7,2517866,6.0,1.9,24554,106072,61838,0
57,553843,675,4,140622,12879957,1226,4,4,12.0,2102388,9.2,36.7,20377,197322,46672,0
52,834265,721,4,100767,7057977,690,1,1,1.4,1446100,7.1,31.5,42623,111786,36835,1
51,1030483,654,6,39822,20048902,2135,4,3,3.7,4978537,9.0,26.8,30810,237028,116379,1
32,1012252,702,4,143291,10774950,1661,4,3,2.5,3693309,5.4,7.4,43955,75139,74214,1
24,775690,737,5,250617,11507363,1253,2,2,12.5,926976,5.8,0.0,43714,79625,34871,0
52,972347,665,5,323472,14744477,1636,3,3,3.6,3143064,5.5,31.5,31029,99379,34943,0
36,632937,834,2,122202,10194531,1015,3,2,6.8,1618969,7.4,7.9,28064,119207,23474,0
34,914363,658,3,261574,10444821,942,2,2,11.9,3302385,8.9,14.1,13217,104963,40708,1
36,1129183,718,3,452333,12409914,1159,2,2,4.9,4244572,8.3,9.2,52921,177172,59356,0
28,1123287,734,4,462375,13588656,1050,2,2,4.1,3543897,10.0,3.8,54166,86639,59456,1
41,793452,656,5,360359,9508866,1365,3,2,10.7,769230,4.4,18.4,52829,124071,72540,0
25,650968,729,4,155827,13135440,1302,2,1,6.8,2861006,7.5,0.0,35767,93546,61948,0
28,1511470,677,4,240093,7120735,867,2,3,4.9,1252557,5.0,7.4,79291,54123,27831,1
36,1178775,768,3,589558,8245988,863,2,2,5.4,2761224,5.9,12.3,29156,98017,20722,1
46,738513,803,4,259797,5756276,832,1,1,6.2,251536,5.6,27.4,17467,58420,39160,0
28,1093425,578,4,64653,3073043,1120,2,1,6.4,623225,2.0,1.3,24973,37164,59596,1
42,847835,723,2,30397,9995466,994,2,2,2.1,626480,5.6,17.7,52015,130507,54241,0
43,1050616,667,6,239282,11452125,1194,2,2,3.1,2348450,7.1,12.2,61641,171518,68547,0
30,1283510,751,4,108716,9716917,1360,4,4,23.8,2456082,4.6,9.5,50463,61681,66578,1
50,731248,728,3,394683,5915012,884,2,2,6.0,331202,4.8,28.5,16925,48932,54474,0
51,519634,706,6,304245,7137102,1075,3,2,7.7,1109738,4.5,30.8,30817,111808,59188,0
40,692539,700,4,282905,10753417,1056,2,2,1.4,1352700,5.5,11.7,28567,156925,36279,0
28,734711,665,4,180818,7166889,1392,3,1,1.3,516746,5.5,0.0,33626,72841,44340,0
31,409674,683,3,25649,9148965,985,3,3,9.5,1142160,6.7,8.5,10000,136249,36631,1
45,761796,714,1,279687,3614206,450,1,1,25.2,276989,7.9,19.0,21687,30837,12231,1
59,447512,731,5,264010,9926552,1106,2,2,5.7,2426246,5.5,38.4,30418,114721,48716,0
46,1218124,723,3,113859,6853606,1026,3,3,17.9,1077929,6.1,22.0,73179,64546,24499,0
45,568342,753,4,282206,9699622,982,3,2,8.6,3031327,6.0,25.4,18853,97918,59882,0
56,768148,606,3,122730,6170948,681,1,1,17.0,784201,7.7,28.7,39057,40095,22775,1
53,1869804,683,4,422225,10387787,1202,3,3,10.5,3467036,6.1,25.7,48474,78488,70582,1
34,1164313,701,2,128816,9019969,1006,2,2,3.2,2784974,8.0,9.6,41475,70027,47591,1
60,492956,728,4,87322,15276697,1499,4,3,1.5,3438844,7.4,35.7,13715,212067,73889,1
31,1218455,701,5,287093,16659473,1619,2,2,4.3,3483905,6.6,12.4,57062,167545,55818,0
42,920174,738,2,187066,9323464,961,2,1,10.3,2515011,6.6,20.8,56726,136909,24098,0
51,1582126,742,3,667434,9811430,885,2,1,13.8,1048303,7.0,24.9,41649,90325,36440,0
52,1168250,728,5,323629,11464118,1165,2,2,9.0,2851220,5.7,33.4,35772,141850,43374,1
61,661506,695,4,183381,9560695,1009,2,1,4.5,1902562,6.8,40.0,27744,61212,45665,0
28,576419,689,4,190264,11613112,948,2,1,11.1,534533,9.8,0.0,25607,95056,45820,0
49,1209954,602,1,224450,9083079,853,2,2,5.2,2273100,7.0,23.2,70660,63125,21541,1
31,368248,722,3,48648,10797464,1022,2,2,14.7,1654996,9.9,6.0,32703,99606,30459,0
55,926855,621,4,247325,6738480,1119,2,2,1.4,1996191,5.3,32.4,41205,48028,23127,0
65,787274,674,3,151945,14766503,1231,3,2,9.7,3694809,8.7,39.6,37646,116525,71725,1
30,945596,850,5,432867,11839056,1230,3,3,35.0,3780608,6.5,2.7,23864,187077,25978,1
65,599670,765,3,37001,10277927,850,1,1,2.1,3066112,8.4,40.0,20121,124691,53378,1
58,845485,671,2,19961,7386799,887,1,1,2.2,2642045,4.9,34.9,25216,113020,40700,1
33,424253,745,1,0,6759377,585,1,2,7.1,1085926,8.2,7.4,21396,95816,19900,0
36,777270,735,2,344219,6438162,720,2,2,25.0,1484554,5.8,16.7,39400,100138,30971,1
25,962527,804,4,240090,11888215,973,2,2,5.8,1720406,9.1,2.3,40372,111647,21829,0
49,1103261,737,4,161115,10567100,1318,4,4,1.2,3356613,5.9,25.7,48269,94225,33498,1
42,850352,765,3,337608,7831863,864,2,2,9.7,1850177,6.8,16.9,30192,113944,52454,0
41,1060268,622,4,243295,15479235,1332,3,2,3.4,2905836,8.2,16.4,45065,141156,69213,0
56,1233417,690,2,36609,10342444,1196,3,2,7.1,2410707,5.8,36.1,44390,102241,69542,1
41,1234368,692,1,579730,8273658,772,3,2,20.4,1354423,8.1,21.6,42803,114355,27909,1
23,673465,844,4,238620,4952347,972,3,2,7.8,1100730,1.7,0.0,17027,46748,49123,1
28,314213,602,4,66254,8934209,1032,2,2,3.4,893625,5.9,8.7,12138,66924,32904,0
37,978062,670,5,62828,9210672,1138,2,2,3.4,1845851,6.0,17.9,21660,69630,70324,1
27,595550,766,3,214451,15309690,1338,2,1,12.4,5152402,7.5,0.6,16346,226854,64959,0
61,532035,706,4,167990,10044918,1146,4,4,1.0,936182,7.0,34.7,25814,106771,36660,0
60,1534007,793,1,639893,9112417,1021,3,2,2.8,682855,7.1,38.8,88092,59983,45183,0
41,506365,697,4,147139,8688257,1431,3,3,7.6,583343,4.4,15.9,20849,95389,57312,0
46,649492,758,4,0,9488094,1141,3,3,9.2,587481,6.7,18.4,27584,121304,24421,0
47,1337131,654,1,197891,7068148,817,2,2,7.8,324314,5.0,19.7,43145,96858,42519,1
41,700703,684,6,307958,17049258,2008,5,3,4.5,1839111,7.9,19.2,29454,142935,119579,0
29,1114112,684,3,418927,5068322,588,1,1,7.5,1476707,6.9,3.9,57160,53695,32147,1
28,1517287,708,1,459047,4529765,556,1,1,12.7,575876,5.0,0.1,51705,42705,33196,1
43,1335032,676,2,495004,6490788,968,3,2,3.7,792688,4.8,15.8,29612,67485,37081,1
24,568535,773,3,0,8939611,1108,3,2,8.2,2736925,5.7,0.0,25608,88478,43483,1
41,1335791,737,5,278135,15753027,1387,3,2,16.5,3203938,8.1,15.3,57782,167540,31724,1
52,717369,684,4,358895,11444078,1345,3,3,3.6,1631512,6.8,29.7,42328,144172,81610,0
64,540673,737,2,87037,9460709,880,1,1,4.9,2600261,6.3,37.3,10000,63378,55218,1
43,467692,652,4,69819,7385052,1221,3,2,4.0,770705,4.5,17.4,10000,69908,63072,0
30,421104,707,6,208543,9315777,1533,4,3,4.3,826729,3.8,2.5,40278,143999,90883,0
38,925670,752,1,306050,3994790,502,3,2,7.5,421557,7.7,15.4,34047,45946,20477,1
35,1007643,687,2,146920,5155488,693,2,1,12.6,449149,4.7,8.7,32774,80656,20909,1
39,614473,635,3,278356,10511572,1046,2,2,14.9,2381311,10.0,19.6,41684,102693,43318,0
50,450031,758,3,106100,5120514,554,1,1,4.6,780700,6.2,27.6,16073,33561,16833,0
29,1351419,691,3,110172,9493017,1058,2,1,15.6,726915,6.8,1.6,55145,123540,25802,1
48,1313222,618,5,348158,10103930,1336,3,2,10.9,3358165,5.3,26.3,64404,102807,72118,1
24,1307779,789,4,618630,8751858,1056,3,2,20.1,2507118,7.7,3.5,41600,98618,25084,1
24,805638,597,4,153713,8149432,753,2,1,19.6,758314,8.4,0.0,31068,114249,23197,0
28,1083478,689,3,257114,10582617,1171,3,2,3.1,876395,5.7,0.1,32712,128839,43374,0
31,637165,740,5,152393,16909948,1508,3,2,3.7,3678563,6.0,3.5,10000,102026,86068,0
50,873039,744,5,11915,8244333,1408,3,2,7.1,2499398,5.8,26.8,29641,87622,39211,1
52,589503,750,1,231476,7410456,647,2,1,6.9,489319,9.7,24.6,30856,47552,40483,0
53,826085,657,1,238006,6873774,630,1,1,5.3,1095616,6.0,32.5,31648,104113,26110,1
39,647925,788,6,143448,13782974,1207,3,2,7.9,2004651,9.6,14.0,44363,137735,47375,0
30,1171009,663,5,304104,12204811,1434,3,3,19.8,3883009,8.5,3.4,65568,73908,28934,1
53,1004768,608,2,121803,4703543,450,1,1,12.7,706124,8.2,26.8,50609,59530,24830,1
36,663593,731,1,118225,6125445,656,1,1,4.4,1058580,6.1,11.9,16784,75149,31650,1
36,960672,834,4,163580,15555081,1318,3,3,30.7,2401602,9.5,5.8,52838,94372,74994,0
39,747989,718,4,212117,14174198,1231,3,2,21.9,4665866,9.3,12.2,44338,186207,33836,0
23,809577,698,2,299414,10959672,1042,1,1,12.3,1587514,7.4,0.0,18135,113340,47252,0
55,1031481,557,3,355813,9603713,1099,2,1,8.3,1084196,5.8,29.0,30242,87164,23621,0
57,989583,737,6,112508,18827358,1745,4,3,15.1,1975127,7.2,35.5,11286,194613,99196,1
31,1127159,732,4,279024,7765068,1090,1,1,9.9,1003818,3.8,6.3,54581,70046,70179,1
56,1069193,618,3,354566,10505410,1188,2,2,7.6,752984,6.9,28.8,28869,107384,70997,0
48,1565385,605,6,141296,19201815,1525,3,2,8.4,6450770,9.9,23.6,85894,282333,44869,1
58,932386,670,4,123317,14240572,1481,3,2,4.0,2159302,7.7,32.3,32538,143004,62114,0
28,604414,664,4,69584,12153976,1259,3,3,6.4,2254797,7.2,3.6,21873,73476,31272,0
61,924752,698,5,289857,11885399,1223,2,2,11.1,1808544,6.9,38.7,53186,124504,73733,0
39,835890,681,4,309710,6631291,1106,3,2,7.5,1572507,6.1,14.4,23233,101334,49890,1
55,1028898,797,5,61276,8915350,901,3,3,1.2,1455410,5.7,31.1,60214,141884,38454,1
53,1676408,674,6,501121,14845011,1437,3,2,4.9,4861884,7.5,24.2,67435,139316,29477,1
28,934384,703,3,139096,7890607,835,2,1,21.1,1775712,7.5,0.0,44104,112496,31895,0
32,1193790,745,4,622738,5956426,987,1,1,11.0,1216075,3.5,10.1,44709,47513,26709,0
35,1164525,647,5,334281,10471070,1182,2,2,23.8,2486684,6.1,11.2,30965,152563,26949,0
45,615390,702,3,89320,5983930,937,3,2,21.0,870513,4.9,17.5,35481,70740,22621,0
61,457807,668,4,99531,12261998,1367,4,4,1.5,2896912,7.9,34.2,27874,88782,58604,0
50,538812,683,5,141126,9103947,1460,3,2,12.6,2209830,4.4,27.2,33469,85585,86337,0
60,832383,760,3,0,6251794,883,2,2,10.6,1425648,5.8,34.4,20008,47058,49010,1
23,1461750,720,5,316036,16917540,1509,4,3,14.5,5215963,10.0,1.5,47142,163360,83333,1
26,515766,689,4,137848,8464287,895,2,2,13.2,2771451,6.7,0.0,20124,87406,27172,0
55,677077,646,5,191784,14986934,1433,3,2,4.6,2416610,7.7,32.5,43445,196178,53382,0
42,774338,614,3,232898,9027573,1192,3,3,6.0,623163,5.5,17.5,23867,55127,42718,0
47,663416,802,6,135656,11395535,1815,4,2,1.4,3072356,4.4,14.4,20505,96208,48248,0
55,575214,665,3,112188,12051354,899,1,1,5.2,2228754,9.2,32.4,24286,186852,42264,0
64,535252,748,2,170840,9208072,825,1,2,1.6,580998,7.2,35.2,17528,100263,43728,1
59,705446,633,4,0,13489089,1207,2,2,21.0,2829039,8.1,25.3,31474,193649,38366,1
62,1504325,751,3,39128,9323259,976,2,2,10.9,3010379,7.4,40.0,33882,98149,33971,1
29,1060800,656,5,119697,13217977,1238,3,2,11.6,952736,7.2,2.7,54592,142307,63479,0
59,554561,794,3,202368,8624800,1014,2,2,5.4,1074556,4.9,40.0,30093,78383,40593,0
28,778757,623,4,0,13317631,1403,4,3,11.8,2420843,8.0,6.5,20256,141230,59724,1
52,967107,739,5,474204,10473628,1133,2,2,13.5,787049,7.7,23.1,16033,111294,71636,0
64,757421,727,4,333276,8742330,1287,3,2,4.0,3159805,6.7,40.0,16945,56334,26644,1
62,443358,789,3,108649,8145841,842,1,2,6.5,882726,6.3,35.8,19223,115065,45854,0
30,1543336,768,4,352074,14033238,1481,4,3,4.1,1439149,4.8,2.5,48626,183702,59421,1
61,2030437,821,5,400951,9394612,1114,3,2,15.4,2543863,7.9,36.3,47667,136893,44164,1
40,945687,684,6,76076,13508239,1326,3,3,11.0,2758567,7.8,6.1,27956,118890,59866,1
27,770679,735,5,124531,8160328,933,1,1,2.3,2093680,6.8,0.7,13566,123866,37681,1
59,682080,774,4,84962,10387362,1221,3,2,4.4,2253560,6.1,36.4,36942,88061,39233,0
33,1288726,652,4,375609,8405719,1057,2,2,30.6,801905,5.7,9.2,63744,97794,39799,0
62,1026634,637,4,388168,9779089,1116,2,2,7.3,3251163,6.9,34.4,20916,83201,63117,1
23,1096334,717,3,106580,7185092,948,2,3,14.4,1830616,6.6,2.9,61837,77862,25868,1
61,641491,707,4,136814,3368110,906,1,1,6.5,395262,3.5,40.0,17900,31677,49198,0
61,429463,635,5,144354,13441916,1501,3,3,6.2,4278422,5.4,35.4,10000,151347,36541,1
36,1275443,715,2,509946,8721960,975,2,2,10.9,973021,6.1,15.0,53454,108409,38867,1
45,927690,806,4,161665,11314056,1120,2,2,7.6,1255626,7.2,28.6,45454,92817,30921,0
32,482405,747,2,148796,8995446,1073,3,3,3.1,1898362,5.7,4.7,16621,65809,23064,0
36,896863,691,4,180936,11756494,1103,3,2,6.7,2303385,8.3,6.9,18506,94327,39006,1
60,635808,748,4,104829,8531284,1079,2,2,9.6,640606,7.5,27.6,21608,80065,43278,0
56,1148873,768,4,392629,14270032,1257,3,2,10.8,2537312,8.2,29.2,47605,132183,53939,0
39,1194653,654,4,207505,13517931,1176,2,2,1.0,1565975,9.4,17.1,56783,93440,69420,0
44,1172249,766,2,442826,5089035,846,2,2,2.4,1421254,5.6,18.9,26826,81420,24981,1
41,1129455,752,3,238980,6331793,1286,3,2,25.3,2158704,1.7,21.0,40403,39010,68402,1
51,1135255,574,2,176994,3898609,724,1,1,9.7,870038,3.5,30.8,45800,51565,26565,1
29,897423,704,5,286043,8650431,955,2,2,9.8,1686723,6.1,3.1,25460,116408,48499,1
49,602122,693,3,186636,10583711,1148,3,3,2.6,2709714,8.0,29.3,23489,117917,59266,0
49,521006,769,2,125722,5050544,896,2,1,5.3,707008,4.8,26.1,25289,54003,53096,1
60,1180110,849,4,139716,12530230,1014,1,2,4.0,3443112,8.0,34.2,50942,169621,61091,1
64,1101812,771,3,152731,10560844,1608,2,1,25.8,2628403,6.2,37.9,60140,160279,57262,1
61,903933,732,5,35677,8412020,1426,4,2,13.3,1673508,4.0,37.5,35709,59429,89416,1
64,637103,694,5,252850,8494729,1355,2,1,1.6,1409355,3.6,40.0,11711,121647,67990,0
50,801118,541,5,388656,16053981,1412,3,3,15.1,1454719,7.8,28.0,34071,175538,69931,0
57,454511,849,4,0,8146613,951,1,1,4.7,1642956,5.5,35.3,17758,87758,52391,1
37,483252,648,3,54948,8664155,1081,3,2,4.9,347368,4.5,9.4,25120,108826,28601,0
65,465975,834,5,209926,10246151,1271,3,3,8.4,1944150,5.7,40.0,22345,131533,65940,0
55,945405,716,4,323995,11899103,1244,2,1,10.8,3036763,6.9,30.7,42578,120234,30757,0
25,962654,675,5,396296,13499181,1512,4,4,30.4,4033566,6.3,0.0,39402,197854,43264,0
56,885880,627,4,351112,11145750,1384,2,2,15.4,760270,5.2,29.6,40770,155790,49607,0
33,522683,724,5,183048,11836147,1489,3,2,14.5,2018044,6.3,14.0,43003,141400,46287,0
40,576110,685,4,56539,12694007,1241,2,2,16.1,4167502,8.3,15.4,19288,132591,45449,1
47,935696,775,5,161477,15520436,1389,3,3,10.1,2340317,7.4,21.6,33588,172968,54426,1
44,1558920,708,4,412324,12689568,1331,3,3,9.9,4258642,8.0,17.8,56815,104104,66175,1
56,1633764,821,5,513611,9842142,1491,4,2,5.5,1535277,4.4,32.8,38888,151910,77701,1
23,1617269,728,2,212257,9459596,1128,2,2,5.3,958845,6.0,0.0,53796,143105,33987,1
46,546766,741,4,44385,6535741,937,2,2,2.2,865409,5.3,22.5,20218,71616,55200,0
56,744242,642,4,389375,10790746,1118,3,3,12.9,880006,8.2,26.8,30273,146617,49007,0
64,587292,573,4,63004,5442660,888,2,2,14.2,1380567,4.7,36.5,20243,32708,46211,1
49,1258986,692,4,279453,12761090,1106,3,3,7.9,4132691,10.0,24.0,43005,193809,33929,1
51,918338,629,6,264132,11726753,1598,4,3,12.4,3856230,5.8,29.6,40269,150752,53669,0
64,772802,762,2,132167,7621731,824,2,2,6.1,1204662,6.7,35.3,23153,62803,40783,1
54,774779,726,1,356007,3070610,469,1,1,10.7,290057,4.9,31.1,32160,38525,22072,1
35,617751,617,4,137361,9717937,1352,2,2,3.2,1254089,4.6,11.3,29172,143289,70000,0
49,993509,685,3,396083,6302678,1102,2,1,5.1,1070445,6.4,25.7,41788,72688,43665,0
59,1038476,728,3,251960,8674389,1194,2,2,10.2,1275942,5.1,38.0,36836,122977,50360,1
59,1195940,741,6,323533,12116029,1530,5,3,1.0,2731536,5.7,33.2,62785,93309,55468,0
24,940252,720,4,129437,5095221,1073,2,2,2.6,778735,2.8,0.0,14251,73804,67881,1
29,876653,715,4,268130,10717925,1221,3,3,3.5,2247624,8.3,9.6,22554,114741,71035,1
63,1309138,766,2,147343,7661364,1015,2,2,11.6,2556496,5.4,35.0,63523,85641,44528,1
25,1028355,676,5,47252,10743967,1292,3,2,11.2,3611671,6.1,0.0,31419,73890,54393,1
63,1784230,659,5,446018,12713356,1214,3,2,8.1,1413522,9.2,40.0,53136,175715,67958,0
40,856921,729,2,237928,7105500,1064,3,3,9.4,570401,4.9,15.2,25788,50988,33928,1
25,878871,751,5,167740,11693307,1153,2,1,3.8,3440755,7.3,0.0,44161,173461,33421,0
48,474419,808,3,234283,11338263,1121,2,2,6.0,2930412,7.0,28.8,17699,85342,30599,0
32,474208,846,2,94081,8392498,778,2,2,5.0,1237697,8.2,11.5,29261,51937,43572,0
28,498828,627,4,256329,10832294,960,3,3,19.3,1685607,10.0,4.6,19150,118077,49324,0
23,485138,733,3,92939,8829874,943,3,2,9.3,2481380,6.3,0.0,18854,89362,35852,0
38,743265,675,5,41991,11271618,1168,2,2,5.1,2347379,7.4,12.1,30168,122607,25997,0
41,849971,779,5,149969,10601165,1049,3,2,3.5,1202214,6.5,12.1,28123,153651,58080,1
55,882504,798,4,242836,8412913,1116,2,2,9.6,1717390,7.5,33.1,47439,127098,42989,1
24,721198,709,3,288997,9467832,977,2,1,4.6,930067,6.3,3.6,48259,150969,22210,0
32,724824,671,3,311884,8586161,1143,4,3,13.4,589548,7.3,6.7,30860,101212,53325,0
65,1017918,735,1,296625,3396232,450,2,1,4.1,1059348,5.2,40.0,29118,50951,27438,1
51,616852,668,5,214509,8055340,1213,3,2,5.9,2710418,3.4,24.2,36663,50146,78294,0
37,537126,605,4,119603,13955063,1243,3,2,8.0,4526639,7.1,14.9,35322,111106,77583,0
58,907567,760,1,0,4569556,490,1,1,9.6,319210,5.7,33.7,42603,54875,31291,1
47,517538,644,5,189772,8169747,1306,3,2,12.3,2551139,3.9,22.0,31299,56642,39584,0
45,1139917,742,6,121032,10684657,1536,3,2,7.5,2731919,3.9,21.5,47188,106294,44347,0
36,734070,759,5,359916,13526284,1577,4,3,18.8,1952835,6.6,11.9,34661,118969,58769,0
54,399263,709,3,199310,8185914,822,1,1,9.6,2173075,7.1,30.9,21406,126349,49899,0
36,682404,605,4,276303,9981689,1180,2,2,1.3,2199442,4.9,5.7,14815,129223,25029,1
24,814444,675,4,229769,10427486,1319,3,3,4.9,1196969,5.5,0.0,33837,147315,27004,0
41,433914,790,3,53798,8637212,1030,2,2,12.3,1977568,5.7,15.1,16464,130190,46759,1
44,373935,613,3,59340,11944510,1012,2,1,4.8,853333,9.1,20.5,28575,164839,22341,0
57,862460,782,5,258930,12907006,1680,4,3,4.5,1081949,6.8,28.9,29011,167604,61170,0
62,896028,665,2,310089,5854731,853,2,2,7.6,593853,5.8,36.6,37161,91288,50529,0
33,1050452,662,6,229127,20107810,1555,3,2,3.5,4818899,9.7,15.8,41763,226494,55569,1
38,568474,752,3,274593,7779258,997,2,1,6.1,1973913,6.9,11.3,30734,52999,28665,0
54,1024594,743,4,497315,9893902,1365,4,3,26.1,2695517,5.6,33.6,47248,152109,61929,0
65,644752,661,4,29098,13123864,1265,3,3,11.1,1080737,8.4,40.0,32095,113652,58748,0
36,942136,705,5,61379,10217974,1316,4,3,9.1,1004098,5.1,7.8,44273,151043,74611,0
43,699321,780,3,288424,12181644,1179,3,2,11.1,3451772,9.3,18.8,10050,188345,23965,1
39,860870,773,4,138474,11304231,1225,3,2,11.8,700901,6.8,10.7,22002,146770,79169,0
47,1020597,684,2,128149,8353361,987,2,2,5.7,795243,5.6,19.9,35759,113222,37563,0
38,983831,686,4,209403,15271741,1291,3,3,4.7,1766516,7.9,10.2,56896,106283,62848,0
24,922240,681,4,358754,11501697,1206,2,2,16.3,2051475,5.8,0.0,51917,88898,40301,0
47,960097,662,3,1893,7900884,865,2,1,7.8,2474755,6.3,20.7,24728,72796,21515,1
37,849106,754,3,139547,7124935,797,1,2,1.2,2196917,7.5,15.6,27657,83242,21855,1
54,1440240,693,3,223932,10649906,997,2,2,5.4,3066373,9.0,33.6,74030,112822,62238,0
33,781962,758,4,278594,14983851,1294,3,3,3.8,3788086,10.0,16.0,35790,212522,77026,0
38,575911,656,4,299267,5149787,1027,2,2,21.5,559635,3.4,13.9,10000,40481,28537,0
35,757037,657,5,88679,10206297,1554,4,3,4.1,2796542,6.8,8.0,21526,131298,90690,1
37,1135789,694,5,0,9507733,1391,3,2,12.5,3021035,6.0,11.6,53692,133503,51860,1
46,480877,748,5,132986,12722501,1369,3,3,9.0,1449054,6.7,16.3,23632,159846,70824,0
25,857838,761,4,267086,7377941,926,3,2,15.7,1046553,6.3,1.9,22587,77186,34434,1
57,794438,646,3,265193,11502151,1160,3,3,5.3,1642345,7.0,30.2,39124,180039,73360,0
56,830965,693,3,77178,10069311,1145,3,3,5.0,2686808,6.6,31.0,23812,102915,24979,1
26,339188,700,3,0,7135402,770,2,1,32.2,1501246,7.6,0.0,18690,100448,20896,1
62,1500596,694,4,464147,7458134,910,2,2,7.4,2191305,4.8,37.4,66852,84706,44307,1
36,1036060,569,2,267163,11165244,1112,2,1,6.6,3159301,8.3,12.1,47764,171440,35359,0
47,749599,620,5,322061,11185367,1270,4,3,6.3,2184311,6.6,25.8,25360,130020,65859,0
59,711082,617,4,72117,12644715,1099,2,1,24.1,2166553,8.7,38.4,40203,178278,24629,1
50,1585824,673,2,416970,8631811,1000,1,1,11.2,2840130,4.7,20.1,53400,89200,45865,1
32,787823,671,2,266121,8515009,897,3,3,25.1,835494,7.3,13.0,21999,54781,38939,0
25,564367,732,2,97894,11598345,1160,2,1,9.7,3632877,8.4,4.6,12455,116157,64320,1
52,499854,677,4,73849,11359973,1216,4,3,31.2,3062757,5.1,30.6,17171,77970,55133,0
59,1797815,717,3,358079,13089807,1343,3,2,8.6,1995467,7.6,28.9,60353,110442,36118,1
53,962370,703,3,96522,8756591,1003,3,3,7.5,770477,5.5,25.2,55848,79178,39383,0
50,731294,776,4,129213,9799456,1350,3,3,11.5,2904339,8.2,29.1,20835,96160,53816,1
34,939911,798,6,391934,10111646,1296,3,2,5.2,2848725,5.3,9.2,56302,105486,80496,0
35,734449,743,3,0,6635854,826,1,1,4.4,1968528,6.6,9.4,32435,81329,53286,1
27,684680,695,6,81241,8394623,1429,3,2,3.8,807844,5.3,3.7,30885,111939,44756,0
31,1225175,724,1,362161,3981826,514,1,2,4.2,1281160,6.4,7.2,47799,52737,33214,1
61,788871,776,4,58080,6773090,1323,3,2,2.8,2010504,4.8,40.0,23368,66092,46152,1
58,1333930,643,6,165929,12713410,1356,3,2,6.1,2068954,6.2,32.8,47946,162211,37499,1
64,974198,761,4,143724,9806747,1193,3,3,8.5,851992,7.3,40.0,35845,92795,52218,0
56,796190,653,3,299320,7844548,1166,3,3,6.7,2646812,5.9,32.2,41093,65374,32525,0
60,553631,778,5,85131,9229638,1246,3,2,4.8,678298,5.6,31.4,22915,129357,43979,0
35,1179574,659,3,75065,6480096,916,2,2,1.7,1022130,7.0,6.2,38176,97647,40460,1
46,1090836,662,4,87584,8839883,1310,4,3,14.9,2889729,6.5,20.1,25752,83571,79910,1
43,737525,816,3,59020,8862303,986,4,3,3.2,3018083,6.7,14.4,27054,59677,35887,1
33,601326,765,4,18310,8767707,992,1,1,4.3,3000970,8.5,7.2,25484,123307,41372,1
29,686976,684,2,90236,9019388,942,2,2,8.6,2967926,6.6,7.4,32745,115043,49622,1
44,860468,823,2,176299,6548897,553,1,1,4.1,495657,8.7,14.5,28003,94804,27533,1
38,753185,719,2,146108,9222822,1094,2,2,1.0,2341616,5.8,10.5,39109,113040,58453,1
39,1082080,786,5,237830,10084355,1285,3,2,2.1,2150815,6.8,16.2,43639,106895,43472,1
52,1258092,687,4,461307,12652117,1205,3,3,11.4,1131742,9.1,22.8,36664,142491,61102,0
45,435321,783,4,139127,8078172,1152,3,2,7.0,940326,3.6,19.8,24625,69186,63856,0
31,1152181,726,4,400068,8982881,1097,3,2,4.9,1809174,7.4,7.7,60513,106578,68490,0
35,1344817,790,4,158778,9880022,967,3,1,5.6,1087910,9.3,5.1,43060,98885,50590,0
64,838861,770,4,109365,5597081,667,2,1,9.5,1450551,6.8,40.0,24290,85761,16749,1
41,522044,677,3,90870,5658909,862,2,2,9.8,1539589,5.0,18.7,24833,36512,54907,0
48,1724047,675,4,693557,11492472,1117,3,2,3.6,1174920,8.4,21.9,59805,91687,23691,0
41,493808,706,6,212796,8437574,1619,3,2,11.0,1075659,1.5,17.8,26976,122745,95685,0
37,1053960,748,4,82792,9357408,937,1,2,6.8,1301086,8.0,13.5,65570,117663,45340,0
63,902980,712,4,262735,13219730,1514,2,2,4.2,2701383,6.3,32.1,54570,207011,62928,0
50,1034105,743,3,10650,11277179,1189,2,2,6.1,3209052,6.8,22.8,27715,103950,33415,1
35,661498,729,5,111269,12482323,1290,3,3,12.3,4223721,7.4,6.8,26003,143759,63281,1
43,1547914,697,2,167152,10349477,1246,3,3,4.6,596431,7.0,14.9,54185,145731,31393,0
41,727301,651,3,317802,7557002,776,1,1,13.8,631370,7.5,11.4,22220,58707,23297,0
25,429140,768,3,87075,5780047,937,2,2,7.1,1368575,5.6,0.0,15001,65339,29475,0
47,642311,615,5,237364,11920377,1580,4,3,7.9,3324727,5.9,27.4,37086,79385,50184,0
30,1863229,740,6,180877,15431629,1673,4,3,12.3,2405103,7.3,8.4,96385,211674,89274,1
63,803518,624,4,237420,10234975,1214,3,2,5.4,2117286,5.9,36.8,38250,120957,50796,0
44,804986,627,4,43364,10688815,1322,3,2,10.6,2017670,6.7,21.6,29408,167816,27801,1
58,871827,725,4,180370,10166615,997,2,2,1.5,2241570,7.2,36.6,29478,140511,31297,0
31,493709,727,4,45142,8910382,963,2,1,6.3,1193838,4.6,9.5,32620,89423,39167,0
31,625653,660,4,190035,9751016,1237,3,2,14.1,2411796,4.2,1.2,21095,73517,55788,0
64,1198624,687,4,0,7369732,1129,3,2,5.8,1424158,6.2,37.2,60231,52252,47048,1
59,1748022,672,2,390214,6053849,656,1,1,3.9,600694,7.9,31.8,79530,90833,30940,1
51,1130569,794,4,235479,13342313,1208,3,3,34.0,2184385,9.0,22.4,29622,85522,49199,1
65,598631,735,4,108546,12297300,1315,1,1,4.5,2926477,7.6,40.0,27185,88663,84771,1
60,1290906,651,4,306339,9276659,1180,3,2,9.5,3090312,6.5,34.9,40207,73698,52901,1
61,883041,782,5,300734,18349370,1521,3,2,10.6,1077672,7.3,37.2,21004,148728,89130,0
26,672773,672,3,351306,8914876,782,2,1,3.7,1961458,7.9,3.8,25588,106723,48331,0
36,966150,740,4,109343,12695936,1274,3,3,4.1,2266914,8.6,8.2,25310,142116,44735,1
34,755442,740,4,0,7177337,1557,3,2,16.6,1126671,3.5,12.5,46264,77250,76014,1
48,1584663,776,1,370316,5184996,505,1,1,12.6,1911273,6.8,18.1,46511,45653,12505,1
61,445987,720,4,0,12475417,1187,3,3,18.6,3478992,8.2,40.0,28307,95180,40676,1
23,601129,650,5,189363,12749144,1233,3,3,13.1,4154934,7.0,0.8,18534,91930,52250,0
41,1584322,785,5,423770,22074157,1682,4,3,31.8,2973987,9.6,17.1,78818,166284,34981,0
52,675199,750,4,124323,8526270,1165,3,2,3.2,1960305,4.7,29.5,18229,68685,61697,1
55,1330161,828,3,246638,11265697,1103,2,2,9.7,2901445,6.8,30.4,31143,142094,22709,1
23,901609,690,3,342411,8274666,1199,2,1,6.9,1438458,4.3,0.0,41255,117162,26818,0
59,351718,753,4,54734,7411256,1003,2,3,18.9,552369,6.0,36.5,10825,61891,24102,0
46,528154,754,3,143974,7977337,821,2,1,5.9,1266820,6.8,18.9,27064,65053,19792,0
32,1351020,644,5,301330,10245940,1398,3,3,12.3,1505747,5.2,11.7,41560,121872,50216,1
53,713738,736,4,129017,13144863,1252,2,2,11.8,1560800,7.9,25.5,36718,181694,62396,0
64,745444,665,4,115661,6687907,1595,3,3,14.1,1747798,3.7,40.0,19946,79835,57588,1
58,368738,678,3,112771,11897269,1113,3,3,21.1,1032368,8.8,31.0,10000,83025,27806,0
43,762374,655,4,307025,12707175,1147,2,1,11.1,4025049,9.4,12.4,30456,196727,57555,0
30,642806,807,5,75435,12353043,1681,4,3,9.9,2077148,5.6,1.0,31599,192400,68013,0
43,692850,739,3,196839,8028656,839,2,1,2.5,1029412,8.0,20.2,24306,113802,35941,0
40,1413811,636,1,146000,7794708,777,1,1,18.2,2468912,8.1,12.3,37543,78912,33000,1
40,967518,650,6,361237,12239392,1109,3,3,2.9,2619407,8.2,20.3,24344,179085,65443,0
59,960127,671,4,336887,7858184,1014,2,2,8.6,2450943,8.0,38.5,30144,120103,53001,0
33,1142071,711,2,473885,8702568,761,1,1,12.3,2115253,7.0,8.7,56205,125698,28392,0
51,1252199,784,3,509184,5692339,761,1,2,14.6,695169,6.1,31.4,53864,34540,28287,1
33,1130076,711,3,148354,9096129,1125,3,2,14.4,2727261,5.7,7.8,46142,113925,69012,1
47,1002948,661,5,418008,10157043,1598,3,3,8.8,935730,3.9,27.3,42843,146369,68330,0
24,738735,720,2,209445,5060667,625,1,1,10.8,1644957,7.8,1.3,12507,31745,23836,1
58,942384,703,1,318762,6338259,954,2,2,5.6,1533067,3.1,40.0,15113,65353,32759,1
39,782101,708,3,272567,9599707,1231,4,3,11.2,524327,5.8,12.8,15700,122135,71019,0
24,1129444,733,5,462389,10062293,1252,2,1,1.6,1740412,4.9,2.3,56688,146894,49610,0
41,687834,566,6,306619,16274560,1634,4,3,1.9,4483926,7.1,18.5,40444,187453,75799,0
23,566979,763,4,105492,11484896,1201,3,3,4.2,2548203,7.1,0.0,25235,106800,44425,0
27,758425,718,6,8671,14285024,1884,4,4,1.9,1608194,5.2,0.3,40579,148949,60873,0
35,1115143,694,6,227969,15013928,1728,3,3,7.4,1185235,6.6,5.0,34084,165251,51071,0
28,726046,697,2,0,7980538,945,1,1,5.2,579142,6.2,0.1,20811,90213,43242,0
44,2431565,789,4,794027,9771023,1071,2,2,6.5,3115069,7.5,21.3,79835,87526,63055,1
51,1036376,621,6,460305,16117221,1546,3,2,16.0,5215163,10.0,30.3,65076,153113,74892,0
64,650322,729,6,345053,16108865,1883,3,3,1.8,1106178,6.0,39.9,31027,180859,54119,0
51,672251,766,3,205693,6958119,781,2,2,3.6,1293397,7.2,27.9,21047,75774,36743,0
48,813518,733,4,318594,6575188,1047,2,2,10.3,1013084,5.6,26.7,26720,59652,45924,0
61,666372,684,3,166376,8390233,1270,3,3,6.1,2706519,6.7,35.5,36268,112179,78280,1
39,540385,744,4,48633,12613576,1206,3,3,2.4,3535551,8.3,15.6,22160,151335,30951,1
29,567263,775,5,26673,12049876,1208,3,2,6.4,1235326,7.7,4.8,18409,75511,64787,0
47,1709158,729,4,339665,10716498,1441,2,1,7.9,1016225,7.6,19.1,84056,114899,85125,1
54,1226487,777,6,277900,16642296,1858,5,3,1.6,1103619,6.1,29.3,47654,212903,92983,0
23,733798,589,5,108027,17158718,1409,4,3,17.1,2308277,9.5,7.9,25697,186000,68913,0
33,645009,743,4,184268,8267691,1170,3,3,11.1,1758140,5.6,2.7,21363,51096,25466,1
54,1148067,735,5,7916,12704515,1572,3,2,1.0,1664416,6.5,30.5,59105,161191,66336,1
54,1064470,781,5,67260,13593608,1658,3,1,7.5,1122272,7.5,23.8,32679,198089,73011,1
32,693668,703,2,118360,11312781,1046,3,2,4.3,1492333,7.1,3.8,20685,134116,58259,1
49,1045836,773,3,215432,9241089,943,1,1,19.4,1629577,6.4,27.0,38295,139898,51672,0
27,847182,717,1,55675,5708603,798,2,2,5.1,606456,5.3,2.7,13032,86937,21531,1
32,1293976,717,2,497734,6896590,796,1,2,3.0,1579223,6.2,11.0,58630,103541,20716,0
36,603096,740,1,300907,5333564,750,2,2,9.3,1756133,5.8,19.1,17825,54371,24048,0
24,739912,710,2,136027,5099572,818,2,1,7.3,690355,6.4,0.1,35441,71494,33049,0
46,529335,655,6,165030,9069495,1478,3,2,20.1,2677797,5.0,16.7,41327,125447,48632,0
37,737138,651,3,277632,11857992,1068,2,2,1.9,848354,9.2,16.9,33134,140150,32363,0
44,867189,752,4,184335,9986271,1235,3,3,4.0,1437236,6.5,15.5,16330,120620,71053,1
40,749979,850,5,329106,15450141,1412,5,4,3.0,1550891,7.5,12.7,14804,177399,74546,0
32,1642319,686,5,391191,6973576,1124,2,2,7.7,1578733,3.7,1.1,65026,108510,66597,1
30,854956,742,5,76827,14382477,1574,3,3,6.1,1991915,4.3,2.7,26345,138997,58466,1
27,544167,770,2,150811,8981068,1089,2,2,19.8,1894897,7.7,0.0,30681,68471,44522,0
38,1023716,675,3,330619,9739149,1012,2,2,12.1,998949,8.3,6.0,55511,117510,53557,0
51,533665,650,6,254125,12776996,1336,3,3,10.9,1043531,7.5,28.3,14103,133341,58287,0
58,1846333,691,4,87313,12940789,1440,3,2,5.0,3441140,6.0,28.8,34147,139364,91620,1
58,1703435,655,6,392777,17152869,1481,4,4,4.5,5265556,7.7,27.4,86813,237650,60091,1
37,1189630,656,6,456414,9190368,1346,3,3,2.4,2051699,5.4,11.3,26454,143246,81376,1
25,854933,750,4,287216,9764741,1399,3,3,17.5,534404,5.8,7.8,23408,108576,35685,0
23,1400645,691,4,80459,8180560,895,3,3,10.2,671924,5.9,4.4,57256,108496,26944,1
49,717818,769,5,320817,9266814,1422,2,2,5.0,1925145,3.6,27.4,19870,119386,38768,0
64,868841,565,2,137287,9846146,1105,2,2,15.9,1616236,8.8,35.7,20486,145555,65978,1
39,466271,712,3,179981,6987488,1095,4,3,22.1,1103862,4.0,15.3,10000,80405,51392,0
24,1364547,783,4,0,12607873,1024,2,2,15.1,2230723,9.7,0.0,74298,99073,48341,1
45,1149701,616,4,282674,6662623,937,1,2,20.1,847689,6.5,19.0,30863,62438,45802,1
48,1255284,728,3,379227,12035231,1178,2,1,21.3,1518448,7.2,19.8,48502,93662,74931,0
47,469013,657,4,195141,11524366,1265,3,2,12.6,978380,5.7,22.0,15461,98437,77124,0
37,1061433,712,5,40126,15468360,1594,3,3,3.6,4295357,7.1,15.9,32018,185862,55357,1
33,578291,761,3,265661,5959315,1016,2,2,18.4,797895,4.1,8.7,12109,65264,59147,0
45,990263,707,3,196558,7578921,952,2,2,16.4,2484252,6.0,23.2,53045,47108,53713,1
37,912183,670,5,91534,20646303,1586,4,2,3.1,5495783,10.0,12.1,21855,237358,56274,1
47,578565,677,4,284938,8686566,1207,3,2,9.2,2541012,4.3,18.3,15182,134489,49939,0
42,1252015,700,2,0,7507611,810,2,2,29.3,2379390,8.9,19.9,66323,96077,35086,1
48,741915,704,5,252839,10865759,1525,3,2,4.1,1430806,4.0,22.4,36442,173167,92032,0
49,811383,850,2,126647,7621280,957,3,1,5.0,2373219,6.6,26.8,32058,112877,54580,1
37,586998,800,2,92408,6792428,726,1,1,4.9,1030943,6.5,12.7,17825,83356,40510,1
50,2169161,692,4,215335,12661205,1341,3,2,2.0,3509590,7.5,25.6,87810,137991,75735,1
61,1452574,584,3,479962,12141809,1224,3,2,32.0,2393753,5.6,35.3,66018,176523,41892,0
23,781561,758,4,313162,7866739,988,2,1,12.3,2511902,7.2,3.5,32698,78671,47666,0
54,1078165,704,4,189960,11280301,1344,3,2,23.7,2591195,6.8,31.5,48921,132345,78669,1
57,1667694,712,4,373965,11649095,1140,3,3,22.4,2643331,6.6,29.1,74918,120683,72579,1
42,616886,696,6,17085,14505316,1626,3,2,9.2,5052403,5.1,17.8,10000,148898,85039,1
45,749068,753,1,394502,9078943,1035,2,2,4.1,963623,6.1,20.7,41774,64093,38175,0
45,1113269,807,6,465243,16185131,1806,4,4,8.2,3968001,6.2,23.0,50322,152260,99513,0
29,1501579,623,4,62234,15181978,1328,4,2,3.1,3323761,7.7,6.3,48570,214645,62617,1
33,499146,566,2,49074,5634833,732,1,1,20.3,1665122,4.2,7.0,16401,39701,37681,1
54,818717,793,3,396868,8399649,1135,2,2,21.5,737576,4.8,28.9,41971,133366,63053,0
39,877731,687,4,49241,17012871,1546,4,4,6.5,2720092,7.0,13.5,28309,211144,39192,0
44,699529,690,6,120721,9506450,1341,3,3,4.1,3329830,3.9,16.3,22065,151143,52407,1
36,1338131,662,3,585587,11815374,1186,3,2,2.1,1186769,6.2,11.6,60830,150220,47313,0
64,987433,714,5,219348,11714419,1113,2,1,3.7,2802108,6.9,40.0,33684,155192,55068,1
36,1204638,695,3,414538,9050074,815,2,1,12.8,2562999,8.2,14.6,46244,123075,51028,0
46,599299,773,4,219856,6887067,1063,3,3,5.5,820481,6.6,21.1,23946,78733,24881,0
63,1078177,647,4,474659,6392282,781,1,1,2.6,1266159,6.3,30.4,42322,40472,48889,0
50,2553600,712,1,125473,5438472,772,2,2,7.2,1800296,5.0,25.2,116653,57418,45253,1
25,740899,737,3,0,7437564,826,3,2,6.7,475642,8.2,3.7,19985,76441,51938,0
57,1026840,713,5,488562,9460437,1364,3,3,17.9,1373722,4.0,30.4,47519,127965,47980,0
44,590187,711,4,123831,12436686,1264,3,2,14.6,2251878,5.5,19.7,20726,93330,81039,0
26,881146,760,5,6650,11730003,1439,2,1,2.3,3324420,5.8,3.3,20332,153179,54869,1
32,598475,727,6,70190,10685866,1570,3,2,19.8,2329692,5.2,8.6,29827,154242,66628,1
57,1215955,789,4,272607,8794236,811,2,2,1.5,1135056,8.3,35.7,28742,111207,40425,1
60,1052766,651,4,443108,8717193,1079,2,2,2.6,675999,5.8,34.0,60914,72840,40089,0
41,936462,808,4,423226,9845035,1108,3,3,26.0,3044825,5.0,18.3,25945,72206,25583,1
54,1037834,767,4,513398,12175362,1066,3,3,16.1,2473703,7.5,23.6,57170,97699,21517,0
53,807738,677,5,57209,19541942,1616,4,3,3.5,4633837,9.5,33.6,19295,302759,45610,1
46,676761,724,4,353192,6671424,838,2,2,12.5,1631495,4.6,22.6,17403,78881,26397,0
42,1191659,752,3,275511,13826390,1486,3,2,7.1,3986586,8.6,17.3,43514,97440,69810,1
39,626455,722,4,159262,9925385,1297,3,3,6.5,3361058,5.5,12.5,23838,90381,77140,1
59,524874,677,4,262723,9340104,1001,3,3,11.5,1880387,5.5,39.6,24759,90093,39598,0
34,738458,730,4,142552,9870587,1297,3,2,7.9,1005515,3.8,14.0,15858,83870,57050,0
54,974079,704,3,362714,6775058,1125,2,2,21.4,1235583,4.7,31.1,49069,55096,31645,0
43,659638,709,3,199576,9507593,1010,2,1,9.3,1679986,7.7,19.8,21707,147759,56983,0
57,887199,728,5,29096,7432140,1009,2,2,20.9,1735795,5.5,27.1,26911,48375,40077,1
48,1272029,617,3,93326,9629005,802,2,2,16.0,1657961,8.1,29.2,17456,93113,29810,1
40,894695,729,4,163695,8890283,971,2,1,4.5,1255381,7.9,12.8,42398,106302,60061,0
45,429116,810,4,15908,11493803,1440,3,2,14.2,557565,4.8,18.6,19913,152101,60779,0
56,820240,628,3,109505,13753715,1429,3,2,7.5,2197944,6.7,32.5,32299,149200,72281,1
59,1106719,648,2,383035,4185686,752,2,2,10.6,1100977,4.1,38.2,29486,38357,28663,1
41,1491195,651,2,348144,3930262,550,2,1,4.1,1079585,5.1,13.9,52448,53668,20767,1
64,913410,769,5,431888,9494154,1089,2,2,15.7,2005830,8.1,40.0,18644,108945,52232,0
60,1245161,675,2,238404,7962633,754,1,1,6.7,1842503,7.0,33.4,64949,69695,40668,1
65,941117,588,4,254581,11865682,1205,2,2,6.8,2428769,7.3,40.0,34598,129116,72288,1
56,1356579,592,4,631593,11091773,1221,3,2,16.5,3509520,6.8,31.4,45108,140508,64885,0
53,734471,738,3,253542,14237320,1350,4,3,14.3,2029786,9.6,20.8,40175,227004,44003,0
32,381411,761,6,128607,12042701,1459,2,3,17.0,896310,6.0,5.6,12706,88143,36464,0
51,724142,667,6,8510,17677194,1478,3,3,16.8,1142828,8.7,22.5,21428,119963,37615,0
54,586375,654,2,87730,12966762,913,2,2,6.6,3302090,10.0,28.9,27597,144463,48667,0
31,1364798,591,4,514876,11324530,1260,3,3,17.7,2823717,5.5,11.2,72108,149179,56615,0
44,1909320,680,5,97379,10620025,1128,2,2,12.5,3055431,6.8,20.3,67790,146262,46023,1
51,1517972,742,1,629437,6841310,584,2,1,4.7,1608705,7.0,24.0,73055,67493,18034,1
50,1230652,762,2,216025,5412402,567,1,2,10.0,1311699,6.6,24.0,38722,69872,25221,1
53,860511,694,4,280646,7641773,1325,3,3,6.0,1570358,4.6,26.7,38388,60243,35055,0
41,836072,713,1,142726,6337656,660,1,2,5.9,2118233,7.5,12.8,46295,76151,32942,1
58,718815,772,2,83117,9135982,908,3,2,14.7,2423853,5.2,33.1,17299,58800,33038,1
52,1138939,676,4,379833,9722884,1101,2,2,6.0,2853205,7.1,30.6,34835,65189,65880,1
27,679490,690,3,202667,12082170,1193,4,3,6.5,3267621,6.6,0.5,14710,145525,51011,0
47,848780,727,5,414634,13763763,1313,3,2,6.7,4668688,7.5,19.9,38181,126979,68372,0
54,1077176,755,4,142022,14985318,1271,2,3,2.7,3340917,8.9,27.0,49304,123616,52727,1
28,1538484,709,4,634216,13886435,1439,3,2,8.4,4848945,5.4,1.2,81047,198638,49416,1
47,1154418,655,5,427880,9855231,1386,4,3,4.1,1337717,4.9,20.7,26083,154780,28346,0
49,805051,760,6,387891,17759761,1636,5,4,26.4,3021902,7.9,23.4,20415,282333,99760,0
32,753090,677,4,139818,7738619,1236,2,1,17.3,1518394,5.0,4.3,27818,46451,41730,1
36,1682573,705,1,589371,3492325,493,1,2,12.3,815406,4.5,6.2,63337,52578,30504,1
41,1016681,628,6,372766,14046175,1461,3,3,16.5,1601206,7.5,12.9,26716,125822,83222,0
55,699478,690,4,265505,15290340,1304,2,1,22.3,1149334,9.4,33.3,32602,230028,32455,0
50,1520941,709,2,499705,6106526,617,1,1,7.0,1239264,5.4,26.0,85146,84058,39043,1
49,940473,784,4,417961,8854693,1151,2,1,14.4,2246398,5.7,23.1,36357,80068,43113,1
54,852344,730,4,320511,18839773,1492,3,2,13.2,6297728,10.0,24.7,16636,270949,64580,1
55,1073686,811,4,74717,14665561,1287,3,4,6.1,4389922,6.5,31.6,38422,201780,25886,1
60,555397,756,6,186669,17611640,1778,4,3,6.0,1912940,7.0,40.0,10000,165861,45015,0
24,1435210,661,5,335026,10946205,1408,3,3,35.0,1674921,7.2,0.0,68677,133532,66450,0
53,1312846,623,6,342647,13251360,1830,4,3,9.3,692015,6.6,28.0,57131,129076,43182,0
48,890409,678,2,175720,6435388,721,1,1,1.5,1550492,7.5,22.0,27346,74804,46381,1
48,928459,730,3,269831,6154149,794,2,2,12.5,1477280,5.7,23.9,25028,83558,21936,1
25,568130,728,4,9791,11362062,1233,3,2,9.4,3276492,5.7,0.0,10305,106306,39105,1
58,533295,697,4,79323,12615084,1107,2,2,16.3,686058,9.5,40.0,20331,168297,66516,0
27,1222540,724,4,269739,10008160,1333,2,1,9.5,2968896,4.6,5.0,49167,101118,59752,1
61,395832,662,5,122266,15382322,1473,3,2,6.6,4121774,6.4,39.6,13081,121699,54432,1
36,715817,710,4,288766,11116242,1449,4,3,4.5,1518936,5.7,12.3,22256,91995,59535,0
45,1074426,742,4,90287,14329566,1287,2,2,5.9,1666186,9.1,21.6,30787,135361,82293,1
51,1267802,731,3,83357,13899894,1273,3,2,1.0,2539576,9.0,23.4,66499,139572,68227,1
54,1303347,748,1,152374,4434686,729,2,2,10.2,1089190,3.7,33.7,49912,58873,16069,1
58,561870,610,1,50503,6246050,866,2,2,4.9,1887355,5.8,33.3,20584,92390,54505,1
46,782584,703,2,250420,9643546,1119,2,1,18.3,2673336,6.7,25.9,28670,114787,51994,1
61,760281,680,4,175955,13822573,1388,3,3,8.0,1810956,7.8,38.8,26878,147274,81499,0
54,655285,706,6,57257,12137199,1776,3,3,10.3,1164824,4.4,33.1,23897,164007,85984,0
59,562499,672,4,268706,17002337,1451,3,2,12.1,3048531,10.0,31.1,24655,195745,42489,0
40,544276,659,3,138270,6125683,714,1,1,10.0,1445930,6.2,16.4,23958,52537,43994,0
25,917606,638,2,165757,8845285,1043,2,2,9.1,2362083,5.7,0.2,25314,120095,34565,1
41,606081,708,6,57965,13556516,1717,3,2,3.6,2369400,5.4,12.3,14311,128717,65132,1
62,640534,749,4,1620,7580492,1032,3,3,27.4,2268768,5.1,36.0,14503,48729,28494,1
24,656334,736,4,140969,12684802,1179,4,3,6.8,2072798,7.1,0.0,31330,78550,40731,0
32,836311,614,2,107025,5921213,598,1,1,12.3,1442191,7.7,3.7,25994,66502,27092,0
53,776079,767,2,100679,12098212,1214,3,2,10.5,1401481,7.6,26.1,32087,104214,46771,1
42,1289694,703,5,419873,9215123,1390,4,3,6.0,766425,4.0,14.0,67968,110153,47692,0
59,870886,804,6,385638,12025014,1528,3,1,3.1,1519360,5.1,35.7,32279,114100,39330,0
47,883092,738,1,111512,7014190,706,1,1,20.5,1978714,7.8,23.6,38486,66087,45821,1
57,1135437,717,3,251854,8199779,1137,2,1,12.6,1254656,6.4,31.8,41698,72834,58409,1
51,729003,673,6,12229,15597644,1578,4,4,28.3,2131867,6.5,30.7,36416,182840,72161,0
28,529204,716,6,51427,19390987,1683,4,3,24.5,4931092,8.6,1.3,29419,162325,33871,0
45,1012008,671,4,443455,11928531,1206,2,2,12.7,3725475,8.5,16.9,34825,188597,64994,0
34,392466,817,2,140823,4104931,475,1,2,5.6,1235139,5.2,5.6,10000,49181,23966,0
39,808837,718,3,133826,6350047,1111,2,3,9.7,451595,5.3,16.3,22560,47651,63728,1
34,987233,683,4,59647,7179890,1040,1,1,2.3,499473,5.3,8.1,25322,70130,31334,1
64,1342747,806,3,0,11137040,1125,1,1,8.2,2067518,8.0,40.0,39944,132706,72329,1
53,882075,696,5,398117,10113378,1452,4,2,8.4,1924405,6.0,26.6,23469,134727,45168,0
46,832714,702,4,376793,8442797,1146,3,3,12.9,2452338,5.7,26.0,22873,79402,54421,0
36,1057143,746,4,66664,14941416,1306,2,2,3.3,2270080,8.4,14.8,56116,111434,83745,1
49,756473,720,2,231462,6830294,921,2,1,5.8,1177557,7.5,23.2,24300,57018,19021,1
29,804447,720,2,263877,8901131,745,2,1,5.2,1644800,9.9,7.9,33916,70507,36849,0
63,430407,776,2,111376,9337112,879,3,2,17.4,1871908,7.1,40.0,10000,113240,32740,0
50,1278540,717,4,148510,10811383,1426,3,1,6.8,1462368,5.9,19.5,62509,145379,85211,1
33,1001207,752,6,411372,14679399,1687,3,3,3.6,1464573,8.2,8.7,49776,192755,36704,0
43,1047714,685,3,559268,6255514,968,3,3,3.4,1451741,3.7,21.5,36856,45900,38367,1
47,948406,710,5,311517,13841173,1691,3,2,7.0,1435834,6.3,26.7,35491,118520,51136,0
38,771946,752,5,288209,14756864,1183,3,3,16.3,3879244,9.4,16.8,43146,89836,49862,0
59,1600902,626,3,624396,5919345,886,2,1,16.4,1819507,4.7,37.4,60859,47008,33310,1
42,853316,675,4,299837,12579612,1621,4,2,1.0,2648782,4.3,14.5,43829,98153,74963,0
55,523112,649,4,170129,9219324,1073,1,1,31.4,3097399,5.5,32.4,39812,71558,58647,0
25,512542,696,3,127534,7985396,1071,4,2,5.2,2304036,8.4,0.0,13256,91203,41880,1
54,790050,602,5,125174,18886588,1574,4,2,5.1,4012119,8.6,24.0,19621,261193,65832,0
63,597536,780,3,124754,11155123,932,2,2,12.0,3063491,10.0,40.0,10000,176349,37283,1
63,628126,726,1,23470,4198503,622,2,2,10.5,571062,4.7,38.3,10537,58656,35979,1
46,823883,687,4,421169,13232308,1321,4,3,6.7,1481151,8.1,16.0,36898,152808,44031,0
50,642855,731,2,299769,5792147,647,2,3,1.1,2117012,5.6,23.1,11935,73172,35082,1
50,1160880,751,3,198211,10447120,1061,2,3,11.0,1660032,8.2,21.7,63205,69787,64080,1
30,639971,833,5,179964,11293342,1414,3,3,4.9,2368652,7.3,5.6,27747,97363,29595,0
24,1817662,671,4,380248,9293863,1279,4,3,5.2,2898356,5.1,1.6,45103,69979,32645,1
56,762569,658,5,39198,11677485,1336,3,2,3.7,3382574,7.0,29.7,31101,81809,60458,1
24,1358127,686,6,495986,9866551,1331,3,2,8.5,2043692,6.0,5.1,68074,155743,51695,0
30,832341,700,3,410,9501044,990,2,1,1.4,2056017,7.1,11.2,23079,115929,61274,1
44,900709,639,3,113219,8425817,814,2,1,1.2,843716,7.3,21.6,45131,56602,34842,0
51,586364,652,2,0,7265937,710,1,1,14.3,1023275,6.5,26.4,23470,60685,30748,1
52,696411,835,4,34111,12232782,1276,3,2,7.7,4119947,5.9,25.8,40268,103270,75198,1
58,670360,803,2,322326,6621476,679,2,2,7.0,1489639,6.0,30.4,19610,75667,42646,1
45,1680883,675,4,418195,6213220,1100,3,2,11.3,1031899,5.1,20.0,66059,76188,32501,1
59,733501,810,4,12817,8505709,927,3,3,17.4,1861400,5.6,35.2,26335,98436,23790,1
52,859089,676,3,182696,8817873,1263,2,2,8.5,1470934,5.5,28.9,23004,68235,66304,1
28,567972,638,1,212376,5787601,943,3,3,12.3,594925,3.4,3.9,19036,53606,51452,1
41,720642,764,4,170528,11177019,1212,3,2,4.3,1882820,7.5,14.3,15262,71885,58823,1
61,998567,638,3,45034,9395546,1015,2,1,3.5,3205446,8.0,36.0,40154,124417,38439,1
50,979887,704,3,452196,10399495,1050,3,3,10.1,3362445,7.3,28.0,37303,84404,56533,0
64,661502,786,2,385455,3517441,620,2,1,11.9,435271,6.1,35.2,23251,48794,35483,0
27,765319,567,3,145586,9769920,1158,3,2,6.1,2682982,8.0,0.0,30477,131653,38097,1
39,1224708,705,4,0,7649724,976,2,2,15.1,1954084,7.3,12.3,52306,117919,37783,1
46,864628,749,5,251374,12099744,1091,3,2,12.1,2674985,9.7,25.5,36967,147405,30274,0
46,724443,814,5,134365,10799446,1471,3,2,4.7,2420368,5.1,20.8,40296,119785,50791,0
60,622449,731,2,154348,6548463,879,2,3,5.2,937930,5.0,37.3,16318,75289,40410,1
31,871260,714,3,92112,9366425,970,3,3,33.8,2058162,7.8,9.0,39137,139948,29854,0
29,522959,654,3,104934,4942228,908,3,3,8.6,1068625,4.4,5.8,24933,78532,20545,0
28,679835,707,2,75707,11551306,1033,3,3,6.3,2577352,7.0,0.0,42213,95216,27258,0
49,637707,691,4,105751,9959109,1149,2,1,14.3,2355175,8.1,24.1,10000,94915,53209,1
64,855924,667,2,271047,10711802,1092,3,2,8.6,617678,5.2,35.7,13091,108620,67163,0
60,594890,670,2,180114,6244692,516,1,2,11.1,1806768,8.5,35.1,25148,46260,17665,0
40,821145,672,2,50127,8175555,830,1,1,16.9,1874409,7.9,16.8,22097,86763,26185,1
36,298508,693,2,26906,4728980,461,1,1,5.6,1189776,7.4,7.4,20245,51234,12085,0
30,921666,750,6,306057,15188629,1554,4,4,6.5,3596652,6.8,4.4,24559,166887,96152,1
50,530980,709,4,34302,11940520,1376,3,1,9.0,3440610,4.8,22.7,15413,103662,74845,1
34,649992,826,6,198422,11195066,1251,3,2,4.1,1658746,5.4,6.5,27809,116204,75217,0
29,561829,667,4,99991,11625367,1208,3,2,5.6,2157387,7.1,2.9,30283,158288,28991,0
43,1210778,688,3,600340,15132981,1309,3,3,5.5,2193768,6.0,21.9,43097,162675,64986,0
54,658877,719,4,49767,6825096,986,2,3,8.3,1706751,5.9,31.3,31171,67805,35333,1
57,1103865,756,3,422988,9411865,905,2,1,24.3,2620462,7.2,35.0,45134,148752,39822,0
30,571167,636,6,158863,18590997,1645,4,3,3.9,3805273,7.4,0.2,14265,184314,45454,0
62,390681,656,3,36203,9281865,1176,2,2,6.7,1767741,6.2,38.0,22459,126466,34920,0
29,1077830,738,1,518370,4902370,580,2,1,5.1,873184,5.6,8.1,16699,66071,12831,1
42,798590,636,4,119783,8480565,1271,3,2,5.5,1646333,5.1,14.3,46344,117243,47908,0
57,697360,749,4,181448,13021878,1148,2,2,8.2,3471083,8.5,26.7,18844,155651,41985,0
46,1087116,741,2,78763,8579412,870,2,2,3.6,2942046,7.1,21.7,51180,58950,56054,1
65,766922,692,3,200971,5398717,758,1,1,3.3,1121436,5.2,40.0,17508,61257,43297,1
33,852382,670,2,39658,10809553,968,3,3,6.3,840997,8.2,15.1,33073,151570,45666,1
55,521134,818,3,197546,10304144,1238,2,1,4.7,759642,7.9,30.8,17369,92958,56339,0
34,485185,575,2,207984,5028244,600,1,1,4.5,1914903,5.3,16.6,26859,55588,13798,0
46,1713530,676,2,634245,6807065,817,3,3,2.2,798158,5.7,17.0,109453,94694,49413,1
62,1336537,700,3,288490,11008692,1256,3,3,8.8,3167549,5.5,38.9,41365,79257,25704,1
64,994009,685,5,25862,12055290,1284,3,3,1.8,3427519,6.5,33.6,20730,84917,63024,1
42,668326,757,2,48828,5542960,755,2,2,4.0,265437,5.6,11.0,25943,63217,32341,1
32,735022,666,5,85253,9979672,1360,4,3,7.5,2518073,5.5,6.1,35867,142745,66530,1
26,551850,691,1,35753,6377767,917,2,2,9.0,1148775,4.0,0.9,25600,43173,42348,1
32,857541,689,3,3771,6553884,1303,2,1,17.7,1479604,4.3,6.0,52182,53276,81937,1
49,1091393,701,1,174422,5336953,590,2,1,12.2,1124170,8.2,25.3,44920,69881,11851,1
51,731157,805,5,302754,11537046,1123,2,2,7.8,2210405,5.7,27.0,24989,125732,60863,0
46,741644,699,3,125198,9139827,833,1,2,9.6,1826233,7.1,24.2,40581,107777,21856,0
49,778160,687,3,16081,11228906,1322,3,3,5.4,2117677,6.0,29.6,22864,71683,56826,1
28,1074144,739,6,105143,15353402,1409,2,2,4.1,3034937,8.2,7.4,18635,138275,42541,1
32,895211,671,3,236126,7651755,960,2,2,13.8,2003306,6.3,11.5,35278,110001,30205,1
46,624219,720,2,49626,8313260,912,2,1,9.8,855154,5.8,22.7,16782,84641,46706,1
35,491908,554,4,122549,11505428,976,2,2,3.8,3680618,9.7,10.2,17959,105938,29276,0
40,1196300,661,1,192936,6170994,563,1,1,1.5,868900,7.1,18.3,52176,63489,28994,1
62,383373,746,6,5821,16336294,1887,4,3,5.6,2621617,5.8,33.3,20488,213387,85669,0
49,952988,717,6,212116,16710935,1846,5,4,8.0,4726840,6.5,27.7,46862,124445,55844,0
58,1005867,676,1,235863,7336715,615,1,1,8.2,1052937,8.3,33.0,32916,104780,34269,0
31,1190033,797,4,89522,13112087,1262,3,3,1.3,2095719,9.2,7.6,19689,172345,69202,1
52,622335,789,3,255563,4918250,739,2,2,4.0,1706591,5.1,24.2,29117,37170,38292,1
52,1748930,675,5,841583,9233903,1033,1,1,24.3,579372,6.1,23.2,48064,94273,48439,0
33,1584031,777,2,141868,7570021,836,1,2,11.6,2096791,6.6,9.2,45377,118122,20229,1
60,1597280,737,4,129109,9593959,1066,3,2,4.9,2019345,6.1,31.8,70544,128483,43803,1
62,939439,734,3,378439,10071023,1168,3,3,15.3,2509438,6.6,40.0,25472,66599,26379,1
32,876975,783,5,389191,11499598,1146,3,3,7.5,785369,6.8,0.0,33204,109378,60049,0
48,708834,658,6,94367,16988121,1849,4,3,28.1,5734761,4.5,20.4,25499,219931,73893,1
39,1696710,761,2,37045,7760464,903,3,3,1.9,1423281,5.4,12.2,47681,62626,20269,1
55,674571,743,4,318779,9804332,1028,3,2,10.1,2091393,6.8,31.9,28117,89791,51454,0
59,1007506,697,5,289270,13613538,1426,4,2,3.2,941544,5.7,32.1,36160,209937,60971,0
23,1320953,730,5,51275,15198006,1318,3,3,15.3,2217210,8.2,0.0,50208,218901,60884,0
28,1563657,729,2,211897,6980702,984,2,2,13.7,2398459,5.3,7.4,46512,81054,28172,1
38,734869,649,6,172320,11376019,1339,4,3,7.0,2366281,7.8,15.2,37694,177590,55628,0
60,925052,758,3,128507,9770091,1252,3,2,11.9,2421071,4.5,31.6,36257,155155,75498,1
31,1522581,632,4,593607,8044425,1203,3,2,7.1,1399490,4.5,5.2,74443,51459,55622,1
41,1372076,678,3,147004,11970763,1084,2,2,12.6,3356836,8.7,15.3,40923,164947,69168,1
60,826941,671,4,185110,11183229,1131,3,2,6.5,1583328,8.0,35.1,29252,165996,36553,0
37,653986,726,6,100725,11374122,1441,5,3,6.5,1159962,6.9,18.4,21854,96998,69749,1
24,837040,736,4,402988,6876085,736,1,1,19.2,1650435,6.5,0.1,43204,76362,46630,0
65,1069699,734,4,93768,14177091,1265,3,2,25.1,3224171,8.0,40.0,71077,164238,34170,0
57,901843,781,3,234746,8045884,884,3,3,23.9,1425962,6.3,30.1,23370,121717,28879,0
45,554291,762,4,192894,8738536,1244,2,2,5.4,918324,4.4,24.1,24043,117369,25117,1
61,1601036,769,5,535843,16812635,1490,4,2,5.7,2602935,9.0,35.9,52307,154101,45383,1
46,436772,770,3,214272,6669062,1023,3,2,10.5,745326,5.1,22.9,18988,82669,53106,0
40,1233378,672,1,598676,6925954,725,2,2,11.3,623652,8.5,22.0,61443,104798,28674,0
41,949363,719,1,94042,8660797,683,2,2,10.5,1063549,9.4,15.7,38806,113390,35792,1
25,572230,752,2,73572,6697749,764,1,1,14.3,1437934,7.5,0.0,36132,99562,48062,1
64,541324,760,3,84596,11140080,985,2,1,2.8,1309567,7.2,40.0,10000,83650,24356,1
64,1067550,676,3,234058,4930297,806,2,2,10.5,1598089,5.6,40.0,50398,63662,44278,1
64,791308,731,4,236620,17829249,1377,4,3,11.9,5479382,10.0,34.2,10450,207250,84670,1
35,1197945,686,2,248769,8438962,804,2,1,7.5,908585,5.6,11.2,64001,105725,31953,0
51,887453,779,5,412077,12507925,1269,3,3,1.6,1209530,8.4,28.4,46276,151062,72018,0
26,1037286,649,3,367383,10473114,1172,3,1,14.5,3308436,7.2,6.0,65786,118046,74124,0
50,258798,614,4,173121,13575779,1381,3,2,19.3,1134477,5.1,25.9,12392,126631,58017,0
62,645737,716,5,38575,12688708,1418,3,2,4.1,4072012,7.5,35.5,50449,199136,62747,0
28,468223,700,4,151396,9144864,1149,2,2,9.0,3092372,6.1,9.4,35862,77389,72240,0
53,1107545,720,4,521358,13436130,1140,2,2,13.1,3829712,7.8,28.0,37229,100278,44471,0
37,1487663,712,1,190947,7939403,731,1,1,10.6,2585410,6.0,12.8,31828,101134,45673,1
49,838911,670,5,126656,12480104,1316,3,2,10.7,1330742,6.7,30.1,38721,166290,27247,0
58,926949,680,5,154953,11898053,1492,3,3,12.6,753089,4.3,37.4,20980,73616,91802,1
43,881569,744,3,54050,8423865,1238,2,2,26.6,701767,6.0,22.0,53722,72246,40265,0
54,762181,617,5,163337,10533884,1196,2,2,9.6,2791270,7.1,25.9,17988,156442,61812,1
45,698061,687,3,286886,8788839,907,2,2,10.3,1949231,8.5,26.2,18497,132919,22824,0
46,1490259,740,2,648967,6052040,582,1,2,7.8,1652561,7.7,21.4,38541,94022,33705,1
56,518956,716,5,174197,17285632,1638,3,2,23.3,5101886,6.7,37.0,10000,221231,74358,0
65,913216,574,5,242495,12711931,1610,3,2,4.9,4051988,5.1,40.0,24614,164785,86814,1
63,959921,691,3,242839,10211215,1146,3,2,4.1,2635264,7.6,34.5,39052,95462,30676,0
45,2015807,743,1,162620,8855237,781,2,2,1.0,1479370,9.3,21.0,90744,101415,47179,1
50,1353617,655,4,599303,13554559,1322,4,3,25.5,4173444,7.1,28.4,92206,133189,35329,0
58,659628,649,4,164108,13922175,1230,3,3,5.4,4387958,6.8,29.8,34056,186865,33960,1
41,782935,639,4,192965,7931022,1238,4,3,35.0,1102878,3.2,20.1,29632,89853,25542,0
25,1333874,691,6,455665,11383549,1475,3,3,19.2,807684,4.3,1.0,60267,165669,58960,0
23,1975130,735,4,367524,14981325,1459,3,3,8.5,2767829,6.9,0.0,58717,190902,94001,1
53,757257,582,4,197799,7895629,1269,3,3,13.7,2065720,3.1,29.6,28168,74688,48119,1
63,982853,764,4,252989,12226200,1222,3,2,4.9,1437796,7.6,35.1,38241,154827,43747,0
35,993444,690,4,349847,12827749,1389,3,1,8.0,3252759,6.5,12.2,12124,183316,67465,1
64,686891,731,1,259409,6703552,876,1,1,11.7,930747,5.7,38.0,35743,106377,25347,0
26,663152,668,4,214284,8525767,1335,3,2,12.1,1204412,4.7,0.0,27524,53945,68005,0
55,893877,718,4,300461,12337596,1343,3,2,7.5,2940572,6.9,37.3,27720,78722,50730,0
57,546416,646,6,165977,12819380,1020,3,3,1.3,907005,8.2,38.9,21975,160786,21346,0
43,1055021,705,4,385951,11412461,1484,3,2,5.9,2869141,4.0,17.1,26410,117236,48934,1
64,808877,669,5,123007,11749770,1298,3,3,1.1,850875,6.9,40.0,11008,158704,63892,1
65,883842,630,5,328969,12595153,1186,2,2,11.3,2878543,6.7,40.0,27560,183396,56339,0
57,1953683,658,1,685397,8147326,929,3,2,3.0,829226,6.0,31.2,46015,82333,49417,1
26,762190,738,6,321334,14883721,1719,4,3,2.0,2148483,7.0,0.0,14753,162568,78109,0
50,815006,678,2,187831,5039103,782,3,2,1.7,1189981,5.1,23.1,37245,78698,39148,1
38,554550,548,6,119044,20143796,1927,4,3,7.9,6550958,7.1,19.2,19421,191250,121221,0
46,852594,844,5,151071,11748967,1085,3,3,6.7,2356399,10.0,23.7,41405,145803,69485,0
54,750443,650,4,261094,15065164,1260,2,2,1.5,4225226,10.0,33.9,30292,120552,33074,0
36,768780,664,4,174195,9536294,888,1,2,5.8,1449214,7.3,12.0,39695,125819,34106,0
53,1054074,748,5,287375,10390371,1477,3,2,17.9,3093492,5.6,37.2,58106,95219,47947,0
39,574425,725,5,112624,12317669,976,2,2,7.1,2642653,9.3,18.6,10000,93497,44638,0
59,1757262,738,3,741262,12311709,1303,4,3,8.8,1467756,6.3,35.8,78534,145612,39643,0
35,555606,686,5,130938,11691673,1436,3,3,7.1,2852433,5.2,11.6,20473,183908,81808,0
27,460179,634,3,76910,8886209,788,2,1,6.1,717416,6.2,5.3,21621,55012,39563,0
44,630500,564,5,220824,16046795,1452,3,1,9.1,4624372,7.7,20.1,31517,190245,39195,0
64,903905,661,3,23913,12344813,1081,2,2,4.3,2081702,7.6,37.5,57982,186901,54331,0
37,753095,683,2,0,7725719,969,2,2,1.0,2027966,5.4,13.7,34446,95887,21340,1
27,1146094,709,5,340916,11498060,1429,3,2,6.3,3483271,7.2,4.0,58221,124561,77895,0
28,688560,730,2,54541,8324672,1198,3,3,10.7,614468,6.8,2.2,24899,124627,63605,0
56,1427438,776,2,285458,5856382,809,2,1,7.5,1104892,5.2,36.6,64597,83706,17549,1
55,928749,599,4,205550,15492687,1271,2,1,8.6,3423655,9.4,32.7,48417,237904,53186,0
28,420260,714,4,58343,12921128,1517,3,2,16.2,1592251,6.1,4.7,21391,82146,43648,0
38,594546,665,5,92480,15879519,1420,3,1,18.3,3688963,6.3,12.2,31068,218622,65238,0
39,719184,733,3,68780,10249240,1214,3,2,3.4,3284254,5.9,19.4,10000,150733,36590,1
57,725200,633,2,222789,5337154,579,1,1,5.1,732271,7.2,36.1,45639,51491,13248,0
57,1365068,601,2,261402,4729255,589,2,1,1.0,1023891,6.7,34.6,47131,47517,24929,1
60,1295531,654,3,597888,6898796,1020,2,1,9.5,668644,3.6,31.6,70175,70485,49028,0
59,730867,679,3,250561,6984934,1071,2,2,6.3,953079,6.2,40.0,42113,51250,51179,0
23,681967,702,2,210522,10565205,1242,3,2,17.3,812288,7.1,0.0,22879,100225,70545,0
61,903752,688,1,19832,6023865,758,2,1,6.6,285556,5.7,35.7,32572,74610,37816,1
40,560352,684,6,303121,11370248,868,1,1,4.1,1889259,8.9,18.7,24103,176375,27157,0
23,1042953,720,4,295125,7873179,1329,3,2,8.3,2520974,5.6,0.0,25466,109363,52183,1
46,811890,753,5,220136,12616376,1421,3,3,6.4,1506795,6.7,22.0,27930,105737,38822,0
63,1051840,707,4,220959,6817570,962,1,1,19.6,1185623,5.2,35.9,56844,47311,22617,0
37,1117549,782,3,48962,8510208,960,2,3,3.4,2201207,6.6,9.6,53742,67293,31935,1
35,684266,796,5,294459,12573025,1181,2,2,8.5,3866837,6.5,3.4,34818,124449,27975,0
27,456643,682,5,27265,8177247,1082,2,2,7.4,504059,5.9,5.4,10736,56011,31573,1
42,1084660,727,4,337168,10933276,1026,3,2,13.5,3591873,7.3,18.7,34700,93847,32332,1
30,1567741,693,4,635561,10208371,1107,2,2,4.8,3240863,7.3,10.5,76075,80002,39355,0
44,1407230,645,3,599689,6088047,911,2,2,16.5,899783,5.1,15.7,70858,67167,27448,0
63,515174,728,2,33086,8749773,918,2,2,8.3,2707342,7.3,40.0,23241,87346,40671,1
56,1369022,743,5,0,12403079,1214,3,3,33.1,1893548,7.2,34.1,71437,85055,68573,0
29,973397,817,4,500275,11093027,1271,3,2,1.0,2984555,4.1,0.5,45717,115213,69929,0
51,466209,702,3,206251,13585671,1066,2,2,3.9,1872665,10.0,26.4,24286,114214,29054,0
55,1095421,719,3,513445,7141092,961,1,2,6.2,1076471,6.2,26.5,51347,64717,22344,0
47,853917,691,1,127779,4895598,450,1,2,8.7,1035098,8.3,23.3,40400,67186,16222,1
32,405245,716,1,93392,6650535,775,2,2,24.0,483035,7.1,7.9,20640,64606,22540,0
44,688224,625,3,118772,4971342,742,1,1,11.5,1103882,6.4,15.0,23670,74945,38669,1
36,980794,747,4,182961,13672072,1633,3,2,4.7,748147,6.7,9.6,56631,116990,63466,0
43,918297,646,4,368002,6964654,984,2,2,8.6,2402079,5.1,12.2,30889,68348,37026,1
49,1132937,793,3,354457,8263221,624,1,2,5.8,1363848,10.0,24.6,39606,106430,16095,0
59,546734,643,3,197192,10367593,1254,3,2,3.6,2018145,5.9,37.4,44850,133798,48743,0
26,455974,748,2,63505,10137293,1183,4,3,5.8,1925700,7.3,0.0,27957,84304,28783,0
62,925497,765,6,425475,21414584,1659,3,2,2.8,1457632,9.3,40.0,35291,329726,38142,0
50,812550,806,3,0,10981057,794,2,2,3.1,1771017,9.5,27.0,47165,166683,27112,0
54,642870,674,2,386440,6751619,815,2,2,7.2,1781133,5.3,26.7,25469,87653,27584,0
47,455900,680,3,160474,8022899,1021,3,2,7.6,972810,6.8,25.6,13140,115029,49800,0
57,1067000,651,2,520115,6877676,619,2,2,9.9,902418,8.0,30.6,29241,102249,36653,0
25,1606200,785,4,53808,7185198,1258,3,3,6.4,1199515,3.7,0.0,68639,90040,52463,1
24,292936,721,3,115807,12136779,1303,3,3,8.4,2267115,6.3,0.3,12999,107020,38119,0
43,1155612,634,6,447419,9521323,1494,3,2,6.6,3455660,6.1,17.5,35236,152308,59943,1
35,562074,836,5,183813,10538705,1523,3,2,2.2,1008860,5.2,13.0,11239,111450,92546,0
34,566426,636,6,224932,13860062,1827,3,2,7.4,3761030,6.0,12.9,19625,178040,51329,0
23,563930,718,2,173431,6978684,675,1,2,8.6,483930,8.0,4.0,35520,58624,22536,0
34,932539,675,5,409504,12207815,1197,3,3,3.7,1965480,7.0,6.2,46071,110285,73223,0
26,1055245,735,2,78080,12944500,1371,3,3,5.7,1118780,8.0,3.6,39822,115657,54247,1
27,1091635,704,2,427758,5869649,989,2,2,4.1,2000290,4.2,0.0,43923,82819,54414,1
42,505141,700,5,21898,8694414,1360,3,1,6.0,2497233,6.8,13.0,23483,92084,79150,1
25,920394,539,3,372339,3124948,769,2,2,3.5,825916,3.2,1.0,36143,38366,36086,1
54,1721163,626,4,372635,6349778,946,2,2,12.0,1330840,5.5,34.7,73734,87707,43870,1
44,1600015,664,3,488594,9098271,1034,2,2,7.3,808318,5.2,15.8,75024,117318,61487,0
27,674676,585,2,248322,6088999,705,2,2,8.0,2108503,5.8,0.0,25202,96560,38718,1
47,893955,631,4,71211,12135226,1173,3,3,35.0,1151132,7.1,18.5,16525,117154,62297,1
53,749828,737,2,0,6744733,728,2,2,34.9,1165818,7.6,24.8,37410,97669,36050,1
30,956298,727,5,222639,14004152,1508,4,3,10.2,1117825,5.2,0.1,47714,84360,67755,0
40,1822512,729,4,598587,10111730,1277,3,2,16.1,2223259,4.5,16.0,55577,87816,33434,1
45,991048,697,4,138557,11864989,1299,4,3,18.3,3590710,6.9,19.1,44668,136772,36939,1
40,823029,750,3,459947,11015757,1121,2,2,7.4,3530010,6.5,15.5,50331,89803,49564,0
47,903784,695,2,282552,9791427,1325,3,3,16.3,1749750,5.6,23.6,25010,122113,73977,1
30,1092430,717,5,380402,10300114,1319,3,3,7.8,3281576,4.5,0.4,49570,126751,85389,1
59,1264306,738,2,313215,8684486,992,4,3,9.6,2070101,6.5,32.6,46485,114716,58287,1
50,1032002,729,4,248983,7142906,986,2,2,10.7,572041,4.0,24.0,46546,68609,31928,0
54,845262,694,5,132181,9457423,1139,3,3,9.5,2558677,6.3,30.5,30156,130851,27530,1
31,1719847,614,3,61002,10077308,1053,2,1,11.5,2861437,7.7,12.8,87806,132588,32822,1
56,2318729,762,4,146765,9836981,1135,3,2,11.2,2945661,5.5,38.7,111732,108657,28992,1
41,818931,663,5,375993,13530749,1266,2,2,15.4,1682595,7.0,21.6,37622,137916,79965,0
25,1063025,735,5,383551,11325351,1425,4,2,34.0,4149036,5.1,0.5,28458,71422,59188,1
26,1060148,729,3,447399,9435483,912,1,1,14.6,2209051,7.3,1.7,32955,103703,45607,0
24,1282084,688,3,428656,4265506,557,1,1,2.7,1060202,7.1,0.0,39419,32649,27526,1
36,880327,637,4,333096,15203025,1412,4,4,6.0,4017679,9.3,17.0,28458,241517,52927,0
62,705548,814,5,240284,9836751,1297,3,3,7.1,2027612,6.4,39.2,16788,124926,72416,0
61,654009,779,3,57005,7961761,1066,2,2,5.4,2115571,5.5,32.4,32780,114238,48989,0
49,947250,659,3,331376,12176620,1104,3,3,15.3,3097613,9.5,28.1,47167,103222,48356,0
47,489972,678,4,29362,17612227,1594,4,3,10.7,4766496,8.8,23.3,21213,254578,57995,0
24,521793,700,5,181741,9731107,1254,3,2,3.3,714663,4.5,0.0,17535,117646,44997,0
32,841720,632,3,0,15361252,1236,3,2,11.6,4344907,7.7,9.7,41060,113420,26547,1
51,743537,687,5,195834,13877354,1449,4,3,24.7,3305786,7.8,28.6,16428,139836,31293,0
27,837481,753,4,287501,8123795,947,3,2,18.1,2013311,7.0,0.0,27454,125649,45713,0
33,656282,629,3,122881,8015372,804,2,2,7.5,988207,7.7,4.2,13948,108198,40269,0
31,1327236,650,4,518172,15162070,1515,3,2,3.1,4105945,8.2,9.3,53836,189806,39919,0
38,1029716,627,4,412400,13565208,1122,2,2,23.1,2028138,8.0,7.1,26274,89974,25829,0
48,761251,743,3,287442,9549245,1096,2,2,3.6,1555670,7.3,22.7,39005,76488,48344,0
32,405109,609,4,127347,15317967,1377,3,3,2.7,4371261,8.1,10.0,18065,191025,31538,0
59,895758,675,2,240373,4582325,481,1,1,14.7,629368,7.4,37.1,44453,65347,26751,0
44,931740,720,5,204017,14811825,1385,2,1,2.0,4139884,7.2,18.8,23196,116347,49008,1
55,783079,726,5,305810,8772056,1085,2,2,5.1,1601253,6.2,30.6,40555,57516,40926,0
50,684521,711,5,52812,14836627,1553,4,2,8.8,3008328,7.3,22.1,34775,205489,34910,1
43,1604875,619,3,286697,9595665,1212,4,3,7.8,929713,6.3,19.6,45187,115903,48982,1
32,875935,787,4,105900,13436865,1406,3,3,17.3,2729631,6.4,0.0,20183,85070,76937,0
25,1451820,649,3,410854,10406123,913,3,2,10.9,1993001,9.3,3.6,67506,83282,53817,1
52,741918,624,3,30496,5941458,985,2,1,5.4,1869845,3.4,28.4,26117,45782,45519,1
65,1194268,807,4,413148,10589613,1404,4,4,14.8,708270,4.8,40.0,70441,154617,43801,0
57,1827734,712,4,805311,11078149,1145,3,1,3.5,3739803,7.9,36.6,55324,85493,72727,1
27,809162,693,4,180440,8888047,989,2,3,12.8,2018681,4.1,6.5,47210,132818,29977,1
40,1293582,741,4,366322,13253748,1188,2,1,35.0,2855535,8.9,13.4,31765,113000,60346,0
28,755810,798,4,338702,12261647,1122,4,3,8.2,3651171,8.7,6.5,16743,77740,44377,0
54,1231913,697,2,475144,2679969,484,2,1,10.3,300044,5.3,27.5,63070,21562,30150,1
27,587818,710,3,132040,14148894,1365,3,3,2.9,1494107,8.0,9.2,21891,102049,78366,0
43,974147,728,4,262429,10302812,1060,2,2,4.2,1595025,7.7,17.4,35020,84891,28884,0
43,1030267,755,2,393425,3017205,524,1,2,11.5,550632,4.1,23.9,61198,24586,25104,1
27,1354677,723,5,68263,15047249,1433,3,2,11.8,2037168,7.2,6.0,28437,206477,59657,1
50,604597,667,4,144655,8643755,941,2,2,13.5,2106190,7.8,30.4,33736,103077,40398,0
38,1133198,727,4,539842,5524309,1172,2,2,11.3,1727901,4.9,13.8,43034,72489,41572,1
44,675507,654,3,75509,12343559,1217,4,3,11.7,3288013,6.8,19.6,18739,117643,73632,1
44,724348,602,6,131833,19345918,1750,4,3,7.4,3675678,8.1,22.4,28559,116209,70146,0
35,725231,671,4,259197,15271894,1658,3,2,11.7,1361550,4.4,9.3,12989,96902,103192,0
56,1814889,663,4,229719,8044468,911,2,2,3.8,1876610,7.9,27.1,49059,48802,52002,1
23,822374,767,5,102448,10638234,1390,3,3,8.6,2533792,7.1,5.5,22307,137553,28760,1
31,1526455,584,5,122383,9371817,1244,2,1,6.2,590543,5.4,6.9,81568,58902,39531,0
24,801629,684,2,309231,8163074,827,2,2,16.1,1197804,6.3,0.0,14458,98652,29240,0
31,686829,695,2,0,6687948,995,2,1,10.0,1403064,4.9,3.3,23198,57831,58211,1
65,1160828,768,5,243793,9081274,1368,3,3,2.9,2044426,4.9,36.3,30319,74291,70805,1
60,1265429,697,5,47422,6518398,1194,3,4,8.9,2314214,2.9,31.4,53750,81043,35073,1
31,456816,757,3,229413,5208504,947,2,2,8.3,1307626,3.5,2.3,24007,66625,38556,0
54,590997,754,2,122254,7461008,784,2,2,9.9,2355337,6.6,31.3,30930,107197,37764,1
65,702259,698,1,130015,5168937,593,1,1,7.5,713829,5.9,40.0,32422,33834,15482,1
42,984050,657,4,366663,9402659,1113,3,3,7.3,3131274,5.1,15.0,28091,122330,49177,1
32,1327478,742,4,126880,8856376,1046,2,3,1.8,2072285,6.8,2.8,53102,84766,65987,1
56,1374629,722,3,441126,13014512,1208,3,3,1.5,918342,7.2,25.7,31066,139831,71891,0
51,944841,598,4,189385,7827756,840,2,1,35.0,1007478,7.4,26.2,45020,72849,35787,0
65,896186,703,3,396048,12331445,1167,3,3,15.6,3109941,8.4,40.0,27529,171653,57171,0
50,1535646,791,4,495082,11925722,1311,3,3,35.0,858765,6.3,24.6,46871,187449,53809,0
44,1059585,716,5,276069,10276386,1341,3,3,28.7,3719328,4.8,16.5,41159,159530,35091,1
48,1404472,748,3,432476,11320261,1362,3,2,1.7,944125,5.7,19.9,56494,177459,66989,0
64,1279180,567,5,391006,11873144,1198,1,1,21.0,2665882,6.3,38.2,59515,189544,75350,0
38,1249483,619,5,592471,15307213,1458,3,2,5.5,2679037,4.3,13.1,54772,93340,62420,0
29,451630,693,3,237263,8092968,934,3,2,6.5,1984875,6.8,2.7,28959,107836,20622,0
50,784210,741,4,186841,15226191,1255,4,3,7.4,5022051,8.9,23.9,22199,146584,39419,1
29,1154700,667,1,375963,4777245,668,3,2,3.0,615169,5.5,3.9,56226,33255,20923,1
40,784345,850,3,239255,3756832,597,1,1,9.2,931216,3.7,14.0,34113,43421,28071,1
48,840278,708,2,158103,7186024,609,1,1,16.7,1286185,8.5,18.7,42360,61409,27427,1
42,554289,629,4,277015,7985523,1153,2,2,9.1,1383706,4.2,19.7,36440,53354,73164,0
36,1195261,659,4,277265,8652356,1249,3,2,4.1,2602271,4.6,12.0,26170,122910,71509,1
30,720119,707,1,205987,3642481,754,2,2,12.3,448843,2.6,9.8,23210,34811,33953,1
55,718371,695,4,251997,8352241,1448,3,2,4.0,854732,4.5,30.8,29520,124170,93497,0
45,651524,649,2,82888,6315886,913,2,2,17.5,891294,4.7,20.7,10000,89242,36246,1
56,810710,644,4,87354,8427096,1202,2,2,26.8,2007009,5.1,34.6,37083,128757,39190,1
25,804259,691,4,171201,13466943,1193,2,3,13.5,2227375,8.6,0.8,38433,98903,42602,0
59,327990,621,5,100145,13688272,1698,3,2,1.8,3444987,5.8,33.9,10000,216701,55062,0
60,1325133,624,4,188380,5662511,1107,2,2,9.2,1440205,3.8,36.6,72348,63086,38183,1
50,537981,688,1,211567,4522050,628,2,1,13.4,457598,6.3,18.7,10000,50265,26311,1
32,1141488,674,5,103291,9515937,1183,3,3,2.3,2230445,7.3,5.7,39883,74157,52009,1
37,843190,715,3,384957,8406524,829,1,1,1.0,2985236,7.9,11.2,31520,125044,20607,0
54,654551,746,4,173958,9509422,1185,4,3,3.8,1371493,7.2,28.4,22544,112090,33443,0
45,687222,696,3,398448,11835037,1156,2,2,11.5,1336580,6.3,25.9,18309,165643,34386,0
28,1136523,763,4,213152,7767920,1258,4,3,6.1,2420642,2.8,6.8,51001,94808,55663,1
24,843363,744,3,224106,7790297,894,2,2,13.0,2752473,6.9,0.0,35141,86836,19656,1
52,1020441,656,4,281160,14278509,1307,2,2,4.7,3870327,8.2,27.2,49839,217781,33156,0
50,1544437,677,6,398151,15269973,1731,4,3,8.7,2471470,6.7,26.8,66536,215703,60368,0
31,702968,614,2,86412,12874632,1175,2,1,1.0,1017640,6.8,10.4,24140,140720,65981,0
56,1542398,636,3,446058,8482522,1125,2,3,15.1,464892,5.7,28.4,68210,104829,41133,0
49,1333352,783,4,588515,5951267,1444,4,3,11.9,367352,3.6,23.3,51472,61582,58377,1
28,969436,660,6,38304,9490730,1242,3,3,3.6,2607267,5.4,2.7,42872,125038,63696,1
39,917891,664,5,250370,9704390,1242,4,3,2.7,2273053,3.3,18.6,31094,136300,66010,1
31,980675,700,2,0,8266264,761,2,2,1.0,1339307,8.3,9.7,40088,102160,18009,0
25,943166,689,2,325298,7071491,1006,2,2,19.0,1788325,5.1,0.0,61755,70013,41109,0
42,728842,701,3,282225,11261847,1116,2,1,9.1,2558873,7.3,20.5,12651,147998,26464,1
63,2476978,696,4,119479,5758510,993,2,1,5.1,1727635,3.6,36.7,68781,59450,33811,1
58,1243189,592,5,193610,10708787,1390,2,2,6.0,1149738,4.4,32.5,47650,113537,74720,1
35,619843,662,4,137856,11750679,1199,2,2,4.2,1670234,6.4,9.5,15667,132982,40591,0
33,933173,658,4,351261,7758143,1379,3,2,9.4,1373249,4.6,1.9,35551,123592,42079,0
35,1342466,590,3,586613,10794889,1241,2,2,9.8,3268496,5.8,9.8,73306,83659,79818,0
59,1086234,757,1,36285,5883061,724,1,2,12.0,1834354,6.9,34.4,46601,87997,40444,1
31,1946622,616,2,385806,4362629,581,1,1,4.4,1173287,6.1,2.5,87733,61598,28065,1
59,975707,704,5,18800,15833759,1417,4,3,24.3,5139076,8.6,30.7,62555,103122,50543,1
47,643157,638,1,140770,10708526,952,1,1,7.2,692499,8.0,17.7,33598,124498,37638,0
23,440311,671,2,99230,9176759,973,2,2,5.5,2988809,6.4,2.3,30342,91017,24085,0
55,769722,789,5,238185,13438301,1150,2,1,13.9,3285418,8.9,31.6,34624,95200,27985,0
53,1193977,678,5,201781,14475104,1549,2,3,2.8,2855615,7.4,27.3,24129,151233,45613,0
28,250000,636,4,19780,7152335,1084,3,2,4.5,1597801,4.8,1.3,10000,46825,34529,0
45,751338,746,6,209357,7801314,1363,3,3,12.2,1551601,5.5,18.6,44969,120780,75202,0
27,685358,696,2,204959,8276214,1002,2,1,13.4,1192406,5.9,0.0,29713,53812,27883,0
47,1212718,785,6,160552,14736436,1613,4,3,17.1,4172769,7.0,23.4,31852,231711,59028,1
40,844545,712,3,140373,8545334,1109,3,2,6.8,2305432,5.4,12.7,24405,53849,61779,1
54,804543,715,2,198289,8009624,854,2,1,7.8,2412509,6.3,31.2,24580,68690,31324,1
40,474476,703,4,247863,13087176,1447,3,2,11.5,4000093,6.6,15.1,12696,115706,84184,0
29,557136,645,5,146176,11204496,1313,4,3,3.0,3496475,6.5,3.1,21266,169025,80420,0
61,644796,714,4,194131,12504023,1055,3,3,9.1,909230,8.3,36.2,19960,110291,48520,0
60,1077923,738,2,135581,5076407,1048,2,2,18.8,1206047,6.9,30.7,44019,80341,28716,1
23,697953,818,4,165223,10751465,1310,3,3,27.1,1520205,4.2,1.8,21621,124680,47724,0
27,1001164,706,4,111868,10395915,1225,3,3,3.7,3475939,5.4,0.0,49551,137485,39884,1
32,848409,829,2,304228,5731681,857,2,2,20.5,1696816,4.7,12.5,23000,88270,35064,1
57,1415701,721,2,617286,5866072,719,2,1,12.3,1427713,5.4,34.2,76491,78979,33209,1
48,884234,722,1,189005,6711730,686,2,1,2.0,468149,8.2,21.1,29915,41017,14995,1
48,650987,715,3,187687,13469169,1105,2,1,6.9,3170023,7.7,24.7,22831,158509,65399,0
30,822035,649,2,110797,8102450,1023,2,1,2.9,2292096,5.9,3.9,42708,93551,53682,1
60,1085404,677,4,260805,17156085,1393,3,3,9.0,5665472,8.1,36.6,32308,226143,62046,1
42,582038,692,6,23968,10735678,1718,4,3,3.2,3556450,4.8,13.1,35139,157690,97571,1
24,1112175,653,3,361112,10983182,1087,3,3,6.1,933546,7.2,3.8,57153,93987,43172,0
38,723393,632,3,71533,9968579,916,2,1,16.1,526834,9.0,21.7,12119,114791,46957,0
23,548515,764,6,140340,10905504,1520,4,2,10.9,1232627,4.9,3.6,25823,155128,75031,0
26,1056859,736,3,161059,10475839,1101,2,2,11.1,3583819,5.9,2.3,49056,113053,66742,1
47,1876090,645,4,663054,9239164,1495,4,3,16.7,486292,6.3,23.4,88695,103428,36191,0
45,529159,799,5,158275,13856289,1644,4,3,3.6,4677031,5.9,23.2,23837,113227,96292,1
31,418808,741,5,214233,13738898,1389,3,2,3.2,1726824,5.7,10.9,13798,90709,47804,0
64,982261,660,3,78644,5727408,699,1,2,11.0,1740329,7.0,40.0,49798,70396,18404,1
46,1013019,684,3,297482,8987979,970,2,2,11.5,2227901,6.3,14.6,61958,89201,50432,0
34,754323,670,4,343269,14842510,1343,4,3,13.7,2342750,9.2,7.4,15799,117653,30211,0
24,606021,589,4,0,20567509,1810,4,3,20.7,4497953,8.9,0.0,19095,320113,111604,1
54,887689,729,4,76763,7977960,931,2,1,8.7,441725,7.7,31.8,32840,105341,52008,0
61,938560,617,6,346365,14883414,1532,2,2,18.9,3679475,8.0,36.5,30275,117782,59550,0
57,668546,713,6,175204,11444141,1547,3,2,2.8,724407,5.0,25.4,24404,132164,95930,0
57,485334,732,4,55702,9101129,1178,3,2,7.6,1458000,5.2,30.5,12689,70898,62938,0
38,938706,745,3,505964,9067282,1020,2,2,5.3,1300920,5.6,11.3,19407,72784,41254,0
52,1697125,833,6,354099,6785166,1395,4,3,4.3,918206,2.7,27.1,52306,51023,54051,1
54,1319696,635,2,174123,8466211,846,2,2,17.5,2652914,8.6,25.7,42227,57467,26884,1
32,371382,763,5,43567,13658004,1428,3,2,1.5,4750537,5.7,11.9,10000,153204,71183,1
49,901935,751,2,384293,11045878,1112,2,2,4.9,1337794,7.5,28.6,26169,76707,50233,0
41,1399532,627,5,115652,14692708,1616,4,4,11.4,5183886,7.8,19.4,66432,177999,69763,1
45,761020,690,4,220972,15489497,1268,3,2,4.5,1637577,9.7,28.5,49077,179104,28577,0
64,1139756,583,6,365471,15783713,1649,4,3,11.1,2636195,6.5,40.0,68645,245411,65966,0
34,600583,716,4,192186,11618020,1448,3,2,9.3,2040108,3.9,9.8,10000,161961,83502,0
36,1256792,647,2,228209,10525097,1131,2,1,5.0,2616424,6.5,10.3,61607,67542,42255,1
43,532085,778,4,152887,10074827,1205,3,2,11.5,3276322,6.4,18.1,12472,89570,45443,1
50,1042955,675,5,39641,8549395,1138,2,1,13.2,1579122,4.0,25.2,61599,63289,29111,1
47,1422202,780,1,569257,6951317,652,1,1,14.2,1761455,9.8,25.3,91551,77233,32796,1
35,806724,678,2,260035,10493131,1133,3,2,1.1,2340975,8.0,9.0,34414,125236,47034,1
65,449504,624,5,209665,11404105,1375,3,3,12.2,3789614,7.8,38.4,15355,99230,56520,0
39,1604653,770,3,263735,6798651,789,2,1,3.9,356882,6.9,12.7,67953,84413,26436,1
26,918632,669,3,274530,11365762,1180,2,2,10.9,2902230,8.2,5.0,33933,161663,52341,0
33,1069037,691,4,123258,6649006,922,1,1,4.7,1710744,5.2,12.6,39163,69185,22363,1
45,1060607,629,2,404778,5838412,662,1,1,3.4,895159,7.0,18.9,56789,46640,18817,0
65,688304,699,5,279723,18459829,1728,4,4,3.3,3219977,8.0,40.0,28933,133386,65979,0
40,1331314,740,4,94150,9002248,1241,3,3,12.0,1180410,7.1,16.0,69490,129437,60152,0
47,393786,850,5,23037,12468650,1321,2,1,4.5,1291771,6.5,24.1,14079,167071,38702,1
60,1094096,758,4,234144,17197062,1452,3,3,4.6,2975321,9.6,36.4,36880,256066,79511,1
39,1304130,736,6,292020,13464173,1568,3,3,15.0,2736317,7.1,10.7,61644,147350,99219,0
51,1157163,794,3,491694,6611546,820,2,3,11.4,1893947,4.6,27.2,28093,56855,25111,1
48,620274,705,3,139677,7502738,846,1,1,2.8,1223299,5.0,19.4,28275,53555,36193,0
41,907263,800,4,136287,7612324,1087,3,3,2.2,2570488,5.9,15.0,14252,79082,65643,1
27,798808,712,4,323237,12108869,1344,3,2,3.2,2210555,6.2,1.9,40405,107771,63302,0
26,659534,756,4,239139,9652534,1153,2,2,6.0,656287,8.5,3.7,19300,84084,23690,0
65,1405440,616,5,517099,10357903,1278,4,4,10.8,2625290,7.8,40.0,51168,86229,57643,1
38,568466,723,3,197845,8205220,925,2,2,10.5,2243566,6.6,10.2,23617,81684,54926,0
54,1416046,694,4,20542,8921679,1033,3,2,13.9,2846368,7.0,34.1,67086,128181,46109,1
62,1047336,763,4,164189,7432605,1020,3,2,9.4,2288949,5.3,40.0,38368,84700,61810,1
31,1009988,680,3,292591,10685098,1080,1,1,15.4,2554976,7.0,7.1,36180,117347,39833,0
55,910391,812,4,73015,14345132,1469,3,2,7.9,3722704,6.2,26.2,34103,154070,42227,1
36,1557682,760,5,156672,9978795,1389,2,2,11.5,1127397,5.5,9.1,47801,79240,48537,1
23,683586,733,4,46431,15235288,1271,1,1,17.7,2397909,7.8,0.8,12886,121066,44125,1
59,391269,701,6,47338,20236096,1871,4,3,3.5,4147755,8.8,37.8,20456,189755,81172,0
55,803211,744,5,365978,13645012,1437,3,2,9.5,4221445,8.2,28.6,44444,179438,62548,0
31,1400739,729,4,369607,12103067,1396,3,3,11.6,3006864,5.2,8.0,58114,193568,59994,0
26,482963,749,4,357,10938443,1354,4,3,4.7,1974309,6.0,2.2,10000,128421,43708,1
37,923267,793,3,422748,10574466,925,1,1,17.7,2616505,10.0,13.1,33275,105983,58835,0
43,686635,708,4,130539,13287765,1467,3,2,13.0,2893236,5.4,18.4,23539,100619,54952,0
40,689488,748,4,41814,7404512,1269,3,2,6.8,2536736,5.7,15.3,41888,58146,58048,1
30,853185,838,5,49820,6402644,1277,2,1,6.1,736194,5.4,9.4,16107,60366,41197,1
57,711585,778,3,106023,14219597,1209,3,3,1.3,1896408,8.4,33.2,40052,187838,76628,0
44,1573020,703,2,248207,7662945,907,2,1,5.8,1164657,6.5,20.3,83638,72456,41265,1
24,763340,762,3,106752,11948743,893,3,3,19.2,1675877,9.8,0.0,19816,113230,51329,1
24,1215352,577,3,415417,15337145,1302,4,3,7.5,2586263,10.0,1.5,49229,205567,44242,0
24,617854,611,5,115316,12407014,1125,3,2,10.1,1964745,7.3,0.1,24889,104016,41216,0
56,605023,743,2,281230,9175326,793,2,1,2.8,1032000,7.8,27.7,19951,106925,22939,0
41,838310,649,3,378148,11608389,1085,2,3,12.3,1318452,8.7,15.6,40148,72843,45999,0
50,945379,752,4,81582,6514199,859,1,2,1.0,1293995,5.2,29.3,10000,100085,42103,1
38,1385244,685,2,445753,11883945,1185,2,3,22.1,2390243,8.8,16.0,73737,73794,39602,1
28,944753,682,4,315793,11030773,903,2,2,22.4,3195526,7.3,5.1,29805,68496,29272,1
36,523732,749,4,0,8735587,976,2,1,20.9,2509801,8.0,8.8,15749,98849,57537,1
45,1268040,742,2,472969,8203098,955,2,2,23.6,2324186,6.6,22.9,74189,118453,48594,1
45,650950,748,6,96926,9886223,1419,3,3,20.6,2522300,5.0,22.9,29107,64627,81178,1
48,696828,698,6,267258,14101223,1347,3,3,3.5,2921513,7.1,23.6,10830,112828,46736,0
43,2600462,730,5,861810,16146192,1505,3,2,4.2,4983895,7.0,11.2,62524,201353,86342,1
65,984375,660,1,534356,6881873,738,2,1,2.4,445925,6.9,35.8,45815,73400,16267,0
51,812883,792,5,162243,10686357,1192,2,2,7.3,557377,8.2,29.1,25828,145431,57142,0
26,1437636,725,5,644751,12290461,1507,3,2,6.5,3715356,6.3,7.5,58985,135013,45619,1
52,1251023,631,6,407285,9768186,1315,4,2,4.4,3183153,5.3,28.6,80131,74950,83966,0
29,1011039,585,5,419845,20150407,1845,4,3,9.8,1621962,7.3,2.1,22711,247079,65693,0
34,1743636,727,3,358246,8778492,722,2,2,19.7,1231175,8.8,12.0,72006,59628,33144,1
46,619157,789,4,344497,15985322,1350,3,4,5.6,2230195,10.0,16.2,25625,168816,60075,0
32,573933,757,4,91727,13042117,1273,2,1,4.3,4203988,7.7,4.4,17680,103970,40253,1
27,1733873,639,3,226842,7469296,1188,2,2,1.3,1887516,3.2,2.1,64318,44861,42238,1
58,1218927,806,4,122358,8592646,1366,3,2,6.4,849366,3.2,28.3,46078,73516,63182,1
24,586333,782,2,101321,8087069,762,1,2,9.2,554076,7.5,0.3,20872,80928,19526,0
44,745710,678,5,183091,9809678,1258,2,2,8.1,2072715,5.6,19.0,49031,154958,48371,0
45,932156,756,4,94788,7181699,1072,2,2,1.1,1562053,3.1,21.9,55602,102778,56519,1
59,1032367,609,4,425972,3846634,688,2,2,13.0,793905,4.8,37.7,20637,41670,34778,1
57,517772,850,3,22577,17059964,1492,3,2,8.9,1915544,9.1,32.9,31687,225803,32308,0
23,1605452,560,4,186265,13715958,1228,2,2,14.5,4783904,10.0,0.0,35675,205398,60236,1
48,924464,699,5,59948,10052781,1278,3,3,3.2,2322969,6.1,14.7,22099,74026,28240,1
65,720744,770,5,258449,9437702,1248,3,3,7.9,1990204,4.0,40.0,14208,86365,64401,1
25,2289579,762,4,594410,14613606,1037,3,2,16.3,4356774,9.6,0.0,59340,149174,52705,1
45,1232040,687,6,399395,16165509,1944,4,3,7.5,4974267,5.8,21.8,43261,249241,123439,1
25,886768,675,4,171946,11256686,1416,3,3,13.3,2383771,4.6,0.2,25232,167950,55440,1
27,621290,610,5,247525,12224929,1134,3,3,4.7,1402274,7.8,0.7,30507,171820,54019,0
24,1246473,656,6,64169,9091920,1625,4,3,9.7,1378796,3.6,0.0,43956,55858,94056,1
45,507568,695,3,140462,10607455,990,3,3,9.2,1096790,7.5,26.7,30467,67398,33387,0
49,2156719,643,5,378389,10738735,1576,3,3,1.2,2866536,5.0,26.8,74624,68345,61131,1
36,1101784,759,2,96827,8839275,997,2,2,15.4,2771905,7.3,13.7,26479,86397,63045,1
27,477858,672,1,23397,8868823,726,3,3,2.1,655877,8.0,3.5,27488,113377,18441,0
62,1042586,624,2,183366,7354656,748,1,1,17.0,2045732,6.8,36.5,59011,53677,47120,1
40,422035,697,5,37832,15135935,1513,3,3,5.1,2074765,5.2,13.6,28593,128752,43640,0
27,1001874,702,3,174380,8530254,990,3,3,8.0,842363,6.2,0.0,23315,133018,63550,1
65,828934,684,4,299164,7672828,1002,3,2,8.8,1741793,5.5,40.0,24364,67808,50876,0
58,769721,683,6,110946,20748993,1715,3,2,11.9,4544125,9.3,36.7,40584,259062,92732,0
58,2370192,839,4,716437,8163302,1023,2,2,26.9,1844649,5.5,33.9,65149,87316,23175,1
56,698620,694,3,305085,10590545,1082,2,2,7.8,3564305,7.1,37.3,27653,168247,52406,0
59,1028295,689,4,377371,12711135,1427,3,2,5.9,2092395,6.3,37.1,51605,143363,90925,0
62,580885,673,3,115221,10416585,1318,3,3,6.6,2299422,6.6,34.5,15605,74527,41824,1
48,480794,681,2,86899,3290321,663,1,2,4.9,299348,2.5,23.7,30432,27105,16547,0
45,801937,608,2,304460,6968371,784,1,2,19.8,2107490,7.0,20.9,24710,54207,32812,1
39,856008,662,2,237661,9352062,833,2,3,11.3,1538426,8.2,11.0,26134,114900,16891,0
35,914693,649,3,256139,9474648,1174,3,2,5.9,1091261,7.2,12.9,43992,128128,54117,0
65,730143,746,4,39347,9956877,1185,3,2,8.9,3290590,6.0,35.6,23133,63412,39309,1
46,1242403,657,4,243061,12080257,1115,2,2,21.5,1791203,10.0,18.5,25956,77716,42233,1
26,643432,684,4,69835,14042695,1169,4,3,4.9,4832985,8.2,4.0,38424,135957,24300,0
54,733799,695,3,372520,11997247,1099,2,1,9.2,2758609,8.4,27.9,33935,74130,41931,0
56,667450,711,6,121920,18008445,1677,4,3,5.2,2031624,7.9,28.6,38689,264332,99090,0
39,711192,694,2,133945,5252288,521,2,2,5.2,576003,6.9,16.2,18807,58485,29168,0
30,1098217,732,5,525899,14166318,1522,4,4,5.0,3104374,6.8,6.9,69276,202721,59979,0
50,825140,690,4,379498,7315456,1130,3,3,19.4,2103123,4.0,27.5,43279,111564,54628,1
58,784576,599,4,79650,5739456,874,2,1,2.0,1840900,5.2,30.8,23307,91087,54400,1
65,1296219,654,3,291379,6320569,707,2,2,1.8,1689018,5.6,40.0,48745,64241,17971,1
47,457019,750,4,33597,11287322,1113,2,2,5.0,3384904,8.6,26.3,10000,86323,26253,1
64,657403,651,4,172069,10090425,967,3,3,7.9,3010998,8.4,32.9,19468,125804,33736,1
32,519959,790,6,49074,9114664,1492,3,3,5.7,1738181,4.2,6.1,10704,60270,74986,1
40,1688568,689,5,288614,9293270,1193,2,2,10.7,1309155,4.9,17.1,36474,143023,38695,1
43,783544,601,4,280461,11069849,1084,3,3,5.0,3583879,7.3,17.4,46856,89904,27656,0
37,776252,575,2,398302,8900877,927,2,1,4.0,1898477,7.0,12.1,25628,133260,31518,0
32,549374,661,1,76515,6918338,993,3,3,16.3,1506689,5.5,2.7,18594,44865,47344,1
48,1141678,656,1,344633,5750772,714,2,2,5.8,1795258,4.3,20.7,51402,73717,33875,1
44,820508,849,5,256483,15652014,1411,3,2,13.6,4499515,8.2,22.3,12141,249234,38978,1
61,519994,748,2,66454,9827626,1262,3,2,9.5,813997,6.2,40.0,24504,114876,49249,0
37,811222,687,4,389826,5982113,918,2,2,2.3,944184,4.7,11.4,47347,82175,56614,0
29,1017870,646,4,145094,15629815,1442,4,3,5.7,4629120,6.6,3.7,30687,172020,89843,0
51,902033,733,3,174497,14578712,1284,3,2,7.0,3177975,9.3,23.9,39783,190653,68279,1
29,2023957,679,6,845273,15119288,1514,3,2,8.9,2371528,7.1,6.0,106262,231377,71862,0
55,758331,684,4,179130,10391974,1388,3,2,9.2,3113989,5.3,27.9,33348,160051,31532,1
52,1166525,634,4,402165,10180145,1301,3,3,5.4,1223742,5.8,34.0,49541,69075,74710,0
42,609743,787,4,73757,13786592,1077,2,2,5.6,2082172,9.2,19.0,31962,180872,66510,0
55,419966,757,6,33803,11902330,1537,4,4,23.8,3593594,6.2,37.1,20414,146640,73264,1
45,722671,787,2,205791,6581899,931,2,1,2.0,619581,4.9,16.9,31796,43534,47752,0
31,1117377,794,3,99326,15646275,1305,3,3,9.9,2021514,8.7,0.0,37080,162265,40626,1
25,1060396,717,4,372631,9391443,1280,3,2,12.8,1820917,4.4,0.0,51055,138136,61795,0
33,553699,747,4,61426,9711573,1311,2,1,9.0,3206162,4.4,10.3,16846,133732,29341,1
33,1390532,771,3,177326,8233978,1038,3,3,10.7,1427053,6.7,13.1,38307,82313,66041,1
64,1141574,627,3,212526,9976131,1170,2,2,3.0,1268875,7.2,37.7,44027,139650,70924,0
64,366478,724,2,13712,4371337,511,1,1,19.0,474131,7.8,35.2,14241,64366,18770,1
34,405304,750,1,202983,6322423,676,1,1,13.4,1947081,6.3,9.9,10000,94176,27749,0
62,645092,728,4,180847,11973258,1224,3,2,14.2,3883885,5.8,37.5,23074,89999,52316,0
32,624891,642,2,266215,7212058,803,2,2,4.5,1977786,7.6,6.5,28876,91774,24746,0
46,1033447,639,4,400242,14149483,1384,3,3,3.6,2694246,7.9,23.1,29987,222555,59321,0
28,987550,772,4,246606,10715264,1122,4,3,4.7,2392583,7.7,1.7,47497,136199,53830,1
29,1026894,636,5,530107,10555677,1683,3,2,19.0,3599886,6.0,4.3,55414,167846,106757,0
47,768808,590,3,121235,5964213,1110,3,2,9.1,813075,4.0,19.4,39462,48766,28212,0
29,529724,691,5,47157,11592930,1431,4,3,35.0,2594033,5.5,1.0,12463,124879,38836,1
58,1759009,720,4,737789,13069283,1296,4,4,10.5,1228777,9.2,31.4,102617,160193,30277,0
45,1005696,624,3,218975,7327420,1015,2,2,9.4,620485,7.0,15.4,51410,83822,59434,0
46,1120324,812,6,184337,24856122,2021,5,3,11.3,1711516,8.1,21.7,53514,171697,62713,0
36,961741,729,4,4735,8983726,1140,2,2,12.7,1187494,8.3,6.8,53956,100919,33812,0
60,2069755,693,2,878848,8435898,942,2,2,27.5,1921901,7.0,33.8,123127,80682,50158,0
29,660936,785,4,336616,12035187,1244,3,2,13.0,3681653,8.3,8.8,34302,113154,80264,0
43,472920,776,2,0,9912386,1021,3,2,14.0,1056147,6.3,21.8,22662,113894,26568,0
56,978956,732,5,410837,10226821,1065,3,2,1.6,3589362,6.8,26.5,35256,86725,53018,1
28,755960,622,2,273909,7442373,869,2,1,5.4,368689,6.7,7.0,42946,87167,36931,0
27,806492,703,3,292925,8533939,1079,3,2,4.4,1831040,4.2,5.2,10000,110908,39657,1
63,1131021,780,1,498647,3367064,552,1,1,3.6,819554,4.9,40.0,21884,39904,26212,1
57,1304738,783,4,369019,12761800,1463,3,2,2.7,1545465,7.4,30.7,39751,119697,91018,0
65,1047477,703,4,70534,15555291,1528,3,3,11.1,1274637,7.4,40.0,39674,94181,67581,0
62,1082252,669,3,552184,2658016,451,2,2,7.1,845282,4.7,34.0,41883,21434,24302,1
51,1141067,783,5,8195,6705214,1030,2,2,12.0,954650,5.5,25.9,50215,50992,27870,1
52,497069,801,4,78261,7598391,736,3,2,9.5,1053904,8.7,27.2,10000,72134,14858,0
23,469100,712,3,156208,10858819,1074,2,1,24.4,2115715,7.7,0.0,17380,87427,34548,0
28,1253342,765,4,339976,11702132,1244,3,3,3.4,3192679,7.6,0.0,62382,72156,26285,0
39,1159047,632,3,156450,9744165,1111,3,2,15.7,541562,6.0,17.8,58205,109564,57823,0
23,446422,751,3,198212,8606602,856,1,1,2.0,1261924,7.2,0.0,13397,120848,27330,0
26,741059,637,2,253063,4000833,643,2,2,8.0,516921,5.0,2.7,14045,38715,31048,1
60,879567,740,4,111086,6190674,1182,2,1,17.2,400965,4.0,38.7,21332,91408,59347,1
25,805125,700,5,63157,9376359,1328,3,3,10.7,2331100,4.0,2.5,20981,109381,74464,1
62,453181,692,3,272868,9640641,998,3,3,24.1,3064248,10.0,40.0,18599,72387,29613,0
30,624481,784,3,212299,6293682,1273,4,2,19.2,1174311,3.4,8.5,10000,88919,76468,1
45,799803,737,6,217717,12612658,1331,3,2,7.6,2316764,6.6,21.6,33532,95622,62608,0
50,320492,637,3,56976,7374910,850,2,2,15.5,1698243,6.3,26.0,10000,88416,42061,1
43,488950,659,4,109246,6637533,932,2,1,3.2,2192698,5.7,18.8,22207,85141,42984,0
31,866299,678,4,83556,12204056,1341,3,3,12.9,1029040,6.6,3.4,30260,160845,84079,0
34,844202,614,3,230476,5575987,727,2,2,11.9,1048860,6.3,10.0,18120,88922,28292,1
57,1195308,699,3,306743,11184990,939,1,1,16.6,2104429,10.0,35.0,71639,67544,44445,0
26,968583,700,1,300987,4781446,536,1,2,3.1,1370956,7.0,5.5,26711,33481,24368,1
23,1082427,715,1,372070,9236289,890,2,1,20.8,2931447,7.2,2.6,25898,119577,45417,1
41,827871,690,1,180314,10724627,914,2,2,6.5,1627628,8.3,17.3,42684,158402,19050,1
53,726413,729,5,136601,9036161,1524,4,3,1.5,2304799,3.8,27.7,19822,80295,79500,1
33,926615,790,4,415761,12839120,1278,2,2,19.2,1081157,9.3,10.7,19827,183872,54021,0
45,377291,692,4,176068,16063910,1349,3,3,4.9,5150574,7.3,22.2,16908,195026,30838,0
34,791296,659,3,43658,8530403,897,3,3,12.3,2525302,7.4,6.0,15488,69869,43004,1
27,902027,765,3,0,7866205,1227,3,2,5.6,2609703,4.3,0.0,48037,108154,24892,1
38,970892,741,3,210240,9858810,970,3,2,3.6,2852659,6.3,10.2,12300,69755,52265,1
30,1076012,747,4,352668,7054474,1155,2,3,14.1,1362793,4.0,4.7,31741,98147,57084,1
42,897026,694,6,172836,11836117,1323,3,2,10.6,3280598,7.8,15.9,38714,88107,71239,1
43,679384,702,5,50918,17662160,1486,3,2,3.2,1974724,10.0,24.1,26685,247205,92700,0
31,882752,658,5,291030,13750698,1108,3,2,11.4,2514466,7.7,9.5,25359,102208,29945,0
49,880760,781,4,28151,9700970,1281,3,3,6.0,1805776,6.3,26.0,45636,92600,61540,1
26,645553,715,2,216876,11201597,1384,4,4,7.3,2110030,7.0,3.7,41225,146209,71868,0
30,505810,701,6,181313,12060170,1642,5,4,4.7,3148292,4.8,0.0,24119,83129,52160,0
28,978734,664,3,166856,9626807,995,2,3,5.4,1881840,6.7,2.8,40666,130882,41140,1
50,613438,762,4,169557,6758302,932,2,2,11.9,2298905,4.5,23.4,32794,51156,40422,1
44,1570353,616,4,100090,11428724,1091,2,2,2.4,1217070,6.4,16.2,54452,108579,51239,1
32,1042978,679,4,220032,8921363,1376,3,2,12.1,767041,4.4,12.1,49313,63200,64687,0
63,1514236,830,5,331887,9676836,1190,3,3,2.6,1294945,5.6,39.1,35445,83271,47244,1
33,742478,756,4,337796,7462545,829,2,1,12.6,887562,7.2,4.5,15722,100515,16703,0
59,866833,649,4,206689,9601879,1052,3,3,14.9,1308420,5.7,37.8,35715,146730,43780,0
62,518049,742,4,63106,10193183,1242,2,2,5.2,2806874,7.4,39.2,17803,89743,38361,1
44,1640924,711,4,281705,12508318,1402,3,2,2.5,2093019,7.3,20.1,87339,122590,43282,0
59,799535,733,5,281130,10975003,1327,3,2,14.0,1529024,6.5,35.8,19640,131321,63399,0
23,572691,673,5,67837,13644551,1483,4,4,7.9,2262761,7.3,5.1,22129,205529,73228,0
61,1629791,562,4,514492,10276076,1225,3,3,1.6,1112587,6.6,36.2,72026,71518,56083,0
33,931691,763,3,392410,9618620,938,1,1,14.7,2990286,7.1,11.0,39305,116521,42088,1
59,554964,764,4,50683,10871476,978,2,2,1.1,3643980,8.3,31.2,10000,146541,43979,1
35,1037523,733,6,115601,16700653,1499,4,3,2.2,3234425,8.6,8.2,44222,263777,82365,1
58,671000,669,3,277302,13374249,1206,3,2,9.9,3772945,9.4,33.7,21313,185898,42599,0
23,595115,806,2,164207,6240180,724,2,2,24.8,474836,7.1,0.6,15642,41375,23863,0
45,1699790,751,1,18289,8711339,874,3,3,1.9,3002860,8.1,21.7,76935,124594,56495,1
29,580076,739,4,233720,15008615,1397,2,3,7.9,3907828,9.1,0.0,15754,124317,84247,0
65,1718471,580,4,603701,12561216,1416,4,3,12.2,2390757,6.6,40.0,65830,109552,81785,0
46,2579412,637,5,140772,12408448,1245,3,3,13.3,919898,6.9,20.9,66165,182448,76199,1
61,640392,710,4,147022,10238322,1384,2,2,9.9,2492654,4.6,33.6,30853,84920,33951,0
48,489063,693,5,166681,8152011,1103,2,2,7.6,899995,8.1,26.7,14475,109578,39227,0
33,1762174,817,2,105453,7302817,912,2,2,9.5,1831538,6.2,8.3,79005,47269,40850,1
45,996185,712,4,228017,10570805,1062,2,3,2.2,914725,7.1,26.5,43936,166141,31387,0
23,648968,737,4,35490,12585355,1030,2,2,15.7,925044,7.7,3.0,28398,175967,36897,0
52,880702,673,1,91743,5363014,554,1,1,25.3,1837258,8.2,22.9,13317,43922,13648,1
59,478434,758,5,98446,9206059,1328,3,3,4.6,2126114,3.4,33.7,19736,129976,30296,1
52,1619429,682,3,530714,10890647,1134,3,3,16.3,1067791,6.1,28.5,45574,138127,46073,1
25,550383,722,5,223255,14016601,1329,3,3,1.8,939441,7.4,0.0,23427,122185,46477,0
56,680099,771,6,311453,13510376,1535,3,4,7.9,2776145,7.3,26.7,27684,208566,83448,0
47,862385,772,4,193694,13973770,1277,3,2,14.3,2865978,7.3,20.1,36165,108892,46066,0
27,1160608,707,4,589237,7675779,966,2,1,11.1,2304944,7.5,12.0,43328,113196,24062,0
54,722505,745,2,138485,7725413,871,2,2,9.2,882155,6.8,28.4,29470,98424,36666,0
47,831401,610,2,103252,6199524,667,2,1,27.4,856821,7.1,23.0,35696,60997,29357,1
41,997232,814,2,107102,9150326,915,1,1,3.5,2068039,6.0,15.4,51164,74582,54995,1
58,682832,691,5,229672,16355536,1913,4,3,9.1,5647021,6.0,31.2,32664,162793,48470,0
40,582481,719,4,0,7675133,845,3,2,6.0,2387322,7.3,11.4,28111,66187,27152,1
30,841043,819,2,50981,3800655,505,1,2,6.3,803671,5.8,1.2,38469,40768,31104,1
41,638736,726,4,118499,12248558,1212,3,3,11.0,4219664,8.1,12.5,13905,145505,67633,1
43,747734,661,3,75776,7793482,876,2,2,6.3,2542850,6.2,21.8,22828,100187,17522,1
24,812634,673,4,443846,6771935,1112,3,3,15.5,1557854,4.0,0.0,36581,48622,54914,0
48,558583,712,3,278441,6805692,866,1,1,13.6,1369674,4.4,18.0,26513,102906,22079,0
26,783592,727,4,201472,6342097,1066,2,2,3.1,683430,4.3,3.3,38101,55311,59122,0
40,987438,722,4,326417,11406380,1384,3,2,17.7,3289061,4.7,12.7,36588,110387,59944,1
32,1019680,668,5,425614,14524124,1280,4,3,4.1,4647032,7.3,5.5,65762,127743,55707,0
62,1116044,648,5,372463,15842968,1489,3,2,11.9,4107436,7.3,37.6,47432,112092,32757,0
47,923299,664,5,331616,8689393,1214,3,3,6.4,1061298,6.5,20.3,39784,66793,26690,0
49,643180,790,5,254078,11783005,1478,3,2,29.3,3381374,5.6,22.1,20915,124153,39030,0
32,500532,708,3,195357,9308201,993,2,2,21.8,3298153,5.8,6.4,19597,92262,46051,0
56,1284628,728,5,294972,15002097,1418,4,3,9.3,4535348,7.1,31.0,48342,206095,69527,1
56,1082226,783,4,406983,4983072,915,2,1,2.5,981104,4.4,31.6,21276,71868,47567,1
56,740244,655,2,387493,9859199,1060,2,2,11.9,1276286,7.1,37.8,24226,136075,68363,0
49,728306,671,3,50386,8577694,1036,2,2,9.3,2451528,6.2,23.3,33076,81208,42228,0
40,1210973,798,5,385745,11449930,1486,2,1,6.4,738210,7.2,17.6,17911,157783,71019,0
44,896006,771,2,279010,8478841,788,2,2,10.3,2573391,7.8,14.1,25961,96776,17984,1
44,501733,768,3,95833,10622320,1241,3,3,6.4,3552942,5.7,17.6,11224,140209,40853,1
31,1010785,651,4,4983,12556316,1515,3,3,10.6,1466851,4.5,8.9,43338,118331,37910,0
51,562600,655,3,174143,11138266,1481,4,3,6.9,3014624,4.7,27.9,26763,105079,47008,0
32,3000000,709,4,1093865,15237697,1248,3,3,6.8,2406957,7.9,12.3,140000,193987,44577,1
64,614309,687,3,138542,9919912,1032,4,4,8.9,2797106,6.5,40.0,21868,64963,20646,1
50,1009934,783,3,96406,9497406,1094,2,1,9.1,2838674,7.6,24.2,56425,70840,62576,1
46,1187921,670,3,239265,7068015,771,2,2,6.4,2009109,7.6,18.2,47560,92118,43554,1
63,1135001,703,4,110174,10185113,1039,2,3,13.7,1398936,8.3,33.7,51999,135004,44454,1
62,931116,690,3,300427,10896281,1136,3,2,12.2,2760953,7.7,40.0,25468,88109,58981,1
64,541299,728,1,256744,4118727,580,1,2,4.7,1227719,6.2,40.0,10000,28253,30278,1
45,509843,652,3,125889,10077608,1020,3,2,13.1,3021991,6.6,27.1,31813,73681,46632,0
49,865503,738,6,128269,12681587,1560,4,3,13.3,1141206,7.0,28.1,18456,157646,88332,1
33,853982,719,3,175140,7886138,854,2,2,9.7,1828042,5.7,11.1,23998,93985,18736,1
37,616565,720,5,0,8459409,1204,4,3,7.9,1575296,3.8,15.1,28761,110539,56773,1
57,403345,692,1,148692,6422692,724,2,2,6.2,1375699,6.9,29.2,10818,74256,41383,0
54,769826,684,3,110569,15829729,1327,2,2,14.2,3125990,7.7,32.4,29969,146751,67874,1
51,998891,586,6,335118,13996124,1640,3,2,18.4,4832280,7.5,26.2,48194,203527,68409,0
54,1091853,725,4,362001,11421373,1419,4,4,4.2,1527893,5.4,32.5,39474,101817,90205,0
48,961993,772,6,382139,13143229,1462,3,3,12.1,1299379,6.4,22.0,46138,191753,78596,0
39,1268726,773,2,555088,5383820,677,1,1,7.4,285926,7.4,11.8,67459,64944,16654,0
50,785093,754,4,42322,11287024,1098,3,3,6.6,1205971,7.0,24.8,46498,109437,49549,0
55,1179180,749,2,557057,9016644,874,2,2,17.1,334162,5.7,36.6,29733,66202,43057,0
25,543071,597,3,0,7895546,1021,2,2,20.4,824709,6.3,1.7,12343,47526,40295,1
60,903153,674,5,0,10782431,1077,3,3,13.9,926417,6.0,31.2,41041,91541,45698,0
60,299574,580,4,176198,6522961,911,2,1,8.3,1492461,7.0,34.7,10086,69611,39240,0
58,445896,723,2,81868,5845745,671,1,2,18.8,1574972,6.7,35.1,14112,37024,33133,1
29,737997,689,6,76983,10401607,1401,4,4,18.6,2946520,6.5,2.0,46738,93265,52097,1
48,950809,694,5,520557,13102939,1598,4,3,19.6,1718465,7.1,27.5,20063,166954,98419,0
36,1498871,678,4,476948,8857054,1208,3,3,13.8,2047633,6.2,14.0,72885,139616,42112,1
33,1262472,686,5,98135,9904857,1194,2,2,5.2,3030723,7.3,7.8,54279,63843,72552,1
62,1930309,645,5,717158,6945905,967,3,2,1.4,1295101,6.5,40.0,62778,104455,58272,1
32,1004343,733,1,206735,6349530,847,2,2,1.2,569292,5.2,3.7,38518,98441,54060,1
26,476059,651,4,113854,8521316,1068,3,2,13.2,1847187,5.5,0.0,15992,85576,30433,0
37,775868,709,6,345607,17013876,1670,3,2,4.8,1618272,8.0,15.7,28000,161883,57005,0
53,1135379,694,2,130186,6562850,814,1,1,7.2,1066478,6.9,29.9,72443,56247,51149,1
51,625304,770,4,0,15757438,1412,4,4,2.2,1952476,7.9,20.5,17219,112792,42409,1
41,2139170,718,2,658784,11539616,950,3,2,19.9,1464495,10.0,9.4,106228,72007,58118,1
43,491263,684,6,169496,12913167,1396,4,2,13.9,4201755,5.9,21.8,19428,167760,77937,0
45,982066,746,3,389839,10648593,1016,3,2,17.5,1316186,7.5,24.2,46870,100961,29205,0
57,699962,703,3,366269,13887206,1198,2,1,7.9,3920521,8.7,34.8,15713,115378,64763,1
65,714744,694,6,250128,11544819,1182,2,2,5.4,2235941,6.1,40.0,21958,137632,51904,0
51,1299661,765,5,169115,12930189,1600,4,4,7.3,3398790,4.8,27.2,58367,156351,96025,0
44,552271,823,2,247621,9439644,976,2,1,14.1,2189019,7.2,20.5,16280,133912,28267,0
27,923835,584,1,307408,13231964,1102,2,2,15.5,1181484,8.5,0.5,23311,101154,56222,1
44,699097,752,5,203480,10149845,1408,3,2,13.1,3399207,4.6,23.0,18552,98642,34693,1
57,404643,648,1,46834,4595953,450,1,2,1.0,1265449,7.6,31.4,13716,45428,23000,1
55,1018241,716,5,437748,17590479,1486,3,2,12.6,5225302,9.0,29.6,44971,252411,75543,0
34,703733,737,3,247656,11934193,1129,3,2,3.6,2586349,9.4,15.8,27920,99252,48252,0
46,818564,716,3,174198,8415231,1266,3,2,3.6,1414676,5.7,18.6,17690,98830,65279,1
50,2134509,690,4,8347,18226583,1519,4,3,1.0,5859145,8.4,28.6,62203,238704,48529,1
59,936005,586,4,329531,12900255,1364,3,3,6.0,4288498,4.6,30.3,38248,81924,88209,1
30,1086070,695,4,292808,9070825,1252,3,3,22.5,924630,5.7,3.6,45457,56361,51831,0
62,576690,712,1,0,4291574,450,1,1,7.0,186670,6.6,34.5,12202,40340,27094,1
56,1293027,618,3,193495,7283637,891,3,3,10.7,1750890,3.9,24.7,42777,71466,54516,1
28,794685,787,4,18676,9738161,1416,4,3,7.1,3282905,5.9,0.0,45085,144050,90138,1
65,643724,774,4,84864,7608642,803,2,1,6.6,1286293,6.8,35.4,35787,56263,47163,1
26,1178680,751,2,497305,11943818,1260,3,2,10.5,2641730,7.1,2.0,44108,144781,79284,0
46,1593733,758,6,428651,14206715,1758,4,4,2.4,2594673,6.3,23.8,34552,165835,64241,1
47,484645,706,1,81637,5649044,748,3,4,4.2,1393791,4.8,21.3,10754,84782,34688,1
41,1678673,780,5,796049,9351806,1259,3,3,1.8,2977628,7.1,12.6,69468,91636,81548,1
65,496473,645,5,239168,12622687,1443,4,3,8.4,3745667,7.9,40.0,34635,132199,29216,0
62,552274,775,4,0,11762660,1360,3,2,4.6,4244312,7.0,36.4,30184,99700,62611,1
60,753772,647,3,130760,10280215,882,2,2,21.8,1238957,8.3,32.0,25759,98560,44151,0
31,648325,742,5,52009,20677448,1541,3,3,24.1,2606655,10.0,11.4,11426,126264,35324,0
48,497750,711,6,262606,14495766,1709,4,2,17.7,3742465,4.6,22.9,10224,122432,97365,0
62,849791,631,4,195558,11007185,1003,2,2,12.1,3251512,6.7,35.5,43179,66586,55215,1
49,1030774,685,4,329644,12819420,1159,3,2,2.3,1559386,6.7,23.5,11681,194864,50325,1
45,721164,796,4,269828,9003548,1173,2,1,24.9,2150649,4.5,18.9,37931,66572,52098,0
55,438772,620,3,105341,15918400,1423,3,2,3.1,4115554,9.7,23.8,10000,229419,78048,1
57,1335320,774,2,170691,8569584,1105,1,1,5.4,1575426,7.7,39.3,37248,71158,34098,1
37,1446016,724,1,0,7302519,672,1,1,13.8,2077372,8.4,6.5,44376,79655,27483,1
33,1286790,762,4,634208,10485537,1428,4,4,2.0,1988204,5.9,10.9,43650,88035,92054,0
55,808970,657,2,200886,15770115,1245,2,1,5.3,1107518,8.5,34.2,26335,102207,70958,0
65,1242932,797,2,547973,4855080,763,2,1,6.0,783966,4.7,40.0,69498,44586,34545,1
34,897361,733,6,28935,14986903,1663,4,3,35.0,4680484,7.2,9.0,39100,224663,45983,1
56,2290921,607,3,676004,9650842,1012,2,2,5.0,3110371,6.5,33.2,73677,75465,21700,1
60,746376,704,3,203706,7665797,698,2,2,6.3,2514786,8.5,33.8,38621,97184,30384,0
65,457102,671,6,79977,16480906,1481,3,3,3.1,2152475,7.9,40.0,10000,125024,96205,0
47,1096689,798,5,265576,5136812,1194,3,2,10.5,1446220,3.0,19.8,32671,71052,77002,1
59,711096,753,5,53749,18385091,1547,3,3,24.4,2820111,8.2,35.8,16994,148462,86556,1
63,689843,730,2,179302,9641176,982,3,4,3.8,1513827,6.2,38.4,19721,82006,45901,0
58,563798,625,5,112778,9002582,1002,3,3,2.9,2370168,7.6,34.1,26666,54533,39058,1
42,812392,652,3,126893,6960864,1086,2,2,8.2,735824,7.0,17.4,10139,46759,46582,1
48,570439,667,3,153571,8003994,1301,2,2,6.9,1430436,2.5,26.3,10830,75385,51104,1
41,1225895,723,5,238956,12086277,1527,4,3,7.1,2593788,5.7,21.6,45153,132422,90474,1
41,389164,684,3,107595,11136269,912,2,2,6.2,3915061,8.4,12.5,18471,83328,40877,0
34,1067189,568,2,310168,9541245,934,3,3,5.1,2195268,6.9,5.5,68766,142749,23827,0
60,953351,688,3,242132,9477947,1133,3,2,6.9,2507555,5.0,33.6,47837,77351,59409,0
52,1312149,842,6,116721,19148482,1628,3,2,13.0,3588375,8.9,24.1,35377,288728,38614,1
58,1173744,671,5,508567,12716119,1218,2,2,18.1,3904864,6.2,32.0,41343,121908,52207,0
54,861512,713,3,459189,7023660,943,2,2,6.7,484098,5.3,23.8,22064,89211,31300,0
62,614004,797,4,103423,9219262,1201,3,3,14.4,681238,6.4,38.3,27483,140375,62115,0
59,497479,648,3,195259,14828143,1301,3,2,3.9,3971649,10.0,34.8,10000,187438,46278,1
47,1474627,597,4,122988,6192053,1148,3,2,7.7,460280,4.6,20.9,54827,97501,55535,1
62,1669493,751,6,662057,16509365,1459,3,3,21.3,1497404,7.4,33.2,61604,117702,93233,0
49,774328,635,5,165769,10554729,1304,3,3,7.3,979719,6.9,26.4,23198,142123,39876,0
52,548843,725,4,168056,8614203,1366,4,2,15.7,1480510,4.9,28.2,30299,117438,67577,0
45,644182,709,6,306121,15146871,1611,4,3,7.0,1836012,6.1,14.0,36619,225026,84462,0
29,850033,764,4,301668,7964774,1369,3,2,10.4,2404455,3.4,4.5,27973,51669,37490,1
61,607040,644,3,13426,7270153,816,1,2,16.4,2029653,5.4,35.2,28442,65943,41024,1
26,1087716,707,4,481407,14781647,1281,3,2,3.9,4108242,7.5,0.3,52205,192784,25794,0
35,656715,768,4,245936,8265649,1113,2,1,14.9,1348914,3.7,15.2,26006,54817,24933,0
56,766200,693,4,237520,6709098,795,3,2,6.0,1462500,5.8,32.4,27868,103264,49416,1
33,924291,731,6,133269,4032735,1199,3,3,6.4,567761,4.1,12.4,36550,32787,37475,1
49,954612,699,5,39910,10541845,1163,3,3,5.4,2504942,6.9,23.2,28156,139775,65107,1
37,926481,610,6,143685,12179371,1402,3,3,6.6,3363197,6.9,9.1,29397,177922,57555,1
54,634770,727,1,121321,8848407,869,2,1,9.3,1698520,8.1,22.8,10000,85706,33804,1
50,2080471,675,3,848706,12066422,1230,3,3,13.4,1884504,7.5,24.0,47115,142768,44548,1
64,595411,620,5,208160,8693310,1031,3,2,10.6,1712251,7.2,40.0,20743,121629,63774,1
26,1845002,698,4,528364,8519649,847,2,2,7.6,1245578,8.4,2.6,64237,112680,32576,1
55,655738,686,4,35118,9463422,1352,2,2,7.8,1590660,4.9,29.4,20724,108648,29136,0
34,289053,716,4,28055,5492645,1334,3,2,3.5,524450,3.7,8.4,11909,43815,47491,0
54,1135466,731,6,278637,13087003,1575,3,2,10.3,2646239,6.4,29.7,26133,179755,65937,0
65,1139641,721,4,530065,9830181,942,2,2,4.2,1677413,9.0,40.0,37295,83340,23044,0
42,399840,727,4,93772,14401152,1330,3,2,7.6,3192621,7.5,20.6,10000,103031,81140,0
64,1506374,756,2,131437,10193920,1024,2,2,24.9,2602797,6.4,40.0,36982,105990,33753,1
37,763593,679,1,33688,2304938,450,1,2,5.0,340900,3.7,7.6,22202,26848,23549,1
35,716382,734,1,310285,4407043,689,1,1,16.2,1565707,5.7,10.0,14351,34515,28814,1
50,716386,771,3,59361,9208659,969,2,2,10.3,1541440,5.8,21.8,45919,64441,40901,0
45,859891,673,5,279081,8127619,1280,2,2,13.3,1563144,5.5,23.0,21841,58138,30846,0
36,646228,710,3,174063,6443326,841,2,2,7.2,1058754,7.1,11.9,10000,56643,16894,1
47,808083,589,6,0,13460401,1491,3,3,16.3,4453385,6.9,24.9,32868,196069,89548,1
44,1098753,733,3,4076,11607086,1055,2,1,6.9,947231,6.0,15.5,36803,138283,39403,0
29,1166536,722,4,119801,10485869,1365,3,2,17.9,1485117,6.2,3.2,44462,73804,74709,1
59,656629,750,4,81739,9416773,1032,2,3,2.8,2298480,4.6,30.7,31824,120586,64722,0
56,855140,780,3,373770,11840176,1220,3,2,9.3,1124299,7.3,33.0,44964,108988,29939,0
48,2239716,702,5,166142,12070947,1359,3,2,2.9,3290613,7.3,23.0,77196,98111,75339,1
50,825880,703,6,176950,11692429,1392,3,3,12.6,3433512,6.5,24.0,35649,140696,75382,0
41,791905,704,3,247011,4640812,803,2,2,5.6,736974,2.5,10.0,39403,66461,27749,0
51,541634,613,3,56288,9188870,1167,2,2,8.2,1298154,4.7,23.0,29467,143244,26269,0
42,616151,670,5,57803,12240337,1500,4,3,8.4,2954949,4.6,12.8,33330,155843,68730,1
43,1484668,716,2,12043,7813917,961,3,2,17.3,1023151,5.5,23.1,29738,65507,31598,1
36,1150928,629,2,458975,7156427,641,2,2,3.1,1293803,9.3,6.6,41130,105790,27196,1
63,642314,655,4,19372,14295637,1465,3,3,8.6,1623172,5.3,40.0,11548,192059,38470,1
41,822192,610,3,322608,9575134,1164,3,2,10.4,1710522,5.8,18.1,33164,129149,73590,0
54,634063,742,3,4973,10142896,846,2,2,7.9,1924822,8.2,29.3,28880,99084,33249,1
63,822836,764,4,92506,8738653,1213,3,3,5.0,747377,5.1,35.3,44134,113193,26901,0
53,1274631,679,1,28667,7388880,832,3,3,11.8,1326736,5.9,27.0,49608,81308,35294,1
37,1281734,823,4,280033,6865718,1027,2,2,13.6,971572,6.2,12.4,59512,83613,24216,1
27,736863,715,5,140609,10316443,1247,2,2,22.2,3283326,5.2,0.0,10000,159344,42484,1
41,1112660,740,3,74961,8468914,971,2,2,25.1,1097185,10.0,19.5,28741,109101,55422,1
24,467291,658,5,129772,14792532,1345,4,3,6.7,3298085,6.7,1.6,27090,191392,32367,0
38,947570,827,5,490991,10920202,1291,3,3,1.8,2948366,7.0,14.1,55344,144189,40656,0
52,1338757,691,6,132572,15762644,1711,4,2,7.1,4392756,7.0,26.2,59283,236622,91700,1
63,876968,679,3,266605,11043758,1107,3,3,8.1,3518438,8.4,39.1,23667,97402,56329,1
52,838357,743,4,0,9898983,1308,3,3,6.1,2291043,6.0,23.4,28558,148210,32963,1
28,873095,784,5,171952,19818630,1725,3,2,15.8,1962882,9.9,2.3,34473,192335,49379,0
61,768488,733,4,60361,10275695,1385,3,2,15.1,2514844,5.5,37.0,34455,121187,45522,0
23,1386497,683,4,221785,9931057,1415,4,3,4.3,883709,5.8,0.0,54696,118806,37942,1
56,1589515,739,6,709286,13229282,1694,3,2,10.0,2248800,7.3,31.9,38742,142229,84488,0
40,1439271,747,3,631985,11309343,973,2,2,3.9,3519275,9.2,14.8,35056,119574,25484,1
29,2279645,771,4,277769,13328275,1153,2,2,14.5,2270687,8.8,8.4,52890,92706,54278,1
50,591059,849,5,181516,7585020,1056,3,3,7.1,2583098,4.5,26.1,10000,55706,27470,1
39,1220684,827,5,512360,14652031,1619,3,3,5.7,1647639,7.0,10.3,20314,135473,103720,1
40,563585,802,6,134268,9592876,1518,3,3,9.7,2251406,6.4,10.8,22241,113188,49447,0
39,1195739,692,4,454274,6558054,1167,4,3,10.5,1251001,4.3,14.7,53233,80924,51617,1
29,915476,747,5,182610,8255143,1030,2,1,2.8,589915,5.2,0.0,58112,80581,54237,0
32,434987,659,3,136754,8061211,960,3,2,3.5,2001202,5.4,10.8,10000,69939,42006,0
31,918633,557,5,179117,15543836,1538,4,3,3.8,954305,7.2,5.8,26273,152551,42083,0
57,772666,735,2,297559,4134475,563,2,3,8.7,641162,6.2,29.5,32981,47492,31963,0
58,257539,699,4,61734,10107129,1255,3,2,5.5,2554218,5.7,30.7,14556,62229,56786,0
23,1667803,737,6,135433,18153761,1488,4,4,4.3,3556771,9.0,0.0,81929,239842,83118,0
54,917944,756,5,165648,14068975,1318,3,2,16.0,2786085,8.1,30.8,50285,174502,54751,0
37,861409,776,3,329012,10853410,1370,3,3,3.5,1828575,5.5,11.6,22389,84141,80915,0
60,728069,661,4,131443,12601095,1577,3,2,13.7,3509192,7.1,40.0,10000,172261,97390,1
50,707120,634,4,322378,9277208,1572,4,2,3.4,757070,3.9,23.4,31056,123502,41712,0
24,1198337,725,5,545326,8941536,1113,2,2,30.2,2806537,6.0,3.7,32031,55026,27184,0
47,832034,746,2,307639,7693110,680,1,2,1.4,1227960,8.3,22.7,28016,69074,13838,1
36,1115584,649,3,126683,9277216,977,2,2,6.2,2136669,6.8,10.8,33674,140583,23418,1
47,436460,687,3,127161,9284041,1053,2,1,12.4,2993289,6.0,25.7,10000,140824,66596,1
31,1597703,690,5,619072,14372583,1464,3,3,15.8,4550398,5.7,10.0,67804,139105,93350,1
57,1042638,735,4,260053,13487437,1176,2,2,1.9,3448863,6.8,29.2,24582,184675,74602,1
36,762120,605,5,402947,12011375,1116,1,1,19.2,3730923,8.1,11.1,19626,133545,68341,0
39,600079,632,3,127251,4986947,1057,2,1,13.8,1286902,2.6,11.3,20915,76667,58685,1
37,659583,743,2,253307,10299258,942,2,2,7.1,2215723,8.7,14.8,14994,119595,39643,0
41,808499,526,4,363929,13335969,1190,3,2,14.8,1900473,9.5,16.2,19207,133676,30975,0
24,951307,643,2,0,4868193,666,1,1,3.3,1197863,6.7,0.0,42411,57379,39574,1
49,1818147,729,2,755657,8918562,923,2,2,10.8,1557114,6.3,22.6,70415,100799,34822,1
58,753807,726,3,299860,11157360,888,1,2,21.3,3243428,7.6,38.5,24615,87152,28403,1
28,344884,591,1,185298,5078806,586,2,2,4.1,264918,4.9,3.4,10000,30525,16671,0
54,1504513,658,5,258817,6661352,1260,2,1,11.3,2045850,4.9,31.7,94890,89045,33176,1
31,321671,692,3,34831,9458412,1092,2,2,4.5,584738,5.0,5.5,10000,94329,39030,0
54,809624,708,4,49281,6721289,1048,3,3,9.2,558527,4.5,30.2,13372,81608,60639,1
46,830501,734,3,179772,7392021,819,2,2,11.1,1023324,7.4,17.8,25257,111591,40105,1
38,1059304,682,5,357945,9999797,1496,3,3,11.9,1201783,4.7,8.9,26021,130919,71590,1
47,1699702,688,4,526437,7438688,929,2,2,26.9,1054041,7.0,22.2,43255,107642,56887,1
56,1021011,644,2,306850,6943181,594,2,1,21.5,1960744,8.8,30.4,21423,95734,26588,1
35,919859,700,4,239351,13606080,1289,3,2,11.1,1217681,8.2,17.9,35301,148622,26785,0
26,1231460,715,4,314641,12100820,1348,3,2,5.0,2287199,8.5,1.2,35575,74188,57079,1
38,1270042,740,4,108629,12334474,1368,3,2,22.8,2905348,6.8,5.9,32924,167500,49338,1
27,714179,789,2,258461,6821620,849,3,2,18.1,1417084,6.0,3.5,20414,63640,29779,0
56,1548285,695,4,169361,13941742,1598,4,3,35.0,3495240,5.1,29.5,96154,123162,93719,0
52,666377,662,4,231847,13214900,1240,2,3,12.1,3775076,6.8,30.3,33858,132458,42677,0
30,1166940,797,2,491152,5976333,571,1,1,18.5,1570597,7.1,8.5,25158,78538,25683,1
55,1133912,598,4,0,7683783,836,3,2,2.0,2887648,7.9,32.0,17596,113913,26534,1
25,605604,720,5,63705,13396946,1438,4,3,5.8,4095264,8.1,0.0,10276,200945,90356,1
36,572384,789,3,286219,7881770,1057,2,1,15.3,752412,4.9,15.6,18300,53106,55772,0
60,1245606,703,2,522119,5709467,1008,1,2,5.9,1347082,6.4,33.4,49543,78009,56908,1
25,763117,704,4,120832,13344659,1529,3,2,18.2,1460973,6.6,0.0,25256,119530,73395,1
33,619682,669,3,12224,5633352,875,2,2,2.6,1898748,4.8,13.4,39702,49822,31521,1
28,786915,813,3,172259,14415615,1053,1,2,4.8,2866116,10.0,4.6,17247,126157,47098,1
38,947143,714,5,310165,18777580,1515,3,3,2.4,1967180,10.0,10.8,64083,292838,91822,0
38,651436,718,5,348471,13137491,1477,2,1,6.8,864815,7.0,10.6,41413,93701,80697,0
65,793826,642,2,171074,12351809,1019,1,1,3.1,2638052,8.0,40.0,29624,77764,38200,1
25,510887,701,1,110090,5870672,673,1,1,7.4,1087336,7.2,0.0,29373,78301,38070,1
29,710222,705,5,204593,10503039,1332,2,2,8.5,2870637,3.8,7.1,26378,105144,40798,0
36,722994,688,4,320596,6449980,1026,2,3,11.9,1035559,5.4,10.7,18772,71379,56383,0
46,601188,767,3,121855,7537961,988,3,2,5.0,2446313,6.4,21.2,10000,90178,49793,1
47,881161,750,4,344880,10616453,1033,2,2,8.1,2511680,7.6,29.1,24133,169381,51996,0
56,501392,780,4,314281,10534773,1422,4,3,2.7,1474944,6.4,35.1,10000,113315,56273,0
47,1050913,650,3,178018,7457238,1043,3,2,10.8,1303678,6.4,27.6,43861,52006,37289,0
41,512103,679,4,124426,12397890,1411,3,1,7.4,1981779,5.1,15.0,12833,141248,32225,1
61,703514,580,3,291509,10863455,1307,3,2,16.1,786725,5.7,40.0,15142,109263,59932,0
62,1228850,627,6,120306,13555019,1701,3,2,6.1,3900565,5.7,40.0,24392,113066,79961,1
59,842284,747,3,75318,8845169,1209,2,1,3.6,980473,5.0,35.8,42010,72833,64008,0
48,398815,742,4,103922,16720130,1428,3,2,6.7,1447687,8.7,23.0,17653,157716,58407,0
40,705790,679,5,334134,12294626,1339,2,2,4.3,3030322,6.1,19.2,38462,180221,53913,0
56,966696,586,4,126327,9035390,1028,3,3,4.6,2756113,5.3,28.4,54128,135982,33977,0
49,481738,729,5,0,10517181,1288,3,2,10.5,2960301,6.2,23.7,14136,167187,45484,1
56,917953,730,2,412304,10165602,822,2,2,3.5,912115,9.4,35.6,15445,91215,18112,0
48,977118,655,5,195457,14440551,1505,3,3,6.3,2449903,7.4,20.7,31606,227235,46529,0
52,823641,698,2,139956,10101036,917,2,2,17.4,1183663,7.4,23.7,42002,68569,35364,0
31,662584,798,2,1532,7742092,964,1,1,9.9,668511,6.6,8.9,17154,110831,31802,1
38,618901,717,3,24564,8145647,917,2,1,30.2,1183187,4.3,11.8,12958,65832,51754,1
37,637566,819,5,139284,13899940,1212,3,3,3.2,2307704,8.0,18.7,19554,193993,73527,0
59,872094,644,3,44850,5739791,1116,1,1,5.6,1151082,4.8,37.0,31043,55626,69022,1
43,519014,755,5,100278,17850330,1676,4,3,14.7,3881951,9.2,16.2,10000,267135,52576,0
23,621869,685,6,71478,14524559,1444,3,3,10.2,2727580,7.3,0.0,10000,93286,30216,1
51,1009059,715,4,198042,10916984,1126,3,3,9.0,885459,7.4,23.6,49077,166538,27516,0
45,1005010,744,6,146058,11028482,1456,3,2,5.3,3097770,5.9,17.2,47347,132827,39190,1
55,609295,751,2,206080,6573536,889,3,4,2.7,1052350,5.4,29.1,13427,84918,25061,1
25,742733,768,4,260671,6910540,1059,2,1,8.5,1652362,4.1,0.0,29879,62225,23781,0
51,654080,805,4,324108,12344707,1367,4,3,1.0,3764197,6.3,28.4,18461,140814,82179,0
62,1051693,617,5,333480,9270508,1419,3,3,6.3,2042784,4.3,37.6,29648,102790,79347,1
45,638355,664,1,279325,4091321,676,1,1,8.0,1293359,3.8,23.1,12144,59315,32405,1
48,593252,754,4,238806,6040201,1007,2,2,10.2,1853702,4.0,22.2,22021,75002,48203,0
32,1243361,742,6,282716,19025268,1733,4,2,11.9,2943979,10.0,9.3,51249,189456,37470,0
57,963683,736,3,315974,11528939,1174,3,2,21.9,874286,7.1,31.7,21498,132734,40841,0
36,927151,735,6,44622,22031589,1838,3,2,5.7,1697741,9.5,14.7,25577,178581,68121,1
62,507551,675,2,256096,4956751,604,1,1,6.8,1293330,8.3,36.3,16794,70637,12161,1
33,444297,739,3,60763,10950845,1214,2,1,14.4,2331027,8.7,7.1,18197,121167,26552,1
33,738095,712,5,297638,9172950,1508,4,3,12.5,982338,4.2,9.6,16032,96662,97882,0
29,791818,700,5,55805,13163436,1505,2,2,1.3,1530422,6.4,3.5,43027,114587,71257,0
43,691756,734,2,184624,8669193,877,2,2,2.1,1235316,6.2,20.9,33305,125961,25620,0
60,1004834,652,1,109455,6457572,826,2,1,1.0,1863287,5.0,36.3,45709,98289,26290,1
57,639052,681,3,174526,6361643,621,1,1,17.5,1002983,8.3,30.3,22926,80732,15476,1
62,476042,663,4,260741,11741990,1008,1,1,16.3,3783217,8.0,31.7,22843,128919,27284,0
65,1388365,728,3,82275,9012508,1307,4,3,2.6,1803887,5.0,40.0,49145,64984,60830,1
43,1357624,704,2,379211,8309402,925,2,2,6.7,2692818,7.5,15.4,20977,118776,37436,1
27,677396,647,3,412096,9568445,888,2,2,5.7,910275,7.6,5.2,36627,130302,31455,0
30,1448397,688,5,202344,8373314,1117,2,2,11.4,1013114,5.9,3.1,78845,119842,60154,0
58,485181,817,5,133458,10375476,1178,3,1,32.3,3330451,6.3,40.0,10000,140292,47804,1
54,1063796,687,1,275855,5049870,713,2,2,3.1,1540288,5.2,26.3,42975,62354,22870,1
40,641304,678,5,220085,8266598,1170,2,1,21.4,1555988,3.9,18.5,33015,75112,38141,0
47,963943,690,5,36125,12322024,1198,3,4,4.0,2083081,6.2,21.6,36975,179455,31174,1
27,964709,689,4,287339,16484396,1416,4,4,8.8,5117194,9.9,5.5,49909,251936,62402,0
26,939868,791,5,121013,4122880,1430,4,3,16.4,398278,2.2,4.4,20552,52287,75083,1
24,707110,691,4,150098,9217314,1450,4,3,11.3,746429,4.4,0.0,26428,140385,57371,0
65,1528492,711,4,268336,12485562,1318,4,2,2.0,1479131,6.1,40.0,46316,89701,67741,1
41,956601,725,5,140894,15002173,1796,5,3,11.4,4400313,6.8,21.2,22599,171892,83410,1
62,1127523,629,4,485951,8433248,905,3,2,2.4,2910380,6.6,32.8,49295,51064,46016,1
30,1104248,690,2,428058,4221311,880,2,2,12.1,774072,4.2,0.0,35696,43174,53337,1
49,802789,712,4,320014,12616701,1505,3,2,15.6,829778,5.5,22.5,27543,117067,76251,0
50,1307522,588,4,130283,7734637,1360,3,2,2.4,1548976,4.1,26.3,23544,67238,57411,1
25,605795,610,5,161337,18056155,1599,3,2,4.2,4304126,8.4,0.0,28231,177962,80456,0
42,602575,740,2,243085,5702635,967,2,2,1.8,1044413,5.1,17.9,30451,56259,30981,0
29,957223,698,4,175347,11415036,1231,3,2,18.1,1192278,6.3,3.4,50129,85430,62998,0
34,1864795,704,4,191517,9793716,1341,3,1,15.9,979479,5.4,10.6,95737,118042,28669,1
50,982757,665,3,63897,9109398,1087,3,2,14.2,771285,6.1,22.6,33070,59884,55294,0
53,701750,622,5,217142,7509981,1048,2,2,7.4,1324311,3.8,24.8,35608,108526,41420,0
28,880331,823,4,240213,12723565,1585,4,3,15.9,3873770,5.4,7.0,23695,79014,62493,1
58,1492941,697,6,317511,11328218,1389,3,2,9.7,4021292,5.6,36.5,56494,72853,40048,1
35,810808,652,4,228118,8524131,1314,2,2,10.0,2080292,6.0,10.1,51631,96314,47748,0
56,1622759,710,5,0,10518263,1349,4,4,15.3,1518144,4.1,29.6,52010,145464,69287,1
40,572942,776,2,97501,7223609,795,1,2,8.2,1702674,8.6,12.7,36903,106432,46541,0
40,956365,769,3,118053,9272703,985,2,1,6.0,2496547,5.8,13.7,39963,88366,26275,1
36,806073,728,4,18782,11498240,971,2,2,3.0,2235606,7.3,17.4,22968,116366,38637,1
34,716581,702,4,132354,10682736,945,3,3,14.6,754390,9.0,6.8,29453,87190,31948,0
37,417587,793,4,118583,10870105,868,2,2,1.6,797462,9.0,16.4,18439,150805,45471,0
48,986534,716,4,368110,6700356,1128,3,2,4.3,914067,4.0,21.9,34151,65443,68563,1
48,726231,703,4,111449,6607276,1294,3,2,9.7,1245587,4.5,20.5,38186,95526,51367,0
28,663924,643,4,197587,6923162,862,2,2,9.6,2130815,4.8,2.2,23888,68634,28318,1
24,718213,688,4,88685,6486259,885,2,2,10.5,1603362,4.9,1.6,24012,61864,51821,1
65,1172931,594,4,226967,13947077,1448,4,3,3.2,3400317,6.5,39.6,47098,186876,34417,1
54,1011660,719,3,281434,7875465,830,2,2,6.3,1453385,8.1,33.2,33176,51263,33688,0
38,550129,656,3,250152,5060390,892,2,2,8.1,1357238,5.2,15.1,10000,44088,48568,1
27,507284,683,5,13268,8630284,962,2,2,8.8,1912176,8.5,5.7,11692,85873,40763,1
25,719677,712,4,199591,10380322,1094,2,1,8.2,2132866,6.9,0.0,25144,93703,55441,0
40,518075,769,2,84228,6193343,603,1,2,22.4,1063398,7.4,10.6,15501,45783,18925,1
56,1479312,588,2,233582,8457918,966,2,2,12.7,539331,6.1,29.4,66088,74117,34966,1
55,1087511,777,2,577436,6292935,688,1,1,18.8,518056,4.5,32.9,53485,79510,31677,0
63,986274,758,4,35341,7011071,1326,3,3,2.3,1238571,3.8,40.0,29396,73590,83837,1
61,549133,676,5,82940,10890813,1413,3,3,1.7,894508,6.3,37.4,25393,118596,68743,0
28,848722,687,5,375770,11854361,1585,4,3,10.0,3124339,6.5,2.9,19430,101605,102996,0
61,750063,568,5,267021,7289169,926,2,1,5.9,2430940,7.7,34.0,30378,112437,25999,0
65,1422280,755,5,499210,7456856,1119,2,1,11.4,657696,5.2,40.0,90199,82811,31432,0
59,565662,709,4,121436,8251542,1294,3,3,4.5,2120845,3.7,31.6,31835,97001,33820,1
31,981806,670,4,111509,8350418,987,2,2,5.0,1286028,6.5,0.0,36538,73117,34348,1
28,1063220,727,5,374228,12398454,1077,1,1,16.3,1116505,7.1,1.2,35399,190070,68848,0
53,1899558,680,5,548114,16781158,1385,4,3,11.7,4145303,6.0,29.5,92228,187105,28511,0
34,1038213,768,3,31360,5077630,799,2,2,10.6,335164,4.7,8.6,39543,64169,17335,1
56,1326562,643,4,407258,12588926,1311,3,2,7.8,2675925,7.8,34.7,42167,92932,83785,1
32,576110,723,1,133812,10344895,958,2,2,19.2,3039207,8.1,14.1,31686,153717,27379,0
60,810941,785,4,234858,4449884,1264,3,2,3.4,1359276,2.7,33.8,24028,61938,38354,1
53,1169780,710,4,143742,9402043,1417,4,3,10.6,874907,5.2,24.7,46727,124251,50784,1
53,865017,797,3,286349,7589335,729,2,2,2.7,1519703,7.4,26.3,37499,88902,15116,1
30,1344717,771,3,262702,11641761,948,2,2,1.0,979651,10.0,4.8,64020,149399,19688,0
29,680324,667,3,238587,14171122,1391,3,3,6.1,3802068,5.7,0.0,17629,175046,86912,1
35,679361,676,3,0,11553055,1216,3,3,9.0,2459942,7.9,11.8,44683,122779,45995,0
29,1017770,771,5,129713,10926300,1214,2,2,2.6,2725439,6.6,3.8,50405,89474,38636,1
61,736423,623,3,273584,4946064,773,2,2,5.3,1388101,5.0,40.0,10000,32494,17279,1
49,694383,737,5,277990,11152318,1406,3,3,5.8,768165,7.2,23.9,38181,126017,78999,0
37,1046683,684,4,357973,13446282,1276,2,2,3.5,1595164,6.7,15.3,22346,168982,39321,1
62,1696996,715,6,223286,11604846,1319,3,2,3.6,3030219,7.5,34.7,56823,99954,82111,1
36,461321,737,4,0,10558990,1120,2,2,24.7,1228894,6.6,14.4,23934,77018,49977,0
47,972528,733,1,194743,4328513,458,2,2,15.5,691917,6.9,24.7,47039,60678,17103,1
62,764182,785,2,95414,8133103,1094,3,3,7.3,1645313,6.7,40.0,46626,96148,30923,1
51,1409206,713,5,685856,11889741,1299,3,3,4.3,2385617,7.0,23.5,64298,141312,27929,0
55,1592755,773,5,287257,15216177,1495,3,2,6.6,1593447,7.7,34.6,81389,189792,53468,0
55,465633,757,5,162337,10518863,1428,3,3,3.7,3287727,4.9,31.9,19507,88371,46952,0
34,1014789,685,3,181672,13452350,1245,4,3,14.5,4778540,7.5,9.5,28435,206411,30375,1
56,693068,683,3,144314,11050379,1412,3,2,8.3,2164303,6.2,32.7,38620,174685,52276,1
63,868934,649,4,274704,13618061,1638,3,2,3.2,2490537,6.8,36.9,47301,203971,103954,0
52,652258,756,4,316904,11907444,1418,3,2,9.2,2640009,5.2,27.3,29138,133011,43728,0
30,429381,757,3,188752,8128142,820,2,2,6.9,1848383,8.3,6.9,14548,99386,39611,0
23,1055764,755,5,410179,12972585,1282,3,3,17.6,2285672,6.5,0.0,28813,168726,35755,0
65,1078492,687,4,123898,8871743,1294,4,4,2.3,735797,5.6,40.0,41429,129553,48341,0
42,1178268,830,1,129000,3063346,450,1,1,17.6,660223,6.3,15.4,54420,22627,18628,1
46,1033343,778,1,332726,5707483,760,2,2,3.3,557336,6.8,19.4,47488,63473,27437,1
56,1278582,689,3,494019,8986145,1154,2,1,9.2,2011626,5.6,36.1,70626,122020,58962,1
53,1896659,723,2,253071,9608958,1220,2,1,5.5,1676945,5.9,27.3,105660,150272,66926,1
35,431857,752,1,160634,7369176,985,2,1,16.6,757105,5.0,12.5,18035,98136,43000,0
64,480006,698,1,238404,1962848,566,1,1,27.5,474914,3.6,38.6,17024,24453,15952,1
41,769536,733,1,146052,2911364,450,1,1,3.9,765762,4.7,14.4,29977,40987,24532,1
27,1029123,691,5,115772,12398315,1644,4,4,5.7,2214121,5.7,2.5,45525,119143,69820,1
64,1140111,789,3,107019,14566815,1230,3,3,4.2,4417530,8.3,40.0,51064,142640,71022,1
32,528450,723,4,33625,8683951,1272,3,3,2.2,635560,7.2,3.8,18664,112869,75231,0
56,1207994,771,2,126158,4961416,466,1,1,6.9,656864,7.3,33.4,52622,54903,10777,1
62,896640,706,5,218856,10989296,1166,3,3,3.1,2665924,7.1,34.1,52560,130757,40878,0
48,718826,727,5,293066,16846714,1813,4,3,3.7,5413226,7.4,29.3,26682,201512,40078,1
53,639571,718,5,277815,11754593,1540,4,3,24.6,1602980,5.5,22.8,27061,110691,38357,0
52,735089,734,4,350627,11222981,1078,3,3,15.4,1496320,6.4,22.6,15875,153115,31460,0
59,1755149,789,2,310154,6758493,1009,3,2,3.8,1277326,5.9,33.2,49601,82566,48694,1
25,1276935,778,4,4538,10635010,1292,2,3,6.1,3257651,5.4,1.7,38372,168091,46844,1
59,1154170,654,5,118013,9415236,1281,4,3,1.0,1685278,5.9,35.1,34110,148002,61325,1
59,819251,671,2,326925,7761139,895,1,1,7.4,2374281,4.2,30.3,23716,120571,37400,1
48,984147,684,3,255162,7184652,934,2,2,19.5,664971,4.9,22.4,33943,79997,43939,0
32,1910848,750,3,0,6403313,661,2,2,18.9,365119,6.8,9.0,68712,93323,27595,1
59,602892,673,4,164664,8967715,1079,2,1,8.1,471804,6.6,36.0,20714,131530,26124,0
30,904905,760,2,386182,4962211,735,2,1,9.6,948849,6.7,6.6,37931,44352,41065,1
27,1010426,717,6,133106,8919826,1671,3,3,18.6,1922946,2.2,0.0,15337,76224,77535,1
45,975317,726,4,382255,11815827,1105,3,2,9.1,1340775,8.0,21.4,22590,166225,42523,1
61,784555,813,6,176634,17335393,1792,4,3,17.4,1114210,6.6,37.4,35452,201481,45418,0
50,694131,681,2,112630,6532666,866,3,3,2.4,1937863,5.3,24.2,21677,59714,32268,1
35,1730632,686,5,800941,7978855,1241,3,3,1.0,2137621,4.4,8.8,96558,109368,74170,0
37,1498130,711,3,245163,10057088,999,1,1,6.6,3144370,4.6,17.0,51069,123627,50538,1
36,531299,680,6,190219,15052939,1418,4,2,1.2,3582397,5.4,9.7,13394,99414,43166,0
27,1216828,808,5,214940,8495693,1565,3,3,2.9,1725826,3.8,0.0,35770,78222,82229,1
24,845175,618,2,349350,8573893,983,3,2,14.5,919563,8.4,0.0,30238,110042,31600,0
29,481536,729,5,98807,10734310,1231,2,2,9.9,935929,5.4,0.0,13418,83684,44008,0
40,511109,706,6,208613,12516235,1530,3,3,4.2,2366881,4.6,22.4,27534,91779,89565,0
31,631026,699,6,191436,15498639,1591,4,3,15.0,4979395,6.1,9.7,17563,126473,64069,1
26,721515,697,4,242941,7902543,1100,1,1,15.4,1531816,4.8,0.0,14528,56935,26313,0
48,896037,692,2,270715,7903851,1114,2,2,32.0,2324090,5.1,20.5,20320,116223,27170,1
38,712090,681,6,153722,10275556,1533,3,3,1.0,3175707,4.1,14.6,26695,100770,35741,1
36,504778,601,5,207270,11016168,1497,4,4,9.6,3475608,6.3,9.9,10000,118998,55173,1
43,619825,712,5,74315,9661705,1152,2,2,8.5,1840467,8.2,19.4,26703,90732,36480,1
56,1028832,624,4,444175,9584099,1268,3,3,7.2,1046292,7.0,34.3,27907,96084,73940,1
39,1177049,645,2,226207,10355348,979,2,2,2.6,3275693,7.8,15.6,31555,114552,38008,1
30,724819,591,5,177085,9215780,1531,4,3,10.6,2523850,3.6,3.8,27874,108020,38183,0
54,1067267,732,4,333288,6374467,878,3,2,3.8,851668,5.4,31.1,45853,69191,32104,0
38,572197,709,1,159583,4516631,571,1,1,9.1,1490362,7.4,17.4,26525,67467,18741,1
34,706271,740,5,239621,8649566,1081,3,3,9.2,1502217,6.7,8.6,25932,137362,52616,0
64,1091169,661,4,351010,14640911,1362,4,4,10.1,5150506,9.1,40.0,53186,202201,77319,1
46,683427,708,4,304704,7755736,815,3,3,6.9,1326842,6.6,15.7,40125,91193,19460,0
56,679219,674,2,27275,9596438,831,2,2,5.6,2165799,8.8,27.1,14725,64970,53343,1
63,1038379,636,2,353654,4264317,644,2,2,22.2,1275627,6.4,37.4,59608,31190,28304,1
63,1200737,640,2,270189,7595966,762,2,2,12.5,2256557,7.2,33.7,26481,47553,30829,1
65,407555,628,2,268065,14210901,1376,3,3,10.2,1045760,7.1,40.0,17315,200745,59613,0
61,909091,734,5,230861,10003698,1363,3,2,9.2,2971824,7.2,36.0,16870,107421,40421,1
58,1212986,685,5,192027,15714142,1657,4,3,6.1,4154753,7.0,31.1,45401,250657,92286,1
62,546693,648,4,67946,12209007,1199,3,3,13.8,4086553,7.2,35.8,34180,84509,55615,1
57,917691,850,3,405237,8140328,913,3,3,5.7,2397071,6.4,32.9,42019,59641,26680,0
48,718031,686,3,0,11371727,1227,3,3,10.0,2741796,6.8,30.9,32073,94331,73084,1
46,753400,673,6,265572,13537181,1462,3,2,1.2,3146647,7.1,23.6,33169,215940,48762,0
46,1518219,683,3,288596,12446253,1052,2,1,5.8,959806,8.1,24.6,60728,160679,30312,0
54,1245679,750,4,270917,10207312,1422,4,3,2.7,609099,3.7,32.8,39017,118854,62033,0
61,365011,694,2,146394,12150175,1295,2,2,12.0,1310446,6.5,33.4,11039,163911,64365,0
52,541645,840,3,279109,9584766,1004,2,2,21.2,2027904,8.3,24.9,10000,126662,48491,0
62,585939,652,4,261191,11389627,1246,2,2,3.6,1300195,7.3,40.0,23090,162204,68527,0
30,736340,741,6,206032,10630697,1512,3,2,9.6,1978811,4.7,6.7,25795,128582,93131,0
62,627086,707,6,49354,15551687,1429,2,2,10.9,1668079,7.0,36.1,23550,162263,51455,0
31,373080,745,3,200612,9827252,1114,2,2,6.4,1980960,5.0,4.2,10000,156825,56651,0
60,701246,816,4,194056,11879791,1345,3,2,23.7,3315399,6.5,34.5,27818,179722,52284,0
49,877426,696,5,23368,10564707,1328,3,2,21.0,2380519,6.4,23.5,20843,91296,68861,1
52,502174,644,4,16375,5266841,1179,3,2,20.7,1086386,3.4,24.6,30815,52685,50024,0
58,673745,737,4,190729,14073935,1339,3,2,3.0,3190257,8.5,34.7,30480,107588,33795,0
54,1212742,646,5,270682,17444076,1751,4,3,4.4,1742172,7.2,29.5,50490,268889,107399,0
33,737217,711,4,288065,9497760,1158,2,2,4.3,1183711,7.7,6.7,21075,145799,32402,0
58,781989,701,4,82470,12016895,1322,3,2,9.5,2561122,5.5,30.3,31214,172462,31211,1
64,807132,665,4,349570,17053716,1399,3,3,14.0,5098217,7.2,40.0,41788,165074,89434,0
48,874123,679,4,142384,8593522,959,2,2,15.3,779238,6.8,20.1,50610,68466,22532,0
56,1050882,683,6,358080,15902386,1886,4,3,19.4,4022542,6.4,36.8,51329,149853,98887,0
27,1158822,752,2,346730,8499479,772,2,2,8.1,1453739,9.1,0.0,51196,132828,49479,0
46,835251,618,4,138259,10677657,1281,3,3,8.8,3167841,5.4,21.6,18717,90811,52710,1
43,722058,732,3,208770,10390048,873,1,2,8.0,2310049,6.8,19.3,45312,145720,55946,0
33,791384,726,6,101413,14015910,1447,3,2,10.8,4638458,7.1,6.4,39503,210811,55800,1
56,476446,646,3,233316,10746714,1072,3,3,19.5,2506048,7.6,34.4,23614,67377,25333,0
57,840331,777,3,145635,5566281,804,2,1,22.6,1039205,4.6,36.5,28840,35534,25262,1
61,851776,822,4,259339,14594471,1385,2,1,7.7,2479211,5.8,40.0,27112,110087,32870,1
52,680785,627,3,261719,4188920,819,2,2,4.1,1037114,2.7,31.8,33248,48516,31254,1
36,855861,728,4,83540,9365854,1255,5,3,3.8,1860170,4.0,12.7,41459,132575,44319,1
61,629546,685,4,288581,10502692,1087,1,1,10.6,3209374,7.0,37.6,11827,130605,69933,1
60,578727,736,3,65515,7652190,1080,4,3,8.2,1196187,5.9,32.4,25126,99979,45955,0
32,1177914,799,3,77670,7294158,867,2,1,10.4,1855047,6.1,3.7,41191,67303,44565,1
35,1461495,632,3,588575,8913715,1047,2,2,2.7,1956621,5.8,10.9,72167,115334,38217,0
29,721919,647,2,52801,5788846,794,3,2,3.2,965443,6.3,7.3,25148,72244,26122,1
31,548950,836,1,128144,7725088,658,1,1,14.2,2087258,9.7,2.7,37455,105714,31708,0
29,727934,686,3,175689,6937519,745,2,2,12.7,1203034,7.0,0.8,19836,64654,37765,0
37,1109646,700,3,143842,7826355,882,2,1,5.5,1530829,7.6,11.4,67139,104790,29658,1
52,564252,632,6,130129,11675221,1689,3,3,13.2,1565655,3.1,24.4,21018,95363,106702,0
55,650786,711,4,289585,14982558,1186,2,2,10.9,4870751,9.0,36.1,23796,131957,48774,0
31,728781,657,3,104610,10151793,1002,4,3,7.2,2674587,6.7,10.9,23383,141427,48445,1
53,782570,690,4,36715,8802584,1016,2,1,27.2,1657721,8.2,26.3,54771,110163,44951,0
31,1032932,698,4,63007,7274871,1220,2,1,1.8,2142028,4.5,0.0,50070,82302,51074,1
56,762631,740,6,301564,17056472,1663,5,4,12.7,3077734,8.1,26.2,16618,179649,62368,0
58,1136323,650,2,241212,8989313,939,2,1,34.6,2336936,8.7,37.0,32815,142841,50953,1
50,1162293,676,1,32866,5641407,596,2,2,5.2,1204152,7.1,26.7,36817,62174,22477,1
58,989261,778,6,184767,15192497,1630,3,3,10.1,1633141,7.7,34.0,57819,169403,77469,0
61,1406256,680,5,472702,12529116,1202,2,2,3.6,1970763,7.9,33.8,23010,157106,46819,0
31,1029976,667,2,239715,6562017,915,2,1,6.9,2119942,8.4,1.7,46721,69859,47991,1
49,947643,652,4,28204,16419542,1338,3,2,2.8,5242968,8.7,21.1,27344,122686,66609,1
58,1183586,715,1,282395,6534680,687,1,2,17.8,1308379,6.9,32.5,48842,50674,28801,1
27,981637,691,4,394610,11116134,1219,3,3,21.4,3832124,6.2,3.2,39682,78336,61893,0
40,741172,719,1,192709,5309155,639,2,1,1.0,486786,7.1,20.8,28851,51883,27220,0
24,1170827,713,3,112440,8178460,1263,2,1,17.4,987219,5.4,0.0,62000,63841,55526,0
30,765499,748,4,252425,11228579,1223,4,3,9.2,1093824,5.4,9.4,28604,135382,55849,0
58,675149,778,5,131286,14055631,1541,4,3,11.8,4677452,5.3,33.9,10000,126383,78650,1
47,527537,805,5,47304,10835752,1351,2,2,6.1,1886737,5.6,21.9,29071,70496,72147,0
49,920148,740,3,357295,7957612,1096,2,2,16.7,2717584,5.5,29.6,53876,73904,27293,1
34,1251912,649,1,229497,3851950,450,1,1,1.0,1070745,6.5,14.2,45223,48954,22234,1
50,700615,780,6,172008,9532337,1112,3,2,4.3,2482791,6.1,23.2,36929,82354,26416,0
23,743113,720,5,68394,10685168,1145,3,2,10.0,3509451,7.1,0.0,33283,127861,67071,1
65,776829,746,6,177740,21283804,1826,3,2,8.9,2274127,7.8,34.9,32364,226260,42240,0
55,1235929,703,3,185598,9019106,926,1,1,2.9,1314762,7.4,26.3,60393,116492,43171,1
40,1097986,699,3,432638,8163617,801,3,2,9.4,1381072,6.5,18.7,45981,93631,50925,0
58,1356212,645,4,252561,13483344,1563,4,4,11.8,2983932,3.4,30.7,58607,175069,59237,0
65,435263,751,5,0,15970574,1660,4,4,7.5,1395926,5.4,40.0,17633,188340,52251,0
45,569556,692,4,315535,12798638,1523,3,2,2.0,2459315,7.4,18.9,10000,82038,31437,0
62,683702,755,1,309445,7891331,835,1,1,6.7,2073207,5.3,35.8,33784,87221,22695,1
32,1009039,629,4,442051,9546704,1081,3,3,12.8,1200391,5.7,1.2,31672,110351,64795,0
64,896466,681,5,54472,14138890,1610,4,4,4.5,4187712,6.5,35.1,32516,98514,49159,1
29,770126,720,4,289370,9896862,1447,3,3,5.8,1872802,4.3,3.8,17332,65374,65448,0
38,860002,693,3,278344,8831258,1126,2,2,12.5,1620045,6.0,11.2,26073,95515,68779,0
36,909170,647,5,366393,11299387,1571,3,3,10.8,3552640,4.7,9.1,35080,170613,36858,0
40,960708,611,6,63966,11903225,1341,3,2,32.5,880193,5.3,11.5,18230,123567,58452,0
61,752550,722,4,136095,9577756,858,2,1,4.2,3385076,7.5,33.6,45345,84786,54480,1
54,1669256,677,3,444977,7310694,1122,2,2,2.4,2535314,3.6,25.3,60515,106063,37707,1
59,727858,676,3,138171,7810877,953,2,2,3.9,2089297,5.4,35.4,32134,112671,28745,1
41,813572,694,5,312756,10318377,1075,3,2,1.8,3276076,6.4,12.6,32657,144876,30347,1
60,883521,684,2,123965,4916442,937,2,3,11.7,1850842,3.5,35.1,42781,30978,53109,1
48,1145530,644,5,122233,12397720,1373,5,3,9.0,1321063,6.5,24.5,60242,138086,86676,1
35,508605,716,4,163223,9113599,985,2,2,5.0,2867538,5.4,18.3,19073,120852,22831,1
33,822845,763,4,234372,9275328,992,2,2,13.5,3007079,7.4,6.1,23099,139929,42363,1
61,1577616,666,5,637636,12207526,1162,3,3,20.0,980206,8.6,38.9,74339,172443,27298,0
43,891957,716,3,0,12355377,1116,2,2,13.2,2455433,5.9,19.3,10000,95138,35874,1
63,920826,639,3,291315,7627211,1074,3,3,34.8,1144420,4.3,36.1,51961,115823,49140,0
27,778312,788,3,352554,10170829,997,3,2,10.8,835387,8.0,2.7,39606,132247,52773,0
30,842126,779,2,353353,6344584,796,1,2,9.3,2138274,5.2,8.4,47775,93990,21277,0
28,929913,683,3,355262,4393257,612,1,1,3.9,309392,6.5,4.7,48725,33679,23800,0
54,945153,675,4,65897,8136214,1106,3,3,17.1,1257662,6.5,26.5,49161,56058,40600,0
46,852362,746,6,427703,13368253,1576,4,3,11.8,2509572,6.6,21.6,37851,205906,70667,0
32,671271,720,3,151996,8544811,854,2,2,6.6,1072559,6.3,1.0,22810,60674,26401,1
27,662908,735,3,307467,10691998,1164,3,3,13.2,1597247,6.3,2.0,23343,82705,60301,0
31,1360350,720,2,484212,7057667,1097,3,3,5.7,1472142,6.5,1.5,39801,85596,48143,1
63,790817,713,3,210832,8167278,828,2,2,11.5,609367,6.9,39.8,32566,93648,34844,0
46,1218080,755,4,0,9327568,1109,3,2,13.6,2118399,5.1,24.4,32402,137318,31449,1
40,788920,712,6,237851,13210105,1398,3,2,5.6,1103607,5.6,14.3,47669,192186,73633,0
35,490928,745,3,169353,7175492,808,1,1,1.0,1630565,6.0,10.1,35480,54895,45864,0
30,722819,673,4,144549,12494461,1209,3,3,4.3,3088367,7.8,0.0,25972,171090,46084,0
61,875453,587,2,263789,5115671,538,1,1,7.9,339550,7.2,38.1,68242,33897,28965,0
56,1031194,702,6,499321,14552490,1636,4,3,13.0,3115467,7.7,24.8,70054,201749,98861,0
64,995136,751,3,74620,5986788,763,2,3,9.0,471535,4.7,38.2,10000,75807,48567,1
38,966401,698,5,399192,14403102,1544,3,2,3.7,4341406,6.1,16.3,39915,144126,64991,0
36,891039,646,4,39928,9053653,1120,2,2,3.9,561551,5.5,12.2,34581,68744,61056,0
24,739520,669,6,161096,14746909,1488,3,2,22.3,1840192,5.9,0.8,34221,143036,88652,0
50,888906,758,2,159817,3740982,564,1,1,13.8,502676,5.5,24.5,22438,24243,20142,1
61,757481,682,5,128891,13078974,1137,3,3,5.2,1199129,9.1,37.9,42228,108721,48112,0
26,997236,725,3,359197,6616109,894,1,1,10.3,1777925,5.1,2.3,59678,89826,35611,1
39,675290,755,2,171517,8200923,965,2,2,18.9,383517,5.7,10.9,44339,65146,23532,0
24,844243,741,5,287790,13661670,1525,3,1,9.8,2426128,6.2,6.0,34455,108266,54208,0
30,869052,651,5,211425,11089105,1127,3,2,11.7,1844436,9.0,3.2,31247,77699,24270,0
54,1596990,753,3,376313,10848233,1200,2,3,6.2,1723317,6.2,28.3,59703,89288,59349,1
29,623795,708,2,26295,3488243,596,2,2,3.6,459820,4.1,6.0,19671,31350,18484,1
57,942433,750,2,208563,5218511,707,3,2,6.3,1171133,5.6,32.3,26902,42874,31256,1
44,1076320,769,4,447647,9626974,1004,2,1,7.5,1511273,5.3,19.8,35090,95241,27634,0
43,1138920,712,6,359932,12765387,1523,4,4,11.9,2291651,7.3,19.4,37104,196945,31328,0
30,583894,722,3,184934,9581230,1220,3,3,35.0,1283624,5.4,5.8,20429,78123,59488,0
25,715258,776,5,100439,17044729,1340,3,1,9.4,5031644,8.8,0.1,22689,241649,84546,1
60,1555883,704,1,431269,8104491,818,2,2,6.7,2167161,7.3,34.5,81610,101312,37052,1
57,867165,702,3,338985,6351950,923,1,1,4.0,2173655,4.6,32.8,13932,70404,36438,1
31,377195,659,4,103192,13001485,1405,3,2,15.6,3569207,6.4,8.9,11503,128884,73886,0
34,470669,774,4,143960,9302541,1112,4,2,10.1,1573323,5.6,12.7,21884,56658,58933,0
51,1271374,653,5,301913,17395097,1478,3,3,3.4,5749230,7.9,25.5,58379,112668,47665,1
55,903827,719,4,346564,5489627,1128,2,1,19.0,1442466,1.0,25.3,44762,47435,27886,1
33,1729693,652,2,236623,8443321,882,2,2,5.6,2278822,7.2,16.4,46689,76296,53300,1
64,1001396,687,2,403535,8042344,860,2,2,3.0,637183,6.8,36.2,47721,120880,28986,0
42,562752,769,4,97397,10643947,1381,3,2,4.2,1620645,6.3,16.4,19705,98590,42927,0
25,1499856,756,6,308716,17443383,1650,4,4,5.6,5300043,9.3,2.5,78775,256740,68053,0
34,1351173,754,5,332473,19266746,1666,4,3,16.4,1788660,9.7,3.8,63373,271719,67288,0
57,1291014,754,2,113580,8438444,746,2,2,2.6,1115057,8.9,36.6,10000,84970,16657,1
44,775046,783,4,423295,10020761,1261,3,2,4.0,722395,6.0,23.3,15014,69668,63761,0
44,668521,738,2,276820,7741989,944,2,1,6.2,1722411,5.8,18.0,20542,111691,46236,1
27,1308363,722,3,309231,11557306,1483,4,3,1.5,2678608,4.8,1.4,51246,147544,74731,1
26,829844,741,6,435090,14571608,1552,3,1,4.6,3359176,7.0,0.5,26656,200515,61538,0
32,1093176,731,3,275715,8133375,914,1,1,17.3,2630902,8.1,8.3,23875,96468,28261,1
65,671654,738,6,213873,14363954,1480,3,2,16.8,4918018,8.6,37.2,18518,195993,70247,0
52,1003778,775,6,357991,12472093,1677,4,3,14.9,3184803,6.1,31.1,33988,170347,90805,0
65,542994,761,3,43816,11175866,1075,3,2,3.8,2919375,6.0,37.1,37943,155080,59463,0
62,829847,676,1,112415,7399349,787,2,1,6.2,2093679,7.7,40.0,49635,69088,29886,1
25,581009,726,2,97354,6687799,773,2,2,6.6,489581,7.2,1.5,10000,96261,37363,0
29,945653,732,2,178306,4001661,450,1,1,5.8,189869,5.7,6.9,46900,39409,28261,1
26,809659,591,1,332161,5988661,655,1,2,16.9,848375,7.9,0.0,35619,93225,17760,0
54,550531,795,4,127841,7314798,863,1,2,8.0,931779,5.4,27.2,33622,111328,35489,0
31,857004,702,4,141938,10404450,794,2,2,10.4,3466205,9.3,3.8,37552,97912,26749,1
23,869727,807,3,130876,4437019,634,2,2,23.9,1199805,5.3,0.0,20425,57983,29400,1
54,1090512,722,3,273323,7606132,929,2,2,9.7,938977,7.5,32.2,50774,48451,43304,0
52,742599,737,2,294879,5870109,1218,3,3,7.3,2021962,3.3,27.3,45405,57322,26426,1
55,1438942,753,4,307978,10970018,1334,2,2,13.6,1564619,6.1,29.0,61876,159392,35022,0
56,1286347,733,4,0,8516001,1086,3,3,15.3,1859813,5.9,28.3,63850,74001,31171,1
29,1047939,779,3,266125,5938506,999,2,1,5.0,1386076,4.3,6.3,22335,36244,27713,1
23,562758,697,5,3281,11137264,1098,3,3,1.7,3031278,6.3,0.0,33034,152507,30101,1
60,2281165,829,5,829358,9347702,1370,3,2,3.4,631695,4.2,33.2,94904,136402,29995,1
63,565963,675,5,73675,11256498,1301,3,3,9.3,3328790,6.8,35.8,10000,108292,30958,1
54,1042874,629,4,80603,9134701,964,2,2,20.2,2106018,6.5,26.8,60721,139997,56990,1
41,792854,735,2,65854,5408586,747,2,2,9.8,1561661,4.8,14.6,22960,37997,39982,1
57,1248934,808,3,175339,9312130,1334,3,1,8.7,2448543,6.6,28.6,43629,97141,69391,1
23,480321,788,2,358714,4964667,600,1,1,6.0,477884,5.3,5.2,11395,41683,23054,0
36,522671,653,4,242329,4255311,877,2,2,7.2,298832,4.0,7.3,10000,51523,50914,0
29,1003914,752,5,345467,13849814,1511,4,4,1.0,4637437,6.4,0.0,44470,195379,32275,1
46,1001943,737,4,122529,7616244,792,2,2,4.8,1935373,7.9,24.6,46421,102407,24328,1
39,1258049,629,5,686646,10034702,1277,3,2,6.8,2858487,4.7,17.2,34637,102594,45346,1
25,954882,826,3,120672,6564540,857,2,1,2.8,648486,5.6,2.8,37662,53442,28797,0
56,592397,776,4,204713,12406837,1202,3,2,26.3,1854993,7.1,31.8,11616,193994,72614,0
38,565162,720,1,48926,6029969,784,1,2,16.9,865478,7.0,13.5,14950,89993,44033,1
28,1741724,745,4,543278,8529666,1281,3,3,25.7,1325200,4.9,3.0,81721,64953,49230,0
60,916702,746,3,23103,7749916,875,1,2,12.6,812917,4.7,33.0,29886,80216,47680,1
25,800584,679,4,163985,14990842,1514,4,2,13.1,3680773,5.7,0.0,14087,227773,91069,1
48,1359343,729,3,652348,10305906,971,2,1,5.9,1532577,8.6,25.1,48924,158650,45719,0
49,433582,639,4,0,12394507,1343,3,2,11.8,1569658,8.3,31.4,16151,89968,83839,0
49,640563,734,4,189872,10295084,1284,3,2,15.2,2962349,6.1,23.7,28826,102770,47455,0
27,592104,692,3,82544,14014738,1377,4,3,7.1,1251409,8.0,6.5,18720,164494,53730,0
34,1153765,830,5,493934,10973729,1347,2,2,5.1,3760957,6.5,9.8,67003,142100,60667,0
60,666056,686,3,300863,8804127,1204,3,2,3.7,1264841,4.2,34.4,38619,100290,62832,0
47,944999,660,5,26697,6137480,1353,3,2,1.5,955781,4.0,16.0,30804,48391,82086,1
46,1254866,704,4,194996,8268116,1187,2,1,21.5,1722162,4.5,23.9,53805,84371,49126,1
58,892807,649,3,423580,11796668,1397,2,2,10.7,1719451,6.4,35.9,37578,171170,82086,0
60,683056,698,5,97759,11683115,1468,3,3,7.6,3497631,6.7,32.2,15487,115193,53559,1
50,321868,639,5,75510,9247242,1269,3,2,7.9,2040079,4.8,23.4,10000,70780,39388,0
42,1416728,657,4,501894,12686869,1145,3,3,4.5,2048980,9.0,12.4,62406,117230,57240,0
23,557881,746,2,158791,7505529,887,3,3,12.9,909249,5.4,0.0,18279,60650,27196,0
38,785483,663,4,110960,6825330,1143,2,1,6.2,1540828,4.1,10.4,35879,78402,56853,1
53,631654,591,2,329602,7200487,762,1,1,11.5,435341,6.4,25.7,21744,113072,16542,0
42,1243310,749,3,90548,11987930,1184,3,3,14.2,962449,7.4,16.3,72639,167047,61078,0
58,750401,811,2,96624,5989918,929,2,2,14.8,1056870,5.1,36.1,28671,84463,40499,0
42,877950,739,3,329955,8793944,997,2,2,2.2,515211,5.7,19.3,65692,67515,33407,0
46,1657339,652,3,0,7861921,1150,2,2,12.5,2088257,5.9,25.5,87929,58265,66700,1
64,469298,630,5,213609,11184749,1263,3,2,2.2,978189,6.0,40.0,23437,162266,49307,0
48,782969,705,3,377661,9801558,963,1,1,2.4,2837643,8.1,18.7,10000,76627,29754,1
23,520526,719,6,107059,9414309,1460,3,3,5.4,1709399,4.7,1.3,13926,133174,70916,0
47,992274,647,2,281543,4251695,505,1,1,10.5,1014491,5.8,23.4,38161,65819,31748,1
40,1327785,659,2,439431,4879326,521,1,1,6.0,524472,5.7,13.3,32586,47255,31345,1
34,1488997,600,4,546692,9178950,1365,3,2,7.8,1031952,5.1,14.3,70733,115230,60323,0
35,1510860,667,1,349162,9883809,759,1,1,6.6,937306,9.7,11.7,92013,119868,21798,0
47,727052,712,3,95243,7606070,711,1,2,4.8,876813,5.0,25.2,16001,78020,26757,0
62,1781884,716,5,710137,13542987,1444,3,3,4.0,2689831,8.5,37.2,65335,206432,90870,0
41,729171,813,4,57798,15482377,1450,2,1,8.6,1279731,9.3,14.3,10000,216260,63598,1
30,910457,752,5,366237,12033587,1311,2,2,7.6,4027500,6.6,5.4,16623,125430,65675,1
52,693143,682,2,0,12351915,1022,3,3,22.0,2079433,9.4,17.6,29038,149179,27829,1
29,298540,716,3,1125,9887576,1172,3,3,8.0,2557708,7.5,2.1,22253,76322,66173,0
41,812078,750,4,419324,11336320,1211,3,2,14.0,1990423,6.3,18.1,33994,136937,27287,0
27,861375,702,4,227403,7384875,870,1,1,1.0,1561376,5.2,3.6,43403,109352,56497,0
63,640208,693,5,119702,10981949,1519,3,3,5.0,2456747,7.4,37.6,10000,112968,66834,1
45,590318,665,5,48511,14990163,1573,4,3,1.0,4207958,4.8,19.9,30247,149975,93871,0
40,1166640,706,1,460503,5113166,678,2,2,11.6,653155,5.5,16.9,46160,56982,23832,1
60,448667,770,2,87479,7328577,881,2,2,13.7,2122122,6.4,36.1,10000,49444,48228,1
48,574006,634,2,112967,8935795,905,1,1,10.4,2714935,7.0,29.8,21338,75300,41083,1
63,662465,651,4,90324,12878359,1314,3,3,7.4,1815056,6.9,38.8,13859,162677,82662,1
40,840992,722,4,122899,8316883,1212,3,2,3.6,1352789,6.4,15.6,45958,91610,64026,0
31,744129,686,4,230160,7388032,1028,2,3,9.5,2228484,4.3,8.6,22038,92216,23999,0
61,1423611,648,4,657936,9296880,1105,2,2,17.3,2924618,7.2,40.0,39684,63179,24411,1
28,803469,661,5,294943,8508092,1210,2,2,8.1,2137420,5.1,0.0,19148,102792,25080,1
29,1147027,847,6,583303,10378924,1650,5,4,5.6,644261,4.9,4.0,35846,110414,84482,0
28,1818722,744,2,417274,10648733,1112,2,2,11.8,811327,5.8,2.1,88571,135654,42420,1
54,1135376,670,2,318298,7751336,895,2,1,6.5,886596,7.3,27.0,62335,68488,26361,0
61,1315346,706,5,136368,14218268,1403,2,1,18.6,3657382,7.6,32.0,70126,92788,41812,1
63,1384371,668,3,558415,11076124,855,3,3,8.0,2177278,10.0,40.0,67574,106668,52178,0
32,447428,589,2,151860,7017419,693,1,2,14.3,391287,9.0,7.4,18832,53070,33863,0
32,945644,738,4,62414,10363947,1043,1,1,7.6,1919773,7.6,11.9,53496,124330,21790,0
59,935672,654,2,460464,7863322,927,1,2,7.2,1504548,6.3,39.8,50423,120788,21363,0
49,1096945,767,5,513670,8597211,1196,3,3,9.0,2453052,4.5,28.8,28116,57845,34097,1
32,1038534,733,4,392807,8461630,1353,2,1,4.7,1918943,5.9,7.4,35622,58729,48725,1
51,618284,746,5,110089,12961963,1487,3,3,10.9,1673502,6.3,22.9,16924,93774,36694,0
25,680721,659,1,212332,6111150,732,1,1,1.8,1119271,5.7,0.7,35648,58447,47169,1
23,1110818,725,6,127512,7466326,1240,2,2,18.9,1724769,3.0,0.6,42223,50456,37482,1
53,1023133,688,2,347431,4912749,958,1,1,7.7,643257,3.3,32.8,32396,54527,52264,1
45,482317,770,6,77073,11530540,1399,4,3,3.5,923805,7.3,23.8,15572,127408,66573,0
50,681344,744,2,217254,8376083,757,2,1,5.4,2179826,8.6,25.3,22483,98489,23370,0
47,710488,602,4,263503,16542106,1413,3,2,6.0,4980898,9.7,28.2,20221,155976,57759,0
58,738142,689,4,345516,8430567,1186,3,2,5.9,1844993,4.9,34.8,32630,103776,70860,0
32,781049,682,3,294682,9443786,1067,3,2,14.1,1765862,7.9,6.1,27013,120997,58575,0
30,1248063,790,4,387078,12058670,1232,3,2,8.2,2368108,7.9,5.5,29402,171677,39513,0
44,526585,669,4,184305,13772004,1025,3,3,8.8,4206517,9.9,11.0,11608,196053,36932,0
26,545468,726,4,41785,11240193,1410,3,3,6.1,1003962,7.1,1.8,21942,106192,48780,0
25,782924,665,4,8856,15946312,1416,4,3,9.9,5196330,10.0,3.4,18154,110742,84229,1
51,1251030,691,2,22145,6177633,793,2,2,1.5,478725,5.0,30.4,57735,67899,37071,1
60,586926,753,5,166491,15612066,1647,4,4,4.1,3112331,7.5,34.4,27751,197575,87066,0
35,953911,734,3,23080,11395433,1070,1,2,3.4,2168641,7.6,3.8,25089,181665,58460,1
65,289278,662,6,48676,12069809,1692,4,3,5.0,3705633,6.9,38.7,10000,108040,70274,0
56,1081253,751,2,182448,7309317,1037,2,1,13.0,974634,6.9,25.3,32886,59555,63801,1
32,1304245,677,1,113035,8095462,694,2,1,2.1,2404068,7.9,12.9,55581,50516,33270,1
30,902852,779,4,453105,12883961,1424,3,3,11.4,1777956,6.4,11.4,31636,129909,42277,0
64,872597,649,3,499238,12496143,1455,4,3,11.4,2293763,6.6,40.0,42728,138229,39008,0
51,721842,672,5,114913,7100233,1014,2,2,9.7,635469,5.6,29.1,11604,63474,46204,1
36,845531,726,4,257188,8947058,1040,2,2,5.8,1377177,6.7,9.9,25267,82395,44456,0
60,354544,682,4,0,11677915,1385,3,2,16.7,3390602,7.5,35.1,16542,122925,52012,1
39,802757,666,2,0,6326243,570,1,1,3.7,1258434,9.0,17.8,44325,47992,33374,1
38,892892,675,5,155211,14409876,1596,3,2,2.7,3253500,6.3,8.7,16101,119090,60850,1
41,850125,565,3,357145,12141738,1025,2,2,15.5,2396376,7.7,19.6,29346,152144,26840,0
65,681467,768,4,108379,10600345,1357,4,3,12.4,3620132,6.6,40.0,20692,98487,79428,1
52,823562,689,4,90231,10360099,1450,4,2,13.7,853624,5.7,27.0,33605,87750,72926,0
42,853803,714,3,132021,7886885,1180,3,2,14.3,1682003,5.3,17.5,26988,88017,44720,0
64,1051019,748,6,478833,12771947,1523,3,2,7.1,2266268,7.8,37.6,54894,152425,43717,0
52,470626,544,5,21658,14572305,1472,3,3,7.3,2784739,8.9,29.3,23548,138683,49071,0
65,815960,737,2,315398,10365864,887,2,3,2.7,2785617,8.5,40.0,32675,98827,25975,0
37,681443,665,2,247920,7287131,664,1,1,13.9,2049734,8.3,12.8,21596,44500,23347,0
64,879412,658,2,252566,5159873,717,1,2,10.6,846699,5.3,38.5,16939,57563,27565,1
41,1039007,698,6,403288,16168339,1668,4,4,12.3,3642041,6.4,14.8,26251,193099,94446,0
28,776035,550,5,22517,9335875,1324,3,3,16.2,1187400,5.8,0.7,10000,69080,45668,1
39,500950,740,6,276174,14211551,1509,4,2,5.6,3689865,8.9,7.9,12399,199147,47458,0
39,649720,765,3,0,7200407,963,2,2,5.6,2089230,5.8,15.9,22847,73393,47260,1
33,1646159,706,5,807754,20640124,1947,4,3,7.6,2765404,6.9,12.3,38278,265714,44267,0
60,745888,761,3,376628,6860174,912,3,2,6.4,1280184,6.8,31.6,45416,105328,48078,0
59,1521750,688,2,152611,6570728,631,1,1,8.5,1372941,6.9,37.4,67911,70019,30411,1
33,1250763,658,3,521302,11162022,1138,3,3,5.0,1118164,7.5,9.6,54284,135084,50904,0
38,701087,744,6,129452,17671905,1522,4,3,1.4,1603143,9.4,9.0,38242,121977,86790,0
56,2072080,765,1,484884,8786981,895,2,2,3.3,1859443,7.0,32.3,64420,56219,46100,1
52,829879,668,4,55869,10886150,1280,3,3,5.3,3274815,5.7,29.7,49644,83559,79439,1
64,841657,770,5,140646,9646393,1115,3,2,1.6,1069666,5.7,40.0,20749,85468,59203,1
34,726455,773,2,388725,5581186,861,2,2,7.4,998709,4.3,10.3,13386,34172,26447,1
51,1155484,715,4,279709,8544115,1193,2,3,5.4,2965972,5.2,23.8,31584,123852,48921,1
37,924988,629,5,314234,9906882,1170,2,1,6.0,1515979,7.4,18.7,52192,140611,43640,0
28,762606,617,3,261399,8516933,869,3,2,4.1,2026886,8.0,3.9,21234,121951,47882,0
25,1235714,634,4,420010,9369379,925,2,2,4.7,3419481,8.1,3.9,51304,105604,26340,0
28,521236,721,3,218981,11842087,994,2,2,9.4,1996793,10.0,5.1,15987,75153,58973,0
59,951202,733,4,251861,10317344,1281,3,3,10.6,1726402,6.9,38.2,23099,64829,62090,1
50,878787,697,5,276055,10790189,1070,2,2,6.4,1891165,7.2,21.8,53443,144729,32391,0
54,872688,670,3,168316,11971014,1249,3,2,19.6,4140919,5.3,34.9,47880,184107,74092,0
28,614021,712,4,12288,11663476,1397,3,2,12.7,2435906,7.0,0.9,33430,152103,54321,1
55,477773,843,4,161532,9180822,1163,3,3,3.4,2689794,6.8,29.1,28995,105830,23364,0
25,1621667,786,4,420334,11796987,1396,3,3,12.4,3981164,6.9,0.2,45208,183556,28096,1
41,1116378,630,4,377138,7475306,1024,3,3,7.1,1558081,4.8,16.4,34418,68911,36881,1
28,623018,787,4,244683,7854997,1010,2,2,15.7,993773,4.7,4.8,10512,94401,34640,0
55,1497827,810,3,196284,10356190,1210,3,3,5.3,1373832,6.1,26.6,43074,101799,30960,1
62,551149,647,1,285491,6364106,552,1,2,3.7,1924689,7.6,37.6,15389,60673,25128,1
52,1023860,850,3,269148,14916848,1190,2,2,4.7,3111421,8.9,25.2,24127,180905,44135,1
45,567267,680,3,90801,5567024,798,2,1,9.0,752065,5.3,19.9,30135,60327,25667,0
44,467847,664,1,229610,12414057,973,2,1,4.8,2291905,9.1,13.8,14692,91793,21018,0
58,618345,736,4,140924,8640066,897,1,2,7.8,2558171,6.2,29.2,37578,75982,47776,0
45,1480894,687,4,522087,12563022,1387,4,4,8.9,1150864,6.6,21.4,24420,188817,89766,0
41,623798,781,4,193004,8189224,1405,4,3,17.4,812055,4.2,14.4,31834,54548,42032,0
61,960525,793,3,350346,6916389,863,2,1,11.0,489047,4.7,40.0,38932,71136,52965,0
60,1231336,713,3,84820,8355813,771,1,1,6.2,2540462,8.1,32.8,38130,62172,45225,1
42,969100,800,3,364062,5741338,1095,2,2,10.1,863562,4.7,19.2,35215,58713,30652,0
45,837669,751,5,58051,11765402,1350,2,2,3.2,3677052,6.5,16.7,26402,80941,39288,1
38,1783679,714,2,798473,4277834,646,3,2,9.1,1222066,5.3,9.7,55729,30550,23219,1
65,1466053,736,4,224486,13355045,1373,3,2,2.9,1745999,6.0,35.6,65276,115594,27778,0
52,845967,668,4,345108,9506572,1249,3,2,7.5,3098274,6.1,28.3,21548,85444,50537,1
63,570315,775,2,193089,11059008,1023,2,1,8.0,3207470,9.7,40.0,29232,145974,38586,0
30,1482630,705,3,486780,8060139,798,3,2,11.9,749382,7.1,6.4,64151,96977,34546,0
52,718769,735,6,1725,11852156,1478,4,2,16.7,745504,8.1,31.3,38959,180608,86798,0
58,924437,699,5,212164,14867431,1332,2,1,6.0,1665719,8.6,37.1,35380,145362,73899,1
39,1040920,668,4,234488,4941455,1041,3,3,15.4,1217963,4.0,14.2,33285,61202,58069,1
28,1147560,666,5,98400,14176156,1292,3,2,8.1,4637015,8.4,9.9,19414,94189,33927,1
26,918979,688,2,94865,8530623,766,2,2,20.7,2242314,9.5,4.3,40792,117193,21966,1
26,670839,661,4,342691,9137182,1014,2,2,3.0,1275715,5.4,0.0,33746,128600,49934,0
46,302391,778,1,168988,7412971,892,2,2,25.4,1502029,8.1,23.2,10000,85525,55437,0
52,707040,747,5,24600,6271694,1294,3,2,3.6,2127019,3.0,26.2,20558,78694,35330,1
60,602119,668,3,50984,10123245,1195,3,3,12.9,702500,6.2,39.6,21794,77272,41124,0
29,656083,619,2,156513,6929269,1085,3,2,2.0,1603451,4.7,3.8,19003,57917,52566,1
33,950855,689,5,0,10561156,1482,4,4,13.0,3003362,5.8,11.0,44247,159740,71907,1
46,657816,727,3,114577,11274576,1134,1,2,12.1,3298804,7.7,18.2,28175,126623,26747,1
61,1055253,701,3,366144,9383946,1040,2,3,11.8,1157119,7.2,31.4,58653,133442,49995,0
50,947126,722,3,202011,4002592,851,2,2,11.2,292724,3.4,24.4,53119,58534,34333,1
25,955233,685,4,267441,11283405,1100,2,2,11.3,3288463,6.8,0.0,24055,169901,26530,1
53,1234987,739,4,375035,5083906,903,3,2,12.7,543423,4.2,30.9,30172,77985,28273,1
65,474709,817,5,7243,16259127,1477,3,3,9.5,3158240,8.0,40.0,18769,106868,81417,1
49,971362,732,4,227697,9963756,1204,2,2,5.1,1433611,4.6,28.3,38086,152118,54114,0
58,1054168,793,4,508013,9354570,848,2,1,26.0,3004618,7.0,31.3,30861,107249,54122,0
29,1036161,753,4,493664,8068376,1172,3,3,8.1,913011,5.2,7.9,39320,70189,28530,0
41,738822,753,3,367351,9703453,1108,3,3,10.6,1277555,4.9,16.1,33582,115402,50886,0
30,2114524,679,3,747400,14541043,1276,2,2,1.4,4785393,8.3,4.8,106657,115678,26928,1
27,774944,796,3,277224,13548705,1329,2,3,6.1,4094199,8.2,0.0,39346,178745,68979,0
65,597867,677,6,261642,9825146,1343,3,3,16.1,1633404,5.7,40.0,28532,72629,75504,0
28,433703,681,5,0,12976511,1353,3,2,6.3,3510863,7.4,0.0,34234,191070,58327,0
24,1245570,772,3,26375,10139888,890,1,1,14.4,2571682,10.0,0.0,51764,124002,46444,1
43,1075528,732,5,404193,15083912,1493,3,3,14.2,3314872,6.7,25.0,22771,238937,75432,0
48,792954,620,5,391556,13394185,1632,4,4,1.7,3827879,6.8,26.2,35029,158464,35318,0
59,675191,668,5,250837,10009542,1148,4,3,7.5,3071227,6.1,33.7,18194,144237,39605,1
27,935367,686,2,0,4517474,450,1,1,8.5,1376442,6.0,0.0,34339,66723,26233,1
39,1667309,725,2,659624,10950495,1174,3,2,11.3,2379271,6.9,16.0,55544,117845,49030,1
29,898474,757,4,175993,8084167,937,1,1,6.8,2812099,5.6,8.5,43168,118193,23373,1
51,606148,654,6,109590,11410724,1608,4,3,12.6,1742575,3.2,25.5,41156,131549,98666,0
27,868899,758,4,266191,12669076,1262,3,2,5.0,2469068,6.8,2.7,37356,156447,31851,0
31,1188626,712,5,71009,10781634,1235,3,3,6.2,835150,8.6,4.3,41038,121392,28808,1
57,712699,678,3,341903,6693973,915,2,2,15.3,1804374,6.0,31.0,35828,43075,59065,0
49,704475,584,5,49183,12952085,1268,2,2,11.0,2860355,7.1,26.0,36089,175105,81468,1
45,1148712,669,3,506960,13590658,1133,2,2,8.5,4006921,7.4,23.2,53360,135660,26876,0
46,531301,697,5,54506,14409428,1556,3,2,3.8,4823181,8.3,21.7,16108,158986,93187,1
51,754931,655,4,340225,16883010,1474,2,2,6.1,2670325,9.0,26.5,22000,110364,65600,0
41,905909,773,3,248445,7505970,998,1,2,5.4,766612,5.0,11.0,21832,111929,48672,1
37,681630,668,4,0,6805338,1032,2,3,4.7,1889385,4.8,11.5,17535,83246,59231,1
25,687522,647,6,289984,14058984,1530,4,4,10.4,2418470,6.3,0.0,10000,89221,37329,0
64,352201,803,3,139030,6546914,1041,2,1,16.5,1016582,4.6,38.4,17532,102264,34396,0
58,857096,636,4,363200,11423817,1266,3,2,17.5,971547,6.7,40.0,30047,106358,68770,0
38,957228,744,4,366923,10999851,1322,2,2,14.2,3309525,5.5,14.2,32829,75523,83596,0
64,762619,777,3,165981,12382010,1458,3,3,1.4,3354239,6.6,40.0,27910,180148,93593,1
42,1246955,609,2,647738,5245799,536,1,1,6.3,569056,7.6,19.8,50054,53594,12037,0
62,1243921,725,6,509869,14877641,1436,3,2,11.3,1997672,8.2,37.8,54653,217820,47259,0
40,1192086,653,4,271541,4820604,1151,3,2,4.2,691373,1.1,17.2,32906,47029,40659,1
36,825855,724,2,261392,5049466,547,1,1,18.8,449748,5.1,11.5,35539,77988,30366,0
28,1143858,617,3,385804,7293074,997,2,2,2.2,540126,6.7,0.5,23663,95174,23603,1
47,1465150,698,3,599844,6468700,850,2,2,14.6,1219884,2.8,25.2,57467,80619,39534,1
47,673769,653,1,103001,3830799,450,1,1,3.3,1174291,6.1,28.3,32925,49407,26100,1
47,812868,764,4,189407,12512817,1077,3,2,14.0,2097266,8.2,22.0,34121,156655,30996,0
61,839292,661,6,119310,8266894,1294,2,2,10.4,707893,4.5,36.9,23315,71413,37748,0
35,1186462,750,5,68131,10160390,1559,4,3,4.3,2730164,5.1,8.1,72169,61915,65074,1
63,1171660,736,3,304141,5266289,878,2,2,2.5,1275359,7.2,36.7,49836,33558,19045,1
37,1421390,677,5,83028,13521210,1238,3,1,9.6,2502595,6.6,14.5,43896,93965,25650,1
55,595874,798,4,44487,10347279,1363,4,2,6.3,3029387,7.2,30.4,10444,113094,87748,1
26,414131,753,5,34381,10372842,1545,3,2,14.6,2371131,3.4,0.0,13751,72259,60152,1
45,2151804,687,6,679562,7052257,1162,2,2,5.2,363659,4.7,20.9,98295,45342,70557,1
57,798873,750,3,280492,3366664,694,1,1,4.1,477317,5.4,27.9,36964,40402,39290,1
46,637584,606,4,188714,9758456,1257,2,3,11.4,1079313,5.1,24.5,26346,131595,26202,0
47,1007826,658,4,256217,9340175,958,2,2,9.5,1109268,8.9,25.3,46228,103571,22288,0
55,553837,850,2,222923,5590500,687,2,2,6.4,1670012,6.9,28.5,16797,60994,38398,1
30,494057,707,4,66560,4664146,764,2,2,12.0,1198656,5.0,0.0,13360,30986,23198,1
62,655660,694,2,231198,6654957,779,2,3,21.3,2008028,6.2,37.1,33965,41402,48842,1
48,936616,690,2,391827,5743588,716,3,2,6.3,474866,5.1,29.5,30313,47048,38418,0
26,545254,745,3,59515,7600684,1098,2,2,3.0,2289391,7.0,3.0,40515,95931,38245,0
61,407201,653,3,44065,8261652,947,2,1,1.6,1405874,7.7,40.0,10000,85107,58435,0
28,752192,653,3,189977,10198681,943,3,3,2.7,2347404,6.9,8.1,17424,96795,24509,1
41,1018891,734,2,359620,7575079,816,2,3,13.8,1598481,3.8,21.2,35337,112784,41784,0
50,1469098,692,3,296237,10737614,1025,2,2,4.5,1599143,7.1,22.9,68404,117271,56486,1
58,524025,714,5,108325,8392847,985,3,3,16.3,1788908,7.2,31.8,32539,82894,20518,0
52,814828,721,3,104433,6857384,907,3,3,3.8,1457883,4.2,30.3,34892,51705,26438,1
46,334933,796,3,57340,12184649,1212,3,3,2.8,1926074,7.4,23.0,18595,191420,76320,0
29,710617,738,4,53988,7378150,1094,2,3,8.4,896161,5.7,5.0,10000,93450,34367,1
57,2658676,770,5,1238143,13049562,1419,3,3,1.4,1509195,5.4,33.4,91298,121883,45719,0
28,921102,796,2,328672,10808398,1123,3,3,12.9,2715066,7.7,9.8,50337,90087,40359,0
39,845042,687,6,101602,14329572,1854,4,3,13.4,2406891,5.1,15.9,16838,174884,37857,0
61,526892,734,5,263699,9692767,1111,3,2,9.5,2458156,4.9,37.6,21937,148218,46694,0
50,473695,701,6,0,12086647,1009,3,2,31.2,1498716,8.3,21.0,33626,137668,36909,0
34,431464,670,5,18260,11059904,1577,4,2,5.6,2663843,5.2,11.7,10000,102762,49431,1
30,816951,644,3,364247,8117078,961,3,2,5.5,2647243,6.1,6.5,39529,86266,48695,0
25,883800,730,4,110578,6899549,983,2,2,12.4,1849128,4.2,0.0,24568,55862,32656,1
63,839364,815,6,111948,11492252,1284,2,3,14.7,825543,5.0,34.8,23645,123442,43829,0
27,1055056,755,5,451887,10996752,1187,3,2,4.8,1009792,7.2,3.7,44372,162208,51279,0
42,463855,735,6,134956,9151495,1212,3,3,7.2,2172486,6.3,18.3,17074,127888,47642,0
36,1006672,622,2,160065,9479860,941,2,2,8.4,2064435,5.6,17.6,50463,58587,42573,1
23,1992762,528,4,227770,8771840,1373,3,2,27.4,816564,5.3,3.6,69760,82315,58460,1
34,1363487,744,4,470579,9691782,1104,3,2,16.5,2372302,8.4,11.5,34801,59779,49643,1
53,1098694,738,3,172392,8242022,815,1,1,10.1,2411783,5.3,35.4,37537,97781,27894,1
58,627336,643,2,168363,11057341,1019,2,2,3.3,830437,9.2,31.7,22420,83893,30586,0
44,458979,623,4,59043,8546139,1152,2,3,10.4,744523,6.2,18.5,14917,102925,57788,0
62,557034,785,4,180272,12519764,1135,3,3,13.9,2161061,8.2,39.1,15972,175865,69515,0
27,1252549,730,4,534738,10550752,1350,3,3,2.9,850386,7.4,6.1,48197,112231,48786,0
32,1343882,688,5,289796,10208430,1280,3,2,5.7,1079870,4.9,8.3,70813,65006,37369,0
51,1432303,687,6,358135,9701803,1616,4,2,6.5,640727,5.0,25.8,67336,91293,32508,0
36,481118,756,2,119368,5914318,779,1,1,10.7,375032,4.2,13.7,12753,42645,32374,0
35,991255,603,3,331978,10061294,1002,3,3,20.3,2766363,8.2,11.5,47032,102627,35688,1
34,999007,626,4,269094,16771727,1488,3,2,3.8,5855230,8.4,9.2,36187,216781,69046,0
57,424960,747,6,229343,12484124,1267,3,2,17.7,2610067,7.2,30.1,19413,131234,32924,0
46,335041,695,3,104313,10970648,1068,2,1,2.3,872631,7.0,11.6,12674,84850,58146,0
32,722147,685,5,291063,14899553,1584,3,2,1.0,3404506,6.6,3.7,22876,148330,65707,0
41,1188986,689,4,462719,12384363,1067,2,1,8.8,3927990,7.3,16.7,59371,121197,45618,0
54,1069304,694,4,69691,8320798,1014,2,2,3.0,1505911,6.2,29.1,50152,60375,46727,1
40,250000,693,3,96606,6955375,822,3,3,11.5,1980560,6.9,12.8,10000,94091,36401,0
65,585658,774,4,258984,9612645,1302,3,3,18.4,2450304,6.2,34.8,24986,108289,60771,0
37,795491,762,6,173439,11794471,1769,5,4,1.9,2820486,5.8,17.7,18973,103678,37059,1
58,1301306,802,1,276898,4817968,846,1,1,5.4,612373,5.4,32.4,51103,51870,32578,1
59,762601,703,3,308965,13217400,1198,2,3,28.6,3365848,4.6,33.6,11368,184582,29933,0
63,962504,746,6,402275,16798999,1295,3,2,2.5,1055146,10.0,40.0,53275,214597,48629,0
46,1547328,762,3,250325,6463684,645,2,2,19.7,1620897,8.5,20.7,60247,59255,32627,1
55,625807,796,5,209114,10289438,1137,3,2,5.8,1658572,6.7,33.0,35233,157735,50111,0
47,2390369,715,4,430699,11009099,1319,3,2,21.5,1087395,4.6,18.3,79373,81274,46006,1
49,527442,726,5,254553,10984750,1303,3,2,8.5,749712,5.8,25.7,26805,116176,75089,0
30,876142,693,5,342361,11335937,1122,2,2,8.9,2773526,7.7,8.7,55599,132731,40866,0
40,784248,758,4,186420,7096546,1001,2,2,11.0,912967,7.2,15.4,31211,77769,26555,0
45,516360,850,2,161296,4623496,525,1,1,7.5,963817,6.1,15.4,14273,63645,21234,0
35,1549928,794,4,104110,9610549,1326,4,2,3.9,1454683,5.8,11.4,68549,111184,40717,1
50,1041528,742,4,317329,9431300,1223,2,2,11.1,1539515,5.8,25.0,32976,105379,30909,0
34,908534,792,1,114247,6767209,625,2,2,6.4,838503,8.5,6.8,51270,65684,26879,1
48,1015773,661,5,405450,14379351,1502,4,4,2.8,928323,7.9,22.9,56988,173310,75841,0
32,1082338,640,2,384517,9556476,1018,2,2,6.6,2538841,6.2,10.7,42934,144304,52689,1
55,833661,622,3,389134,9176319,974,3,2,5.9,2969599,7.3,28.4,10000,130854,53166,1
58,421230,638,2,65214,10685190,978,2,3,1.7,2509492,9.1,31.1,10000,131266,28935,1
57,1066494,668,5,0,6776738,997,3,3,22.2,2266985,3.5,38.7,45282,61736,52949,1
48,936857,744,3,176600,6703063,950,3,2,13.0,601908,6.0,18.0,10000,43015,50113,1
35,890865,706,5,410311,8899494,1280,4,4,6.0,1552031,4.9,9.6,31871,88956,56779,0
31,250000,686,5,163680,11742386,1271,4,3,5.1,3520873,6.7,2.7,10000,92943,33128,0
49,935457,648,3,96243,10955085,1021,3,3,30.3,2349187,7.2,22.8,28824,66985,66254,1
33,1256684,751,2,476421,11428759,975,3,2,5.7,1100211,8.8,16.1,40490,95808,50250,0
58,1389327,660,5,576817,13481756,1354,3,2,12.5,1882115,5.9,35.8,61767,214304,53497,0
61,605087,746,2,273990,10603786,1045,2,2,4.5,1332955,8.4,35.5,25317,134860,63655,0
31,1102012,760,3,33247,4681117,616,1,1,4.9,870179,6.2,1.4,26724,42018,16290,1
40,1451506,685,1,600820,7330554,771,1,2,4.9,595158,7.6,18.0,76014,68332,16011,1
55,993160,624,4,370593,11098236,1325,3,2,7.0,3570772,6.1,35.2,47832,84135,61145,0
29,1047480,787,3,134284,8669231,1059,2,2,5.3,1657442,6.0,2.8,36433,135563,36259,1
38,498104,698,4,90678,12989342,1509,4,3,5.8,1390218,4.6,6.5,15622,83000,35399,0
60,492732,710,4,22583,13275148,1534,3,2,10.5,2125352,6.5,29.2,16022,105421,99598,1
57,744800,748,4,303773,5386811,1040,2,2,8.3,1825354,4.8,38.2,25932,60106,31187,1
43,439515,737,6,159854,17323949,1836,4,3,8.0,1877405,8.7,14.3,21673,238902,38184,0
37,1442205,779,2,561063,8452039,949,1,1,7.5,1627169,6.8,9.4,76879,54424,20686,1
36,833626,630,5,40480,13165680,1375,3,2,8.1,3669685,7.9,11.0,20306,146997,38213,1
38,653870,709,4,22958,14389561,988,1,1,4.1,2280532,9.4,10.6,39117,190593,59683,0
36,628441,653,5,70107,13412503,1484,3,2,29.9,3276095,5.7,14.3,26591,152007,65994,0
47,1082145,677,6,468788,9781791,1395,3,2,12.1,2748203,5.9,22.3,53150,79629,70701,0
44,655988,788,3,53895,12611476,1317,3,3,13.4,2406768,6.3,16.4,17901,149868,33023,1
58,527482,706,4,0,8539673,1088,2,2,7.1,909058,5.8,29.7,21746,94043,37799,0
64,664695,663,3,28794,7887739,1032,2,2,9.0,1623545,5.5,40.0,33335,125000,44737,1
63,618679,702,5,0,11170980,1341,3,3,8.4,1375532,4.5,35.5,29659,150003,45133,0
42,1097757,660,4,132903,6588807,878,1,2,4.6,2277056,5.7,19.4,55540,87685,40087,1
45,771866,739,4,147301,13012996,1287,3,2,8.9,4054971,9.1,13.9,25954,174692,39017,1
44,800631,580,1,148062,2453635,450,1,1,6.4,186063,4.7,19.8,30274,30752,15397,1
53,518901,741,4,133567,8417594,1216,3,2,10.1,664504,5.0,30.1,28980,107083,25159,0
43,1585997,729,5,541059,15680513,1484,3,2,13.9,3041039,7.9,21.4,74516,125143,34026,0
63,1119023,631,3,237799,10474210,1034,3,3,8.7,2592027,5.9,40.0,36786,162953,38139,1
44,484813,732,3,91837,8086518,1179,2,2,5.0,1369579,5.4,19.5,10000,90037,28151,1
31,1438625,727,5,270842,8942022,1217,4,3,14.5,2341403,7.9,7.2,55085,89181,39072,1
45,834173,696,5,17836,10634698,1328,3,2,15.7,1809104,5.3,27.0,16235,115087,70166,1
42,969050,808,4,125519,9691615,1188,4,3,1.7,2501622,5.9,18.5,31498,80916,65220,1
60,1112976,779,3,443242,9420715,919,2,2,10.5,2934760,8.1,34.4,42306,137055,45879,1
35,1164562,796,6,461691,13757621,1523,3,2,3.7,1017054,8.3,13.8,26970,97097,47463,0
23,604121,599,2,0,7867269,933,1,1,4.3,1888387,4.0,0.0,26018,76160,32114,1
65,1237056,716,4,338303,6840304,870,3,2,8.6,2021598,6.7,37.3,29221,80830,36466,1
52,1609303,656,5,688940,16533135,1432,4,3,8.9,1143487,7.8,30.9,45317,162179,73147,0
53,1040288,754,4,266124,11402906,1200,3,2,14.0,3744253,7.2,26.6,36383,143352,76169,1
64,928938,662,5,429383,11863916,1368,4,3,1.0,1664986,6.6,37.7,20712,151615,69140,0
55,532466,681,1,164024,5497601,816,3,3,27.0,1211367,6.2,29.8,10000,45702,28098,1
53,1570287,771,6,769306,17784645,1456,3,3,15.8,5737732,8.6,30.3,99103,120665,48789,0
40,1470220,746,3,554938,8965530,957,2,2,9.6,2165503,7.4,12.3,76337,97601,46366,1
50,879979,657,2,439533,10615363,1000,1,1,1.5,1551504,7.1,29.0,29924,69029,32717,0
36,1293071,655,1,579312,8666869,799,2,2,5.6,2636683,8.1,18.5,57657,128775,21962,1
24,992499,644,3,447351,11795330,1228,3,2,11.9,2224592,7.9,0.0,33027,98249,75913,0
28,955661,732,3,270547,11023144,1223,2,2,2.9,1218070,5.2,4.9,57819,124730,26931,0
59,753705,731,4,41773,13501313,1400,3,2,2.7,2776845,6.1,36.3,23703,132381,44482,1
41,420980,737,5,72966,10620515,1138,2,2,2.5,3028020,6.7,8.6,10172,120743,52250,1
27,675355,636,3,321426,6353844,777,2,1,15.5,1275984,5.2,1.3,24751,90533,39193,0
33,818174,641,2,314450,5412028,648,2,1,9.2,846803,8.4,6.2,54214,73820,40447,0
47,912599,611,5,296340,12364508,1515,3,3,5.8,1013014,6.3,27.7,39593,151365,54296,0
65,1071385,705,3,259646,9560484,918,2,2,2.7,1911372,7.7,38.8,34276,152609,32784,1
58,1471069,738,1,703897,8379924,697,1,1,13.5,2098204,8.0,33.0,57267,79083,14450,1
23,932793,636,4,272251,7297748,1100,2,2,5.3,2542793,6.4,1.6,15871,66015,44668,1
63,1242377,742,3,471918,5852702,627,2,2,22.5,1001436,8.8,39.3,29036,68364,32724,1
25,637580,704,3,51873,8189826,1005,2,2,8.4,705035,5.2,5.0,17666,124860,28621,0
36,527770,649,3,222696,8078098,1015,3,3,19.0,1016383,6.5,11.0,10000,62607,32544,0
35,596708,734,3,104115,6798765,834,2,2,13.9,1433847,7.0,14.5,17239,72399,31995,1
48,762207,722,5,415167,12254432,1258,2,1,5.9,965217,7.3,23.2,52605,191074,50672,0
51,1238441,730,6,577533,11214227,1415,3,2,23.7,3690444,4.7,26.7,50047,95600,52270,1
61,360886,737,5,107883,16066180,1599,4,3,27.2,4376984,6.6,36.6,20986,236578,45707,0
50,1099590,719,5,332604,11554786,1290,4,4,4.5,2054418,6.0,18.0,32297,100882,77978,0
54,462541,703,2,106502,7323100,993,2,2,19.3,538320,4.6,29.9,22688,96662,44806,0
62,1235904,681,2,526120,8315832,709,1,1,9.6,1300883,9.8,35.5,50406,71206,30027,0
46,866280,588,1,341804,3342826,516,2,1,8.5,844048,6.3,22.4,42741,44169,25929,1
50,765332,728,3,115793,10673283,898,3,2,2.7,1165515,9.7,27.8,16557,66003,19429,0
43,936805,715,3,116610,9551553,995,2,3,4.6,3201587,5.9,15.3,25879,87430,30780,1
59,645126,677,2,125669,9978589,941,3,3,8.7,1401826,7.8,40.0,10611,79641,24205,1
47,653842,630,4,141407,9017236,1006,2,3,14.3,1868181,7.1,21.9,43405,80593,51625,0
65,1334671,759,3,281872,13854036,1384,3,2,10.2,2123813,7.0,30.2,58495,130034,34898,0
31,969470,611,4,287580,10876768,1307,3,3,1.9,1589524,7.8,4.7,15173,104350,65714,0
23,1443286,658,3,527492,6094725,689,1,2,4.0,1851059,7.9,0.0,86491,57922,31047,1
62,1063832,695,4,383868,10194526,1343,3,3,10.5,3319427,4.4,34.8,62865,138492,37799,1
29,777980,682,2,72751,5628983,623,1,2,9.1,441056,8.5,0.0,22603,47390,28018,1
35,880730,850,4,162280,12994218,1544,4,3,7.9,3734765,4.6,5.6,26813,142024,69941,1
23,868105,672,3,0,9464565,996,3,3,13.3,3025486,4.6,0.0,32598,138692,38732,1
30,450185,721,4,93676,7162197,1319,3,4,5.2,1709859,4.3,2.6,10000,53197,65394,1
44,1106473,746,6,45276,10204381,1314,3,1,12.1,1860244,4.4,19.3,55316,133438,29514,0
34,643904,669,4,164626,10931855,1144,3,2,3.8,2841685,6.6,12.2,20523,126530,41127,1
27,428135,734,4,58585,10974386,1178,3,3,3.2,1113793,5.6,6.3,10666,96920,42989,0
33,1029771,730,4,475259,4325046,1067,3,2,7.0,701417,1.2,8.9,23561,67876,51073,0
56,410890,827,2,183223,6601369,814,1,1,15.8,862744,5.3,29.1,21540,76557,34429,0
25,1834747,715,4,273143,4937943,814,2,2,10.2,721451,4.9,1.9,98736,74278,46022,1
31,1940439,730,3,797918,8726423,1205,2,2,13.1,1833471,4.2,10.2,73116,104702,75659,1
57,584960,832,2,2484,9280160,1142,4,3,14.7,3021393,6.9,36.9,28198,64576,70050,1
42,714325,701,3,152780,10260620,1227,3,2,7.1,871221,3.8,19.7,20306,100760,34854,0
27,1483095,740,4,204077,11531551,1185,3,2,11.7,3751504,6.6,0.8,35903,135163,41175,1
30,726635,591,5,5668,12555101,1648,4,3,12.2,2372095,7.4,5.0,27386,80550,92878,1
40,655568,779,4,253464,12257620,1163,2,2,15.8,946417,7.5,14.4,17879,154159,47819,0
23,2438553,686,5,1049826,15636960,1359,3,2,9.6,4475164,8.1,0.0,124530,160802,53004,0
46,947692,592,4,121768,7986003,960,2,2,9.1,987769,5.5,18.4,17211,58057,55752,1
42,945963,725,4,435219,18219075,1782,4,3,16.4,2296299,9.3,16.8,23914,268397,68298,0
27,823802,791,2,236643,6137276,780,1,1,3.5,1185644,4.9,0.6,23406,92354,25550,0
29,486434,670,5,210678,14704562,1562,4,3,14.9,3479535,6.9,5.9,24283,226349,33194,0
43,944469,640,3,355727,7388876,1253,3,2,4.6,2296872,6.1,16.6,47690,75931,33924,1
54,635253,690,4,114314,11281346,1331,3,2,6.5,3982491,7.0,31.3,39844,102508,42557,0
47,1095927,813,3,145869,9570571,1257,3,2,4.2,831904,5.7,17.0,34178,110386,55549,1
52,846941,681,2,143456,7346719,1072,3,3,4.6,313440,5.4,30.0,30605,112910,48581,1
56,938215,681,6,330518,13470915,1599,3,2,8.6,2917877,6.5,32.3,48935,194330,35370,0
55,1155034,676,2,481004,7064375,909,3,3,22.7,1890121,5.4,29.9,50700,43584,45223,0
60,464408,699,2,313261,8472477,765,2,2,9.2,1461197,7.8,33.7,46800,77298,32878,0
52,631962,678,2,88087,5029477,921,2,1,28.0,1553267,4.8,26.9,16652,61770,50080,1
57,583245,606,3,169905,6875428,997,3,2,18.9,1383197,4.6,30.2,12894,70488,41583,1
43,642664,678,3,141700,7542090,1120,2,2,11.1,860595,5.4,20.1,21773,49240,30454,0
64,706096,715,1,0,3886795,517,1,1,7.5,1260098,5.9,40.0,14892,32537,24363,1
45,1176497,609,5,543102,13538620,1525,3,3,3.3,1759388,6.3,26.9,57867,95761,46570,0
31,869472,639,2,3167,3987617,665,2,1,15.1,1300393,3.5,4.7,26806,56484,38718,1
47,1092847,756,4,204100,8464973,893,2,3,12.0,1149142,5.8,27.4,30878,122559,37929,0
48,825098,624,3,281687,13119301,937,2,2,10.2,4138796,9.2,19.4,26128,160024,19411,0
44,1119441,701,3,242119,13665219,1065,4,3,2.0,2730032,9.7,17.2,44843,125542,54521,1
33,726610,741,5,275088,11584784,1145,3,3,6.4,3589866,7.4,12.9,29619,135017,60046,0
49,563871,665,4,286829,8263840,1302,4,3,11.9,688825,4.8,29.8,11468,99659,59577,0
30,573956,735,3,142644,12427356,1129,3,2,14.3,990050,8.6,6.0,28682,143097,27629,0
40,557888,722,2,4560,10831343,1056,3,3,2.5,2915967,8.9,16.7,23864,166238,36217,0
28,310275,736,4,122313,8259281,965,2,1,19.9,2809989,8.6,6.0,27361,71951,24134,0
23,724278,703,1,220168,6621754,665,1,1,4.7,1645626,6.9,0.0,21621,43100,23045,1
24,456266,752,2,80389,3765109,490,1,1,1.9,242877,7.9,0.0,21612,23454,26292,0
39,1259541,780,4,96378,13936807,1281,3,2,2.8,1412179,6.4,11.4,67199,133061,44315,1
37,1400805,739,3,607792,10329262,1151,4,3,10.3,1202378,7.2,19.2,31975,125459,70806,1
41,900677,668,3,287723,8008922,674,2,2,12.9,2554023,9.7,16.5,33206,85054,40980,1
35,1224576,561,5,457016,12117229,1376,3,3,14.6,1469381,5.7,12.2,71250,171842,52807,0
59,539425,699,5,154941,10257926,1405,3,3,10.7,3239924,5.4,31.8,26655,135049,32387,1
59,684602,726,2,86931,7878639,700,1,1,2.5,923384,9.3,32.4,32506,63330,37123,0
46,1166951,692,5,570528,6902596,1385,3,2,15.5,858157,4.3,24.9,52582,70543,29143,0
26,442010,835,6,13734,9431675,1416,4,3,3.2,2573946,5.0,0.3,10000,59702,30334,1
27,1315361,664,1,27706,8350220,871,2,1,10.3,2723753,6.4,2.4,53525,132389,43169,1
48,617793,696,3,199738,11359816,1016,2,1,9.4,3563242,7.4,24.0,10000,160572,61851,0
61,1541518,705,2,555009,6171684,915,1,1,3.7,1503949,3.7,34.5,86271,78319,41791,1
44,686495,776,2,228773,8703888,957,2,3,10.8,2095353,6.3,18.6,36131,110585,52942,1
51,1100553,778,4,420131,15164433,1599,4,4,5.5,4944073,7.2,26.9,46216,140677,88372,1
54,365649,689,4,0,10474619,1190,2,2,14.4,963316,6.0,26.4,10056,80501,59121,0
24,900632,614,3,115231,5629692,740,2,2,9.6,1882426,4.7,1.3,16250,44368,40708,1
36,1246500,557,4,326322,13779126,1388,3,2,9.4,1171550,7.6,9.9,31421,106822,45626,0
35,982733,792,4,307852,9979603,1082,2,2,2.9,3070526,6.3,13.1,44554,103135,40812,1
29,1290638,657,3,378585,14087846,1307,3,3,6.4,4459443,8.7,6.6,77680,127180,77809,0
55,537690,850,1,19543,4897175,500,1,2,7.9,611905,8.2,32.6,27176,55134,27320,1
62,597017,733,5,285475,8707066,1534,3,2,6.6,2015749,2.7,38.8,40188,89795,61232,0
32,766848,603,4,239560,5736916,1141,3,3,8.0,1307556,4.1,10.1,46032,83675,58547,0
42,1001721,699,5,156519,13324813,1262,3,3,5.2,2933400,7.3,14.0,25198,180672,78320,1
36,812803,690,2,73268,6950569,720,2,2,12.4,1230263,6.2,6.5,31092,97462,27220,1
34,1390000,586,4,437966,9630903,1181,2,2,2.8,3149010,4.8,9.0,50734,99779,71031,1
52,838179,649,6,114013,13330581,1624,3,3,5.6,2536416,6.1,31.2,29783,100282,40165,1
43,665934,792,5,83573,11185263,1163,2,2,15.2,3947984,6.5,18.1,26774,176268,71338,0
54,692442,671,3,158420,7844571,1173,2,1,11.8,2604406,5.4,29.6,23088,124647,63536,1
52,632892,773,3,309113,8604089,1187,2,3,3.7,2651864,4.4,31.4,30506,98159,53486,0
48,458195,659,2,104987,8875394,1155,2,2,3.1,2831440,4.6,25.1,27466,56991,23792,1
50,824298,756,6,147811,13526491,1292,3,3,8.6,4567007,7.9,20.4,39398,165179,82909,0
43,877095,707,3,267130,5550378,1153,3,2,4.3,1730118,3.2,14.6,47216,65470,71522,1
61,595615,669,4,208413,11321920,1100,2,2,2.6,714662,7.4,37.2,42192,123885,52339,0
53,588699,815,6,73235,8813776,1225,2,2,11.6,704606,6.6,26.5,15114,60796,45175,1
45,564491,754,5,232175,9598017,1408,3,2,4.1,1619467,5.6,20.3,19993,106631,31985,0
49,576441,731,4,216724,15443404,1211,3,2,24.3,3227067,7.6,27.7,24940,144226,77823,0
60,616567,754,6,0,11242525,1617,3,2,12.6,1162187,4.8,33.3,21423,87977,76801,1
37,797032,789,4,200578,8001791,1072,2,2,10.2,912061,7.1,20.0,33847,95492,43035,1
39,907497,733,3,144919,10778723,1084,3,2,5.7,2404391,7.8,21.9,47363,86202,65834,1
30,1036180,662,4,382756,9206203,1188,2,2,4.6,1610085,5.4,10.7,30237,96206,38445,0
63,1589228,662,2,516460,7429526,770,3,2,3.6,913952,7.0,40.0,77111,59020,47568,1
38,1924957,736,1,162573,3983850,457,1,1,1.5,294071,6.7,14.7,72061,34104,26518,1
58,424367,690,4,9148,11955765,1142,4,3,5.8,3835938,8.4,37.1,19197,123557,40026,1
53,405043,686,5,230465,10907538,1157,1,1,7.3,3317292,8.9,26.6,10000,127892,52540,0
30,1635141,675,4,80700,9838318,1160,2,2,2.4,939171,5.2,11.0,40535,83426,46449,1
43,1672325,774,2,440746,6811117,777,1,1,3.8,1352490,6.2,18.6,95811,102559,25391,1
26,1416585,718,2,394902,9418227,786,2,1,9.0,852420,8.3,0.0,52119,139553,41454,0
40,1114506,766,4,466451,8694378,1144,2,2,26.0,629859,5.0,16.8,32729,83321,51850,0
47,615714,603,3,153505,14977735,1316,2,1,4.0,1973122,7.0,29.0,28757,228423,53754,0
29,767955,750,4,81877,8650865,1034,2,3,5.8,1320168,7.0,1.2,50551,118782,35483,0
64,1922861,711,3,461884,14632449,1241,3,2,9.9,4267560,7.9,36.1,101178,185410,73474,1
55,1148420,702,3,536473,6361587,694,1,2,3.5,718566,8.9,32.5,40416,101414,37442,1
44,1123636,735,6,207345,21473609,1808,4,3,11.9,1821384,9.0,23.1,38869,194269,89952,0
38,763481,669,3,345251,11127531,1043,3,2,8.6,1905956,7.4,12.8,46601,107342,45403,0
59,977191,691,3,52532,11811208,1169,3,3,23.3,849890,9.5,35.6,48981,147902,39985,0
59,945875,784,5,176502,19210468,1596,2,2,4.0,5375299,9.0,38.2,31583,219719,38622,1
43,562242,690,4,89290,14000591,1046,3,3,3.1,2454131,9.0,23.0,10000,134205,64610,1
65,408551,708,4,58167,12779470,1188,2,2,7.4,3795715,7.3,40.0,17928,77180,37440,1
39,1218936,749,6,385788,9811043,1271,3,2,9.5,2009923,5.4,13.3,66603,94216,47346,1
59,1068026,745,6,462328,14579961,1495,3,2,10.8,1168480,6.0,36.4,55417,130801,94881,0
27,678154,659,5,273507,8954155,1226,2,1,4.6,2692814,5.5,0.0,12306,127635,60063,0
26,453908,693,4,224953,7400961,975,1,1,13.9,2469684,5.6,0.3,29837,59354,60376,0
50,1536718,652,5,579582,11707164,1492,3,2,13.1,1095086,4.0,20.9,40595,83512,81229,1
50,919866,801,6,219845,10631117,1399,3,2,2.3,1879859,3.6,22.1,27862,68277,61397,0
57,815119,679,2,49503,6386646,807,1,1,6.3,733239,6.3,33.2,33586,78154,49698,1
46,612198,709,4,12173,7482361,1000,3,3,10.6,522724,6.1,15.2,17798,49024,48411,0
50,554222,726,3,101510,12608382,1368,3,3,1.6,2975843,6.9,28.2,25755,150087,36342,0
55,714956,656,4,89364,11941977,1281,2,2,11.6,799944,5.6,29.2,25840,168981,53845,0
35,943501,838,3,89030,13226885,992,2,2,12.2,1269008,8.2,8.4,40796,191152,62618,0
48,1404376,648,5,108960,12053242,1367,3,3,7.2,2007513,7.2,25.7,32126,121979,32223,1
28,1115980,685,4,141167,5742282,1164,3,2,10.0,1232984,3.5,1.6,49750,36965,41242,1
43,670687,693,3,111580,11512699,1260,3,2,2.7,2935059,6.8,17.8,39092,112004,62925,0
43,1076153,735,3,323264,5002551,725,1,1,8.8,792325,5.4,16.5,21040,50520,15785,1
57,855263,840,3,41880,4342636,1013,2,1,13.0,642769,5.7,28.9,16245,53421,41196,1
50,736354,719,2,148806,7131911,703,1,1,8.2,810057,7.9,24.3,33667,65997,33479,0
50,981854,712,5,258867,15062460,1464,3,2,12.2,5283550,9.0,25.7,41010,219523,53490,0
25,1046538,809,4,135431,11836209,1442,4,2,9.5,859451,6.0,3.1,21707,158594,40507,1
45,511195,752,4,35391,11406512,1286,3,3,14.6,3739918,7.3,16.1,22126,90985,44469,1
34,922431,764,3,85057,15742712,1089,3,2,24.2,1747274,10.0,12.6,24348,214914,37324,0
56,838858,752,4,143896,6491477,931,2,1,4.2,1736297,4.9,23.0,37326,77479,53638,1
25,582592,694,4,112393,11387199,992,3,3,4.1,1369610,8.2,0.0,25144,72945,61354,0
49,872498,607,3,121729,8789816,913,3,3,14.1,561679,6.6,18.4,31400,60852,35390,1
54,674546,748,4,133482,16133675,1421,4,3,5.7,1784018,7.8,26.5,29908,234644,55962,0
42,1566583,650,4,245446,14816130,1400,2,1,4.3,1009071,7.9,20.3,88200,101629,49552,0
29,775951,552,3,279109,13133889,1121,3,3,9.8,3692440,7.3,6.5,23218,113191,62243,1
43,388541,622,3,93459,7442211,689,3,3,16.9,1520514,8.3,16.6,14065,75779,29746,0
61,539220,682,3,57454,9168261,1022,2,2,13.4,1660470,7.8,39.9,20763,118101,47135,1
39,866435,615,4,172782,9508741,1108,2,2,12.2,2511880,7.5,14.8,25687,137526,49408,1
33,980814,711,4,542046,9270311,1239,3,3,4.1,2719988,4.9,6.1,13748,98786,63373,1
38,486733,640,2,76615,11093691,1164,2,1,2.6,1524423,6.6,16.0,10000,146741,28128,0
37,611726,744,2,249160,6460885,575,1,1,3.7,1942460,8.7,10.5,33502,69648,16407,0
52,1636651,723,6,804961,19098222,1845,4,4,5.9,5363651,8.3,26.4,46686,285776,63769,0
29,1094927,739,3,235448,6531216,1038,2,1,19.9,572463,3.7,11.6,43596,75882,22725,0
34,437294,686,3,0,8709822,770,2,3,14.9,1624231,10.0,5.9,26408,52890,38367,0
28,825185,651,2,142952,3145882,452,1,2,11.4,635832,5.3,8.4,31967,32658,28449,1
58,753815,790,4,295651,7008112,1248,3,2,11.0,1914376,2.9,35.1,27079,102825,71111,0
34,900136,661,3,222126,5292420,639,1,1,9.9,1532448,5.4,9.5,17818,48245,41278,1
25,842839,745,5,90151,13523474,1418,3,2,5.6,3825756,6.8,2.3,34270,163437,55324,0
35,983095,690,1,233718,9479803,843,1,2,9.1,1320716,8.3,6.3,55384,125437,43601,0
40,902785,695,5,139972,14904993,1445,3,2,6.6,4642241,9.0,14.2,40338,227817,40911,1
32,600107,633,4,256101,7353682,959,1,1,1.5,1837237,5.6,4.0,32784,53906,41081,0
30,1258504,725,1,205502,9206661,768,1,1,13.1,2320566,9.6,6.4,38279,80140,35800,1
23,424554,796,4,19448,11191112,1647,3,3,4.3,2192777,4.9,0.0,17765,92373,76182,1
62,1543138,685,2,447769,10487962,1232,3,2,15.5,3151644,7.2,36.1,46024,91466,50237,1
44,736232,683,5,211099,7071318,1403,2,2,1.0,723627,4.2,14.1,35128,82424,73716,0
42,677159,773,4,289420,11094331,1086,3,2,4.9,2222494,7.4,22.9,20688,163329,26858,0
65,1254213,682,5,614391,15597280,1658,4,3,19.7,3993800,6.3,38.6,55086,237693,33266,0
58,342447,753,4,125094,12747365,1167,3,2,22.1,1221383,8.2,27.1,19259,102498,61066,0
31,751610,581,4,189522,13227384,1282,4,3,12.3,2370002,5.7,7.6,33004,143398,44879,0
60,436036,707,2,105092,9406702,969,2,1,7.9,902472,4.6,36.4,10000,96724,50153,0
48,730279,683,3,12712,7969654,954,3,3,3.8,2035851,5.3,24.7,20990,68150,36418,1
31,537658,701,6,123989,16568713,1390,3,2,31.0,4973735,6.1,5.4,10000,171951,48826,0
27,949476,717,2,54113,4420557,450,1,1,3.2,771106,7.7,1.0,20059,43429,19589,1
39,951799,761,4,299743,7282368,961,3,3,9.6,1856889,4.6,15.1,20037,64637,54728,1
52,779695,768,4,152873,7948258,1039,2,1,23.8,778239,4.2,29.6,32240,95430,22151,0
51,447527,773,4,199445,7653853,1130,2,2,9.5,2293179,5.8,28.7,14695,79201,25006,0
54,736384,743,4,77302,5147366,1011,3,3,22.5,485174,4.0,25.2,27489,32522,27701,0
50,336000,655,5,125720,21443130,1939,4,3,8.1,7039088,8.4,24.7,10000,139296,86502,0
37,1006220,625,5,402054,9357375,1387,3,4,1.0,1039068,5.6,7.2,37410,109475,39855,0
50,1654513,692,6,110196,15569843,1590,3,2,5.8,4859292,8.0,31.3,44732,216962,89601,1
59,1078229,680,4,416915,8166075,1215,3,3,1.0,1250514,4.9,37.4,44376,102118,44118,0
34,587535,850,4,87278,9652254,1162,2,2,11.1,3106915,5.9,12.2,23353,82731,38039,1
37,1341034,555,5,478894,17407426,1614,3,3,9.5,5949431,7.9,14.1,70122,254181,46151,0
37,1226923,664,1,485243,7507857,873,2,1,9.9,880868,7.0,7.4,42234,48584,47349,1
27,968335,710,4,477265,17656988,1626,3,2,9.1,4855906,7.3,8.3,46977,155680,37802,0
49,999761,682,3,464733,10960192,1043,2,2,7.0,2111254,6.6,27.5,27434,170481,49776,0
55,679250,615,6,204848,18441152,1477,5,4,9.8,4333767,7.9,25.4,20963,256155,40162,0
61,881744,719,2,88549,4786681,761,3,3,7.8,436282,2.6,40.0,29689,75983,26070,1
37,806070,833,4,264405,9337052,1040,3,2,11.7,2401134,5.1,18.4,39052,120700,55164,0
53,904580,811,4,135436,13755258,1287,2,1,8.8,2684163,8.4,29.9,28352,86174,33590,1
30,1081275,613,6,403217,17906347,1432,3,3,6.2,3688776,8.1,2.1,47167,169437,86076,0
47,930544,682,2,262474,7274269,623,1,2,6.3,816509,7.8,26.0,35257,115950,31925,0
50,748524,603,3,342201,8821321,943,1,1,8.7,2323754,8.7,26.9,46110,127157,48371,0
51,1192138,788,2,402118,4769879,835,2,1,10.9,1028671,4.0,22.8,30376,74775,33771,1
59,1328738,771,6,423408,12710745,1482,4,2,11.0,3191500,6.6,36.4,43498,143311,51170,0
53,483721,661,6,107780,11416044,1663,5,4,4.5,2031315,5.0,33.2,23921,100688,98758,0
38,618692,691,2,205324,8225211,1091,3,3,7.0,691137,5.6,17.7,33803,102918,67669,0
39,1789252,755,2,266219,11754770,1265,3,2,10.8,2709342,7.7,13.9,66137,73143,70195,1
40,827011,777,5,335997,9349845,1093,3,2,6.5,2743234,5.7,19.8,37286,103337,44421,0
53,1054387,695,5,92357,16356041,1537,4,3,5.4,2435742,7.3,27.6,43015,203587,86558,0
41,524250,672,2,49147,5562007,943,2,2,18.4,1479035,5.9,23.2,20779,84864,44554,1
63,1343758,672,4,62888,8864534,944,3,3,7.7,1206817,6.5,40.0,63000,94016,55896,1
33,891772,671,6,332138,15753628,1767,4,4,7.0,2282494,5.4,8.9,29149,144381,73290,0
23,1048432,615,5,220638,8262685,977,2,2,4.1,1884398,5.8,0.0,40929,69860,36187,1
50,843354,752,2,207433,11191460,958,2,1,7.0,1061139,8.2,29.5,42379,163851,45242,0
54,594744,661,2,160436,8679090,964,2,2,13.6,1368848,5.7,33.4,22021,122594,30617,0
23,1233918,745,1,106268,7676679,879,2,1,3.9,2095036,6.2,0.0,57060,98512,19971,1
61,1676578,743,1,574130,4794323,682,1,1,11.8,1047049,3.6,36.2,29051,64733,18041,1
41,868593,686,5,387331,12285128,1555,4,3,15.5,3332469,5.6,17.0,27934,163406,37949,0
23,694975,755,5,79701,11491302,1515,3,4,10.7,3715788,3.5,0.0,27653,178315,51782,1
24,424023,565,3,1682,7789494,906,3,2,17.6,2701881,6.5,0.0,22592,95761,53906,0
30,1055035,693,3,425446,11178678,1060,3,2,14.0,1572506,7.2,7.5,22176,107654,62085,0
27,806394,716,1,0,7371959,766,2,2,16.5,448170,6.1,0.0,41745,46037,44855,1
32,1276260,670,3,233377,8200178,900,2,2,7.5,2802185,6.4,8.2,77696,127630,41823,1
57,1961109,803,3,300629,8651580,1194,2,1,3.5,2386308,6.3,29.9,46993,93369,25532,1
61,675120,748,6,387800,11413370,1356,3,3,3.9,2133375,5.6,33.7,39636,89771,86197,0
40,1254308,722,2,415961,6453506,918,2,2,2.5,1007772,5.7,15.9,34379,63925,23177,1
51,2023533,688,4,247643,14606171,1275,3,3,8.2,2901753,9.0,20.6,99352,136118,27969,1
27,411482,652,5,96772,9888260,1205,3,2,9.2,3236722,7.4,6.3,10000,88364,28272,1
41,1162633,580,2,495399,7455909,642,2,3,12.8,2433338,7.9,21.2,19249,75981,26083,1
48,981826,661,4,333367,12002658,1319,2,2,11.0,2367930,7.5,30.0,13558,180949,33779,0
57,648085,700,3,193164,5137425,618,1,1,4.9,1269882,5.4,31.3,27631,54705,28691,1
39,1383964,647,3,309584,8267613,1139,3,2,5.0,1149366,5.6,12.0,53315,123216,26518,1
56,640644,718,4,149595,12626978,1202,3,2,6.8,4025968,7.3,33.0,34367,92695,69831,0
51,570184,664,3,94910,10121029,867,2,1,7.5,846715,6.9,26.3,26460,64707,38342,0
31,972186,529,3,447391,7990473,878,2,1,1.9,761462,5.9,2.7,37358,78228,31475,0
33,734526,656,2,166962,7249043,1077,2,1,17.9,2158810,4.4,6.0,26776,43957,43394,1
45,593322,643,6,206633,13248416,1459,4,3,1.0,3951336,6.9,19.9,17103,129504,46814,1
25,545336,632,5,240792,3671080,1194,2,1,20.4,741110,1.0,3.7,41145,43125,76965,0
61,1203783,597,2,166037,6710713,750,2,2,24.1,681746,6.4,35.0,62011,60770,21372,1
34,387880,671,2,173724,5970385,816,2,2,9.6,823833,5.6,3.5,20885,68948,43095,0
50,707148,658,3,289542,11512095,1084,3,2,20.7,3644531,7.7,21.5,29831,127871,50427,0
37,809738,721,4,388060,9923594,1191,2,2,4.7,846146,6.2,15.8,19568,85358,35436,0
32,3000000,791,4,513285,11600403,1088,3,1,12.0,1508221,7.9,8.2,134866,149943,65966,1
44,1059425,677,4,159057,9294666,1044,1,1,26.1,3003048,6.1,18.7,60319,144672,54724,1
50,561979,689,3,198333,11944607,1290,3,2,12.9,1912360,6.0,21.3,20957,115883,63644,0
44,1572008,741,3,317383,12892195,1380,3,2,14.0,4458421,7.1,25.2,58133,200263,67378,1
54,1136412,706,4,208646,11097600,1332,2,2,4.5,2484833,8.3,32.5,26121,100734,36426,1
50,723262,654,1,157421,6467026,744,2,2,5.4,2340120,5.3,30.5,34990,74284,45182,1
43,919641,733,4,316897,15207871,1454,4,4,9.2,5137810,8.5,15.0,36208,233153,48239,0
58,1161641,660,3,548863,9282069,890,2,2,9.6,1611377,7.7,36.4,27282,136032,33126,0
50,589250,738,5,102347,18400457,1802,4,3,4.5,3676122,6.2,21.0,10000,129730,77134,1
43,692705,662,4,307393,12144015,1117,3,3,7.2,3576274,7.3,19.4,33755,145242,54047,0
44,1016918,738,4,325584,14490468,1527,3,3,14.7,3964929,6.7,14.6,19628,164066,43027,1
54,1214253,768,5,204633,14602505,1464,4,3,14.9,1383179,8.0,33.2,29616,191239,36815,0
25,990140,708,3,167723,4845224,820,2,2,10.6,1057338,4.3,0.0,27282,55772,21792,1
38,1488984,664,4,648966,10828563,1281,2,2,5.1,1351394,6.1,15.6,49371,106550,40097,0
25,1078239,653,6,472059,14925335,1498,4,3,6.7,1752253,7.0,0.0,38428,209050,52391,0
57,2473088,690,3,483051,5828373,716,2,2,22.5,1214692,5.5,31.1,139428,39219,26976,1
48,754807,811,4,79464,9586198,1350,3,2,10.6,1916608,6.0,24.0,28183,84970,81860,1
46,856051,679,6,268995,9353842,1438,3,3,3.3,2132563,4.3,21.5,55391,66599,29293,0
59,525226,634,3,94555,8777605,1152,2,1,9.4,2747718,4.5,34.3,23091,58732,47843,1
35,790440,677,3,197070,8755072,847,3,3,9.5,1260835,8.3,6.5,10000,56971,44645,0
61,1229106,709,2,185106,5910799,805,1,1,10.5,792888,3.6,39.0,54088,37534,41685,1
47,869775,763,4,88322,7755095,1037,2,1,7.1,2235854,5.7,22.7,39216,99450,63897,1
52,572756,699,5,100628,10743909,1519,4,3,5.3,2511127,5.5,28.5,21517,87894,87019,0
46,1556410,729,2,617772,7787027,1036,1,1,12.9,702309,5.4,20.8,65486,69588,36755,0
27,661488,750,1,154301,4319544,530,2,2,2.6,1207599,7.0,2.4,14249,29937,21430,1
42,1602066,693,2,410283,7630054,697,1,1,5.8,950194,7.3,14.5,79643,99877,43981,1
23,1180159,686,6,348105,18835249,1846,4,3,6.4,2108977,7.6,0.0,58845,290407,111442,0
63,1057322,715,5,85374,13040461,1353,3,2,8.1,3053733,6.1,39.9,35685,96904,33079,1
57,778661,756,3,91036,8256646,951,2,2,5.0,847493,5.2,31.8,29114,97784,46594,0
59,802794,575,5,215510,11828870,1470,3,2,7.1,2035857,6.7,34.0,19092,149756,79547,1
59,489852,631,6,146506,19152981,1899,5,3,2.6,5529233,7.2,32.1,26969,117940,71562,0
47,880286,784,2,455195,6151979,805,2,2,14.8,2146947,5.4,23.6,36233,91306,17015,1
52,499044,603,4,81670,8713185,1224,3,1,7.1,1257709,5.3,24.8,10000,85304,24953,0
35,1397722,665,4,54229,12042259,1303,4,2,8.0,2305707,5.0,15.2,48021,125769,27757,1
47,1373349,648,4,202357,11255452,1292,3,3,9.6,3138646,7.1,19.5,71978,106413,63744,1
63,637392,762,4,47367,12838197,1183,2,1,6.2,1912317,7.8,33.6,29968,161559,71356,0
63,629875,620,4,4136,11563540,1173,2,1,1.0,3807731,8.0,37.7,36582,85211,64969,1
38,853586,613,4,0,10527611,1276,4,3,13.6,2715764,5.8,18.6,29012,134179,80602,1
54,757222,654,3,32549,8979147,1019,2,2,19.8,1520588,5.8,29.6,25359,107235,55815,1
60,1155509,800,4,100908,10427808,1167,2,1,18.9,644288,5.8,31.9,20489,139617,43586,1
49,595739,627,3,92137,12955177,1327,4,3,1.8,2635794,8.9,23.3,42456,135690,61210,0
48,536578,763,5,0,6659649,1015,2,1,2.6,943537,4.2,21.3,32302,93777,59412,1
65,1023961,654,6,98907,18140226,1643,3,2,11.0,1656694,6.9,40.0,55676,203385,86448,0
43,1353623,727,5,430256,11794027,1445,4,2,9.5,2985114,4.5,14.3,77561,86241,41547,0
38,1886109,777,5,323480,16036587,1556,4,3,3.6,1826128,9.2,14.5,63658,148811,100410,1
37,1577059,749,3,56576,9376435,1199,3,2,4.9,3026705,5.8,12.5,78221,62609,46407,1
30,558064,793,6,114585,11216156,1468,3,3,8.9,1436241,7.2,4.0,19183,143849,83967,1
34,1104989,665,3,166933,12070279,1159,3,2,14.3,1714244,6.5,14.3,34440,163817,49283,0
65,924301,761,5,405338,10832949,1067,2,2,17.7,2470420,5.4,36.6,45291,132362,41190,0
64,1252618,737,4,608415,11214713,1204,3,3,14.0,769932,6.8,39.6,35419,83883,76653,0
37,582041,696,5,280541,6317997,1143,2,1,7.6,717984,3.2,19.6,10000,56363,73309,0
47,1050113,710,4,123098,10931794,1426,3,3,4.4,3460609,4.3,25.6,62596,128200,73094,1
27,956013,632,3,449132,6415646,882,2,2,12.3,2088980,2.2,3.3,44964,98473,38974,0
45,427586,752,6,115744,16307201,1510,4,3,6.6,2739449,6.8,19.1,27119,153030,75469,0
47,822132,814,5,167139,14506990,1410,3,2,6.8,4171512,7.7,21.7,44849,205501,82887,0
43,767437,736,3,273910,7262690,1176,4,3,11.6,795967,4.8,19.6,22450,104730,25474,0
56,774896,670,5,176453,11370138,1703,3,3,31.6,2278079,3.3,36.7,10000,163300,96634,1
53,605910,701,4,99986,17111714,1500,3,3,22.7,4008442,8.2,26.7,29171,219531,56959,0
59,498536,683,4,184435,9039571,1221,2,1,17.9,1189118,5.8,30.2,24763,116836,39038,0
48,1095477,802,5,189720,12099240,1098,2,2,22.9,4159694,8.7,17.9,31259,155762,56083,1
26,632532,751,4,100563,8642869,1226,3,3,12.2,2898220,4.9,0.0,33324,135986,35402,0
44,530062,701,6,0,15607805,1366,3,3,25.7,4660142,7.5,16.5,11301,145609,45973,1
29,1045088,679,3,365380,6818493,1294,2,1,7.8,1461726,3.5,9.1,50707,66507,40358,0
27,631046,734,4,359382,18576420,1473,3,1,4.3,3314563,8.1,6.8,10000,124627,49624,0
37,980806,660,4,385002,11260136,1224,2,2,8.8,3543650,7.8,15.3,55478,88831,65009,0
50,1265539,711,5,339045,11791395,1396,4,3,4.9,2413729,4.6,22.8,65694,144579,30381,0
30,1015570,744,4,226259,16831712,1455,3,3,15.9,5303445,8.2,14.4,46104,232117,71149,1
53,1351247,677,4,631878,12459414,1190,2,2,19.9,2663244,6.8,32.7,26990,75354,37691,0
36,1067925,687,5,7145,9818065,1278,3,2,6.4,1595367,6.7,7.7,57533,123263,46646,1
50,671955,668,4,120714,12027026,1373,3,3,26.7,2626614,3.9,26.3,36789,149005,35037,0
53,610189,774,4,173418,9634679,1345,3,2,6.3,1254418,5.8,23.7,35911,89679,84348,0
60,605813,797,6,256296,17808579,1558,4,3,19.9,4578054,7.3,39.6,46187,226973,59382,0
26,719742,832,5,69436,13096620,1635,4,3,2.4,1019781,3.7,1.0,10000,184991,92484,1
29,695247,766,3,97607,9756017,1038,2,2,2.7,1038505,8.2,6.6,14635,60447,35459,1
44,334901,782,2,48291,7326021,724,1,1,11.1,1217066,7.7,19.8,19480,69066,24868,0
54,784344,709,4,167284,8256568,1022,3,2,8.9,2555943,8.2,28.1,24383,74705,56201,1
40,489947,774,6,214261,12318457,1582,3,3,2.1,2087098,5.3,15.9,14671,111582,90891,0
65,896439,697,6,191790,10556628,1595,4,3,4.5,2779502,5.6,31.1,24336,121693,94113,1
34,1156783,647,5,196273,11552026,1401,3,3,14.2,3533336,7.1,7.8,28676,156724,68472,1
50,1309658,691,5,331490,11383706,1570,3,2,7.7,1712705,6.6,24.1,47755,84901,101786,0
40,652928,706,4,268093,8744919,991,2,1,16.4,840863,7.0,19.9,22147,85288,49326,0
34,676133,699,2,97465,4205372,757,2,2,7.3,1398215,3.9,11.3,18923,56667,26142,1
31,649368,640,4,102564,8124354,776,2,2,12.2,2418371,9.6,14.2,26239,65952,42475,1
64,551684,658,2,110402,10328721,902,2,2,2.5,1427142,6.1,38.5,16335,78433,18690,0
49,1124432,722,5,204492,10401105,1061,2,2,9.5,3525438,6.2,25.0,39744,77616,53470,1
38,1022730,650,3,364375,10900791,972,1,1,16.5,1232560,8.2,16.9,52280,151037,22871,0
35,1078578,579,5,311135,9442664,1074,2,1,19.4,1626810,8.2,12.0,34410,62304,50898,1
47,1178290,619,4,84367,9717572,1148,1,1,22.4,1362179,6.4,24.5,45119,61436,54981,1
24,674546,777,4,176023,10553107,1102,3,3,1.7,2789673,7.4,3.2,29036,147857,22066,0
43,1066609,686,4,407517,8808198,1052,3,2,30.4,1974510,6.6,19.7,46995,76660,23390,0
26,931835,743,6,391227,16002072,1626,4,3,14.9,3734039,9.2,0.0,26483,200228,82049,0
31,1008434,563,4,69381,6954392,1247,3,3,14.4,1846167,2.7,6.9,26997,54725,76535,1
38,885649,735,5,60726,13256983,1299,3,4,10.6,3762185,8.2,14.6,25362,105250,29687,1
56,1358732,774,3,460613,9059913,1137,3,2,3.2,2339450,5.5,29.3,71955,74923,29722,0
32,1503691,682,2,79236,7616632,803,3,2,8.0,606744,9.3,4.0,58121,96539,33351,1
64,1083925,645,4,291243,5623761,747,1,1,2.0,650305,5.8,38.5,58992,35747,32153,1
61,840229,672,2,87135,5626411,699,2,3,1.4,993423,4.7,40.0,30448,87202,43673,1
51,945348,744,3,158534,8286917,810,2,2,5.2,2158928,9.9,25.9,31449,51955,40080,1
36,1271356,727,3,305381,7475338,805,2,2,11.6,1526365,6.8,12.4,80044,83310,44844,1
43,1310328,703,4,222612,12308052,1447,3,2,9.9,3526627,6.4,21.9,54362,135945,82289,1
48,779192,747,3,53115,7976612,986,3,3,11.2,1011205,6.7,23.4,47966,81342,47360,0
52,566086,786,5,83036,10334673,1089,2,1,16.3,1101674,6.2,32.8,10000,157532,60921,0
30,534777,780,2,2279,4889129,796,2,1,1.6,757743,3.5,4.4,15755,63438,32907,1
26,1477345,661,4,167906,7331574,1103,2,1,7.9,1693580,3.7,2.4,75305,71733,43821,1
65,471156,588,4,130747,6676336,1079,3,2,12.9,1656104,4.5,40.0,21642,78159,64944,0
42,1546722,709,2,500670,9990501,979,2,2,24.6,532755,6.0,17.3,42705,61616,39404,0
65,707551,682,3,146818,9367306,1233,2,2,12.1,1430424,7.0,40.0,26702,117457,44481,0
56,567291,716,3,1764,9762859,1378,2,1,22.5,2585857,6.4,33.5,32130,110876,77981,1
55,1369014,631,5,573767,13533535,1159,3,2,3.5,1044087,7.5,31.2,35197,189590,45199,0
61,632651,663,4,315050,10197715,1097,2,2,4.9,1339203,7.7,39.6,16082,152039,48507,0
39,686453,657,3,15407,5785368,764,4,3,10.1,531030,6.1,13.0,16244,70206,44731,1
61,1060431,803,5,445066,11606805,1304,3,3,4.7,1807584,5.5,37.4,51802,177954,77204,0
62,916935,746,3,267447,10577850,1280,3,2,16.9,3556696,6.8,37.8,21175,163312,80702,1
32,250000,747,4,74718,10333659,1433,3,2,6.3,3432163,7.3,2.9,13127,116489,87347,0
26,956194,692,3,531093,9710093,840,2,3,2.8,2456616,6.8,0.0,55126,64887,32673,0
59,1124012,765,5,681676,12830676,1228,3,2,7.9,3764993,7.1,32.8,32002,83370,30440,0
53,881828,634,4,168976,7902969,1330,3,2,7.2,834467,3.3,29.3,25225,118855,71609,1
37,898808,655,4,166990,10031269,1049,2,2,7.1,3399903,6.5,12.8,27915,154892,29751,1
55,1284965,707,3,384260,7549098,935,2,2,3.8,2610012,5.0,24.1,29936,78117,48062,1
26,799706,719,6,236873,11491921,1745,4,4,27.0,3842059,3.8,0.0,40641,134718,60107,0
31,994693,683,5,255212,14618308,1466,3,3,7.0,2820320,8.6,3.9,25928,221822,70784,0
46,893213,633,4,177586,7865657,1084,3,2,9.4,2567957,5.8,22.3,37582,109707,59584,1
56,918043,694,5,349240,9016609,946,2,2,7.1,3179525,7.4,28.5,22178,66391,19593,1
25,1394116,750,4,650203,13016309,1358,3,2,16.8,2682798,7.2,1.7,52061,95808,61811,0
55,560410,683,4,82124,9172389,1074,3,3,6.8,1764674,6.1,27.8,27227,120264,45075,0
40,732664,724,3,334706,10228285,1161,3,2,3.7,3071167,7.0,20.4,45157,70162,63980,0
39,599041,694,3,172031,8782979,1103,3,3,14.2,1327761,5.5,20.3,34833,69358,23950,0
52,962486,732,2,109620,5985320,645,1,1,1.9,1353733,7.4,25.7,22822,58299,15956,1
25,404802,662,2,106015,9266640,1112,2,2,11.8,1708702,5.5,0.8,20775,73052,55209,0
31,729789,676,3,256394,14996891,1376,2,2,11.9,2204052,8.3,11.5,29245,195867,63802,0
51,1423611,749,2,463563,7936831,910,3,2,8.5,629658,8.0,26.2,39194,112341,30917,1
56,1077780,767,4,475067,11686300,1367,4,3,9.9,1036480,5.2,28.2,53338,105700,44779,0
41,577120,707,3,271233,10202124,908,1,2,3.0,2751446,9.8,12.4,15508,158435,28050,1
37,1116687,632,2,560692,5702702,616,1,1,2.6,1731312,7.2,15.9,28868,66082,38214,1
46,587243,759,5,47734,17524436,1555,3,3,5.0,1469495,9.6,18.6,25018,178612,41818,0
35,450666,700,5,149555,15408807,1473,3,3,3.6,4166915,6.2,10.1,10277,178879,64500,0
24,1469120,722,3,328154,11024156,1067,2,3,23.3,1451039,8.8,2.6,65550,133438,44413,0
52,1048015,698,3,513538,8829211,1106,4,4,9.9,2319305,5.3,25.1,41211,84045,36771,1
33,995557,678,3,236773,10123312,884,2,2,3.1,1479915,9.0,8.8,28660,107222,17960,0
27,1604252,711,4,389558,9431464,1107,2,2,18.6,2166625,6.3,0.0,92627,67359,63179,1
24,905724,635,3,229861,10943894,1117,3,3,17.5,2792859,6.9,0.0,33070,77522,33810,0
30,902523,646,4,344265,10302990,1074,3,3,3.5,1567460,7.5,2.5,59311,160246,24763,0
60,917864,763,2,51702,9140746,877,1,1,19.6,1120172,7.9,31.0,35689,108992,42965,1
49,874979,685,6,97552,19187627,1619,4,3,6.1,6224598,8.3,24.3,22554,286171,78115,1
63,816730,698,4,182780,6280574,967,2,2,5.9,1835427,4.8,34.4,36268,93644,24532,0
42,658910,624,4,2111,12360795,1591,3,3,1.0,3825603,5.9,17.5,15048,163889,67137,1
42,1268408,645,2,115760,9933236,944,1,1,21.9,1611435,7.9,16.3,49291,157424,40641,1
23,543691,794,4,0,9843975,1254,3,2,3.1,923380,6.9,0.0,10000,98557,55737,1
30,826801,756,6,198263,11854859,1696,3,2,17.2,2664318,6.5,5.5,33183,161766,105770,0
41,828676,791,4,315874,10060811,1075,3,3,2.1,2415433,6.8,19.3,39148,96361,55904,0
27,668434,746,2,150203,4072778,539,1,2,13.1,997515,6.9,3.0,19922,31211,33023,1
24,283986,729,5,203024,11498406,1469,3,2,6.5,3602948,6.1,0.0,12924,101516,57532,0
27,1050109,765,4,405017,8983602,1150,3,3,13.5,2638395,6.6,0.0,31913,77671,46505,0
46,533367,663,4,85965,13186810,1231,4,3,9.0,3042142,7.5,21.1,12364,107327,66440,1
44,1568230,762,5,613672,13464481,1361,4,4,1.6,871821,7.2,22.1,89607,146112,54479,0
52,735219,761,3,264222,5943918,714,2,2,17.8,790649,7.5,26.6,29086,77217,24364,0
33,748397,670,4,186134,8078584,1006,2,3,7.7,1216240,7.1,5.4,24116,117246,36888,0
28,1559225,828,4,600025,3012483,1205,2,1,12.9,296037,2.1,0.0,57052,20037,76456,1
62,1041085,715,3,215952,9491138,1489,4,3,20.7,2681542,5.6,33.7,31572,139260,53592,1
52,986923,729,3,62941,8900873,1102,1,1,16.5,691350,5.9,27.4,24187,111813,25898,1
63,1473277,699,5,297496,11980532,1423,4,4,15.3,2291913,5.4,38.3,72228,133418,31186,0
59,1193925,706,5,92223,18672932,1646,4,3,7.2,3110561,7.4,37.2,50950,248830,83626,1
62,643430,754,2,99431,9675744,1066,3,2,9.7,3275032,8.2,40.0,10000,79284,57841,1
31,1253727,769,4,164884,10551408,1184,2,2,11.1,2694040,6.7,9.7,34625,66291,42808,1
61,727211,780,4,281632,8157858,1184,2,1,4.4,367247,4.9,35.8,32992,110729,58413,0
51,842311,687,4,289431,7679752,807,2,2,2.0,604329,6.4,23.4,38576,116700,34134,0
34,1012344,705,5,484764,15020836,1571,4,3,9.4,3713664,5.7,10.1,39428,222430,67645,0
62,1004587,655,3,113189,9384656,1184,2,2,1.3,2524270,4.9,38.1,48092,136126,24679,1
23,1135196,711,4,356179,6585824,1066,2,2,17.8,1668888,4.7,0.0,42410,61482,58526,1
40,724350,690,5,45865,15168411,1443,4,2,5.4,4679061,6.7,10.0,26252,184415,73662,1
24,627806,801,3,234936,9709636,852,2,2,3.1,3333064,7.3,1.4,21951,118140,53511,0
27,433166,782,4,189313,11440705,1579,4,4,15.8,3887847,3.8,7.5,20604,137066,54079,1
42,707594,679,4,109287,8429232,993,1,1,7.2,674342,5.1,21.0,13081,69281,28529,0
31,1482332,728,1,522675,8487416,938,2,2,8.8,1100824,7.2,5.8,42491,72656,52429,1
34,1927529,673,4,755003,9785351,1400,4,3,10.7,1029946,4.3,8.6,46520,69648,43802,1
38,1304710,702,5,242656,14409944,1515,3,2,16.5,2842176,7.7,14.7,21334,143856,54074,1
57,870493,649,4,113321,8597012,1314,3,3,7.0,2597561,4.2,32.6,33958,135029,34061,1
26,767402,741,3,360774,9485768,806,2,2,19.0,2187247,9.4,5.4,25769,109078,42505,0
51,838819,625,4,281312,6912137,1430,3,2,2.0,1355468,4.3,27.3,35711,105174,85787,0
30,1689825,674,4,269437,12229123,1075,3,2,4.0,1901611,8.7,9.5,94142,108866,56750,0
36,687751,701,4,15061,11096394,1014,2,1,22.1,1307835,7.2,12.6,38248,153711,37503,0
36,862911,800,4,154644,11471055,1117,3,3,5.2,1071978,7.8,14.4,35234,98245,39820,0
27,436947,781,3,37246,4847296,1099,2,2,8.8,1809906,4.0,0.0,34327,67642,38134,1
29,598595,803,6,102068,9715318,1407,3,2,14.3,1632428,6.0,8.8,29359,81904,83092,0
26,1098702,704,5,76825,10101717,949,2,1,15.0,2381609,9.4,1.5,54817,74803,54040,1
63,1135543,542,6,33950,7687060,1541,4,3,3.5,1214562,3.5,38.1,58950,67282,64828,0
60,756577,674,3,106240,6170530,743,1,2,3.1,1715664,7.4,36.6,40953,98642,31997,1
32,775444,572,6,307635,9968400,1267,4,3,2.4,2992375,6.9,1.7,33984,152756,67673,0
63,1351353,701,5,428459,14041705,1407,4,3,7.1,4020567,8.7,40.0,53888,169145,44837,0
35,492500,724,3,132895,9110848,939,3,2,2.2,2971449,7.2,7.4,17171,88794,55106,1
29,666598,565,6,268910,7376204,1497,3,3,9.8,1890689,4.8,5.2,22447,67984,65659,0
63,967036,665,3,50330,9442303,1095,3,2,7.2,2711440,7.7,38.4,41560,67996,40581,1
47,1097386,837,4,125918,7807668,948,2,1,11.4,1756950,4.6,27.7,33032,117656,49603,1
31,1247621,693,5,479555,12672014,1670,4,3,14.5,2773943,7.0,11.6,38051,77652,72778,1
60,750319,724,3,338144,7486724,1096,3,3,19.8,1421159,3.3,33.7,24797,50909,36874,1
29,1143344,744,3,57417,7320460,995,2,2,14.4,1530428,5.5,2.7,51091,104122,29100,1
49,878248,616,5,319614,13208632,1177,3,2,17.6,1108213,8.7,27.9,35555,196465,27830,0
37,1594759,656,2,40485,12887991,1152,3,2,3.0,4188659,7.9,11.9,52261,171079,65953,1
41,809884,682,4,271310,7377549,967,2,2,1.5,1800092,5.0,11.1,35850,57174,40696,0
28,510482,708,4,249616,8600283,1061,2,3,9.2,2679163,6.2,5.0,29472,73921,24130,0
36,1482224,673,3,292424,9881985,1144,1,1,25.3,1129857,6.8,8.1,93489,130399,44523,0
63,1338063,617,6,340585,16836921,1980,5,4,6.6,2049983,4.3,40.0,74429,131419,85647,0
65,1092013,693,3,174440,10188615,1224,3,2,2.6,900016,5.2,39.5,37373,148296,42884,0
39,427491,685,5,98901,8487093,1226,2,2,10.6,2915541,5.2,16.0,18985,82119,48743,0
35,668510,677,4,149198,13460731,1049,2,2,11.9,1131882,8.7,10.8,35979,172789,49638,0
50,478881,645,4,47779,7925694,1146,3,3,15.4,1852240,6.4,24.6,16484,56008,25829,0
36,734848,745,3,91264,5796534,685,1,1,14.4,1808570,4.5,6.0,27476,48479,17740,1
23,1350121,632,4,447984,11323311,1084,2,2,4.5,3865492,8.8,0.0,38735,89774,35438,1
52,1161035,717,4,132319,11293292,1448,3,1,5.0,3314009,4.4,26.8,26818,95218,90738,1
62,659282,686,5,219376,9814020,1265,2,1,12.8,1641350,8.1,40.0,17363,68906,51944,0
37,1177679,643,4,425277,9843262,1544,4,3,4.1,2364778,5.0,18.0,49275,155214,84674,1
39,765364,767,2,337806,4246265,475,1,2,3.9,434950,5.7,11.8,32291,33562,10000,0
52,626527,694,3,200929,6567722,787,3,2,3.3,1649218,6.8,36.7,17012,49841,43086,0
55,1326134,735,4,263071,9158726,1182,3,2,9.6,957179,5.0,32.6,49093,81714,27296,1
48,1191853,781,4,439196,14167416,1548,4,3,16.3,4001686,7.9,26.3,56223,110438,52489,0
23,439461,667,6,0,16676142,1526,4,3,12.7,4722590,8.5,0.0,12890,172678,59840,1
43,732937,670,3,170406,8400326,993,2,3,12.4,1744626,7.3,22.4,30199,62927,35993,1
48,1158469,662,2,426576,5529498,729,2,2,9.3,315605,5.5,22.5,39928,68484,34979,1
23,1289574,781,3,147449,11400263,980,3,1,6.0,2773965,10.0,0.0,69007,175479,63394,1
42,748661,729,4,149685,6955934,1286,4,3,3.0,1224941,4.3,18.1,27002,81299,48437,0
65,965863,727,4,272894,9468117,1349,4,3,7.7,2485691,4.9,36.7,34940,77771,42090,1
23,954699,739,6,139260,14300850,1428,2,2,13.0,3833779,6.1,0.0,45168,88220,42175,0
63,465188,706,2,147918,9883246,1170,3,3,7.6,2553542,6.9,40.0,10000,136505,66299,1
58,796923,755,1,311749,10072656,925,1,1,19.5,2899325,8.0,23.1,33346,132360,40579,1
59,895806,668,5,277825,8492226,1548,3,2,4.9,772434,4.0,27.8,29533,125698,84520,0
39,830293,626,3,91914,7615215,1018,2,2,5.8,2735780,5.1,16.0,23919,74402,62733,1
57,888031,599,4,496446,13379684,1274,3,2,11.1,3614740,7.9,31.0,32674,184519,45943,0
65,880560,646,6,266072,11506758,1341,3,3,5.2,3327008,7.0,35.4,37015,71164,28042,1
45,778778,786,3,72756,8046967,1189,3,2,1.0,2387462,6.5,20.7,44216,113610,62019,1
24,1520812,663,3,316561,12188485,1232,2,2,10.8,4055884,8.9,0.0,90756,191826,47196,1
60,1346247,678,5,565417,9949937,1232,3,2,11.0,2410683,7.1,31.2,64688,116217,51686,0
58,939006,637,3,111623,10114529,1128,2,2,9.3,909528,6.5,35.8,40981,99105,22954,0
33,1494940,687,5,460422,10040287,1201,2,2,3.6,2597062,6.2,10.1,72291,72285,75464,1
23,795801,677,3,107034,10865191,1245,3,2,7.6,3323407,6.1,0.0,34620,126895,58666,1
48,1063517,650,2,153159,5066365,757,2,2,3.2,1042853,5.3,22.3,32983,32761,24060,1
45,629069,600,5,251631,11247455,1146,2,1,2.9,2064183,7.7,21.5,26358,79566,31880,0
35,712690,750,3,306872,6136995,790,1,1,5.1,1411546,4.2,11.2,11432,62555,37802,1
55,847002,601,2,2200,7408047,685,2,2,21.3,1480777,7.0,35.3,45856,57028,44001,1
48,626613,716,3,0,11492259,1280,3,2,23.5,3908445,4.8,16.8,40083,85866,63933,1
55,891991,735,2,330276,6111269,844,2,2,6.2,280454,5.3,33.2,36629,87923,48971,0
38,473824,739,3,22677,9813188,996,2,1,11.5,2589526,6.2,12.8,30363,101786,34051,0
35,1265170,700,3,392160,9136499,957,2,2,24.0,1629720,7.5,2.0,59336,83951,47326,0
43,906617,837,3,0,8016973,1173,3,3,8.4,1329652,4.3,15.0,14961,62922,53937,1
27,1262579,588,1,353080,3839560,516,2,2,21.8,953380,6.5,2.4,38138,25503,31219,1
41,626599,776,3,128784,9673636,1136,4,3,6.4,508648,6.8,16.5,29814,147097,48533,0
55,893515,705,4,102573,11297341,1219,4,3,4.4,1920508,6.6,26.3,22682,178552,77428,1
39,793824,710,5,400606,15066705,1379,2,1,5.7,4847265,8.4,18.7,44000,188126,87505,0
30,1149813,708,4,451681,10565224,1223,2,2,13.2,986675,5.9,4.1,40428,71229,38607,0
58,1126714,674,4,254953,11348556,1345,3,2,11.0,2851840,7.2,38.9,51385,73565,32708,0
33,576770,718,4,215451,10178255,1072,4,4,9.7,3153390,5.6,6.0,11695,83333,26222,1
47,404983,688,4,93484,11924925,1391,4,3,1.0,1279057,6.0,21.4,21767,188975,59514,0
31,999440,777,5,540830,14824421,1434,3,2,1.0,5130238,7.3,6.7,47201,224124,87916,0
58,676281,621,5,235521,13638978,1320,3,3,5.7,3077264,7.6,29.6,16781,170346,42267,0
58,664137,651,4,41557,11457610,1177,2,2,2.5,1894861,8.3,29.6,11508,123003,72817,0
53,840697,637,3,106490,6105907,935,3,2,10.8,1299475,5.6,31.7,30301,87751,52056,1
46,641526,722,3,94077,6805760,1263,2,1,13.8,860565,5.8,19.6,32890,52559,66153,0
43,659434,667,6,124090,11344702,1614,3,3,8.8,3309775,5.7,16.8,24572,120002,104674,1
65,1020581,767,4,2924,13196862,1408,2,2,12.7,3124921,7.4,37.0,52840,202017,53924,1
60,1037807,799,2,234129,7475724,709,1,1,7.4,2003263,7.2,40.0,35877,58407,25334,1
29,682349,657,3,229645,11779347,1160,3,1,3.6,2170091,8.1,6.2,42221,102140,63162,0
26,672651,746,1,138933,11447242,897,2,2,20.4,2577774,10.0,6.5,10000,183017,24061,1
62,1269178,767,2,74980,7704851,870,1,2,9.7,1811971,6.2,37.9,59550,95342,20452,1
53,755029,655,5,30983,14528058,1608,4,3,9.4,4064585,6.5,31.0,21761,207648,90285,1
29,612435,675,4,171675,12111298,1007,2,3,9.5,1546306,8.2,9.9,18982,187164,55951,0
26,2089705,781,3,92920,4327392,751,2,2,6.2,345418,4.0,0.0,92775,53451,26912,1
25,455289,672,5,85007,10343785,1189,3,2,3.7,3262382,6.0,0.6,10000,135644,65655,1
54,380816,606,3,47663,5419316,663,2,1,4.9,810034,5.9,28.4,26805,79401,28706,0
42,700222,747,3,58672,8783714,850,2,2,17.7,1396080,9.8,14.6,16810,94600,26504,0
49,1057746,690,3,278765,5750858,907,3,3,2.1,594097,3.9,23.7,50751,62725,52452,0
30,469641,687,3,75110,4939662,698,1,1,5.5,1440718,5.4,4.6,32430,74288,30118,0
46,1617686,615,4,115660,13977420,1361,2,2,12.7,3166478,8.8,26.7,75337,206540,35136,1
55,1109531,638,5,299405,10608458,1324,3,2,2.3,3725773,7.8,31.2,26370,141849,40225,1
62,747733,739,2,310980,11915100,1143,2,2,10.3,3408173,7.6,37.2,27328,170996,52617,0
51,2282771,651,3,760244,7739599,917,2,2,5.2,1508666,5.9,30.3,92159,86051,20047,1
61,857215,742,2,177446,5569379,882,1,1,3.7,1658349,5.4,31.9,50892,48084,51562,1
57,476296,802,2,46609,7650298,935,2,2,9.7,482747,5.5,30.3,13065,61146,33611,1
48,681655,711,5,61967,8373161,1110,2,1,5.6,1021580,6.0,16.6,25306,63436,48668,1
52,658145,673,2,261239,5577630,1021,1,1,9.9,583951,3.7,28.6,10000,85054,21561,1
35,514446,655,3,114096,5828453,885,1,2,7.3,347118,5.0,15.2,21078,41018,25397,0
37,1040668,766,4,123750,7272353,1035,3,2,4.9,631829,4.6,13.9,25254,74753,62126,1
52,819891,781,3,7133,7915319,783,2,2,6.3,812153,6.9,29.0,22120,108690,21808,1
29,1460869,681,4,141744,7952672,1048,2,2,19.5,1865602,6.8,1.4,33342,83176,64988,1
34,558379,850,4,29145,8136347,1057,3,2,28.0,1135182,5.9,4.0,17141,107801,43665,0
48,1214500,734,4,515606,9020231,1242,3,3,6.0,2929217,4.8,21.9,43492,55320,58030,1
50,931952,681,5,423390,12810557,1803,3,3,3.5,2958306,6.6,26.2,39059,101513,93821,0
56,473380,732,4,156003,12735114,1321,4,3,11.5,3038536,5.8,31.0,15338,119428,43382,0
35,765885,612,3,128363,15426644,1291,3,3,4.2,1317141,7.9,8.6,25883,209782,45237,0
61,775572,679,5,133830,13513056,1444,3,3,15.2,3781810,6.7,38.3,24758,187635,48031,1
54,825221,746,6,128158,14953913,1496,4,3,16.9,4311717,6.7,35.0,29677,227478,74488,1
44,760287,737,5,264765,12023835,1483,3,3,9.7,3129061,5.9,17.7,29664,189987,58883,1
36,746389,736,2,142436,8543554,1049,2,2,9.4,1823582,8.1,5.4,14028,130582,63199,1
64,921932,631,2,0,12675255,966,1,1,6.5,3067910,10.0,40.0,30537,85019,39924,1
43,907741,733,5,361529,11035235,1216,3,2,10.2,1974257,6.0,18.6,46611,106136,40621,0
61,1160519,701,5,43390,14877563,1405,3,3,3.6,3058351,7.7,36.4,47864,188626,89672,1
29,630494,704,5,290962,9959305,1362,4,2,7.9,693843,5.6,7.9,10000,60565,51636,0
27,705102,728,6,0,14743362,1606,3,3,2.7,1145050,6.1,0.8,30603,137740,67243,0
57,2189795,663,6,515620,17129783,1711,4,3,1.3,3830151,8.7,27.9,59086,224248,56790,1
47,740232,637,5,175127,11823453,1624,4,3,22.1,1824805,5.2,20.2,11431,144876,48791,1
65,591342,665,4,256616,12063478,1215,3,2,6.4,1428395,6.5,40.0,17235,139394,77350,0
47,621447,696,5,147457,15055777,1578,4,2,2.0,4670934,6.0,22.7,39812,98468,32701,0
52,619514,557,3,58670,6985092,894,3,3,15.1,2201094,5.8,22.8,31756,71776,34738,0
27,601280,678,5,282066,13881549,1196,4,4,24.7,2157333,8.5,0.0,15407,145268,26692,0
42,724932,706,4,241153,11223564,1326,2,1,17.7,2120977,5.6,13.3,40002,169515,62757,0
42,676859,725,5,126253,15819520,1311,3,2,1.0,4245687,7.4,13.1,29316,208864,38136,0
40,417820,694,4,68407,6458931,1168,2,2,3.8,1175382,2.5,12.1,18429,90592,52347,0
46,1187563,763,3,526466,5294820,815,2,2,15.3,809405,4.6,22.5,59123,44292,38631,0
44,525566,599,4,61275,11684548,1277,3,2,12.1,2603391,7.2,21.7,41468,70887,80665,0
24,818868,659,5,74682,10865795,1557,4,3,6.0,2402601,3.3,0.0,32302,129270,42117,0
59,450325,628,3,0,4963677,931,2,2,5.5,790934,3.7,34.8,27062,68504,28359,0
64,839427,729,4,133303,8742675,914,1,1,8.9,650848,7.7,40.0,38666,52956,44695,0
32,911012,660,2,353431,7796717,846,1,2,1.0,936026,6.5,7.3,30642,62335,18280,0
61,1158242,714,3,108576,8369587,882,2,2,3.9,2468223,8.5,38.8,44809,109853,41917,1
61,662983,679,5,111413,10392325,1246,4,3,25.1,2857355,6.2,33.6,35209,147975,38216,0
24,541454,636,6,142023,16063216,1641,4,3,9.9,3665491,6.7,0.0,11217,118948,45808,0
59,1264079,573,2,302558,8332609,942,2,2,23.6,1710574,6.0,34.9,67319,115372,26889,1
61,1136242,693,4,314897,14444535,1399,4,3,30.9,3753229,6.8,35.0,47860,207549,35249,0
27,1196897,693,2,508141,7357711,683,1,1,4.0,1342997,7.6,3.2,50657,78262,42008,0
35,749445,670,5,347234,16233933,1430,3,3,8.8,1202445,7.4,11.9,34851,202728,74342,0
56,886641,810,3,233119,12157211,1019,2,2,11.9,2254260,8.8,31.0,25801,164007,49483,0
37,663761,664,2,274427,5665754,750,2,2,5.8,1565969,4.7,13.7,28154,73260,39948,0
55,1144432,687,4,489169,10214961,1011,2,1,15.6,1726650,6.6,38.7,33182,104326,29590,0
33,880979,620,5,149767,8466504,1116,2,2,13.2,575542,5.2,2.6,51428,131618,43586,0
30,644427,625,3,305788,11223525,1208,2,2,7.5,3562870,7.7,2.7,10341,74220,73237,1
29,655282,741,5,32348,14131249,1387,3,3,4.8,3386332,7.4,9.1,17218,204648,82908,1
25,913303,594,4,202998,9277610,1078,2,2,9.1,2270622,7.3,0.0,39302,60734,39074,0
42,250000,641,5,95733,10554345,1258,3,3,7.3,2926850,7.2,21.6,12283,85096,70666,0
25,776179,718,4,178879,10580955,1213,2,2,7.0,2542545,5.3,0.0,43833,151848,51243,0
43,522728,614,4,187997,12082123,1376,3,1,6.8,671693,5.9,18.5,21945,158457,71229,0
57,443785,745,3,41089,7106519,725,2,2,7.6,1248179,7.9,30.4,29986,52930,43247,0
41,860100,673,2,307606,4891873,450,1,1,16.5,1074437,8.1,16.2,41983,41306,25017,0
34,331597,671,5,72953,7139406,1116,2,1,11.3,1922661,4.5,10.2,19654,77151,69325,0
25,1469080,654,6,268999,13669249,1514,3,3,3.9,1901531,7.1,0.0,48123,84676,69938,1
34,836163,696,3,324359,14495334,1143,2,2,18.3,2711328,8.4,6.5,26652,178305,70138,0
27,283609,649,3,101343,7327028,819,3,2,3.9,1155350,5.9,0.6,10000,91006,39637,0
41,534357,681,6,2790,18060192,1679,4,3,8.2,2579973,6.6,15.3,18747,139640,70420,1
55,696250,636,4,246380,10107577,1063,3,2,16.4,2448619,8.5,32.1,16436,126528,67691,0
52,1176593,719,4,342567,11324044,1378,4,3,22.2,2332447,6.6,29.0,24847,73992,34323,0
34,574942,753,3,0,8355737,1092,2,2,1.0,917200,5.2,10.0,30651,111289,46537,1
62,786452,694,4,107935,7983838,1120,2,3,9.8,1619484,5.6,39.1,36841,106210,35801,1
44,1394921,653,4,572155,9053115,1123,3,2,19.7,2988374,6.9,17.9,58432,80938,23251,1
46,692448,775,3,88963,9447292,959,2,1,6.9,3089161,5.5,26.6,29983,105187,57697,1
26,1533646,779,4,148368,10728863,1260,3,2,22.0,1799574,6.6,1.6,66697,142238,26676,1
37,403875,560,5,110857,11301748,1395,3,2,9.2,1814611,6.8,16.3,29254,84225,43163,0
50,993106,850,3,110713,9808460,731,1,1,12.5,890972,9.3,27.7,45747,132086,32499,0
41,1027681,632,4,73971,10109873,1155,2,2,15.1,1633854,5.7,14.5,25816,126832,68781,1
33,1017626,653,6,34423,17130696,1913,4,2,4.9,4181580,6.6,0.0,58858,267757,40479,0
24,939082,694,2,449900,6937998,760,1,2,9.9,1264160,5.4,6.9,26461,88395,25656,0
63,831977,697,5,0,9266622,1389,3,3,22.6,2176324,4.5,40.0,39852,117749,87933,1
48,1022610,698,6,343132,20042582,1976,3,2,10.5,5310279,8.0,20.0,41008,153279,52481,0
26,583719,704,4,50635,11005219,1349,2,2,26.5,2198805,4.6,2.5,36146,69502,28840,0
45,587637,663,5,127253,8602969,872,1,1,8.0,2061683,6.2,20.1,12015,92551,29847,1
60,714924,753,2,253957,6099329,753,2,2,14.2,1814107,4.3,35.8,10000,50195,32912,1
54,1261102,741,2,330369,5824626,842,2,2,2.3,1878614,4.5,30.3,64736,37682,22606,1
26,614132,704,2,91397,5861675,807,2,2,5.9,751728,5.0,0.1,21183,85627,48371,1
58,635882,633,4,74787,10412649,914,2,1,6.0,3422115,8.7,32.8,20222,99723,46899,1
36,837677,691,5,25992,7561051,1391,3,2,6.1,763008,4.4,3.0,17175,80114,62776,1
49,1451054,645,1,435845,9650254,763,1,1,5.3,2744082,9.4,25.8,38822,110075,22414,1
62,1039415,794,3,251318,5896005,634,2,2,18.6,387396,5.9,39.4,39636,63506,14254,1
23,747973,678,5,244795,14811833,1563,3,3,10.7,2282120,8.0,0.0,20133,231140,59996,0
60,1543749,729,2,494539,7436625,972,2,2,32.4,1763721,5.8,40.0,62291,94774,34795,1
45,979699,734,4,27863,10472607,1235,4,3,11.0,2383066,7.4,21.7,21717,119502,54744,1
46,723776,634,2,269297,11208668,1143,2,2,1.6,1154077,6.3,21.3,36998,78058,36058,0
61,942570,772,3,160796,10498091,922,2,2,2.5,1768469,10.0,38.3,26333,107355,19067,1
42,487019,732,5,48203,9806540,1693,3,3,10.2,1369570,4.6,16.8,27828,104203,55666,0
34,1011132,836,3,209572,11178940,1176,3,2,2.1,730518,5.5,11.2,43714,104136,63823,0
34,1221658,639,3,610819,9382215,1165,2,1,4.8,2916178,5.3,8.5,57802,109381,62297,0
41,731481,735,5,181136,10146711,1584,4,4,5.5,2704489,6.7,17.2,26587,80547,84974,1
23,920454,709,6,216906,11522088,1472,4,4,2.8,1803290,6.1,0.0,49921,91667,50294,0
37,644049,739,2,273842,7594418,913,3,2,3.2,350587,7.2,12.8,28197,105886,55162,0
34,1037170,752,4,395104,9825971,1543,4,4,14.9,2830518,3.5,8.8,38234,93702,98241,0
65,1129575,692,4,358248,11608173,1454,3,2,8.3,2913162,4.0,39.8,39409,80102,83394,1
35,1443506,708,3,456707,12611337,1269,3,3,19.1,3083270,6.7,12.6,77413,196919,74289,0
52,279666,681,4,111937,8209931,1142,3,1,5.6,1205414,4.1,29.7,24707,105745,64113,0
45,940349,659,5,256576,19003808,1600,3,2,2.7,5877193,8.1,24.3,45886,234776,86286,0
44,1020224,728,6,125375,17860927,1462,4,3,1.9,4652681,9.6,15.7,25319,199175,80658,1
31,1392102,609,5,176040,10672643,1056,2,2,1.0,1509519,7.9,7.4,42718,138615,55525,1
52,776051,708,3,320645,6816336,836,1,2,10.3,1920320,5.3,27.8,19966,89221,22594,1
57,451283,707,3,196075,9056210,1166,3,2,2.8,3176533,6.8,40.0,22527,132625,67478,0
26,790728,639,4,187436,7522917,896,3,2,4.9,1343878,5.8,5.9,10761,89723,45317,1
53,1317865,713,2,454412,5838178,847,2,2,10.0,1645694,5.7,29.1,45447,43003,44994,1
23,671480,688,5,186075,12841158,1463,3,3,5.8,993783,5.2,4.4,24507,88290,57277,0
42,1074177,758,4,450379,22879096,1702,3,3,4.6,3869765,10.0,19.4,28020,234949,109108,0
51,1786301,697,4,203969,6357029,909,2,2,11.8,2211514,4.2,25.5,93382,93003,54189,1
64,715787,763,4,142477,9481928,1186,4,3,10.3,1643353,5.1,31.1,39187,102290,52857,0
51,1212133,584,5,126171,10930824,1593,3,3,15.1,2618643,5.1,25.2,18272,71909,80660,1
53,629246,710,3,316452,13146866,1095,2,2,6.5,3404841,7.3,33.9,25620,121578,69207,0
36,1243499,699,4,0,12713837,1401,3,2,2.8,3686091,6.8,11.9,28607,135122,47749,1
36,992932,654,3,44942,12743163,1060,3,3,2.4,2332547,9.5,6.7,25559,169960,24083,1
65,662897,770,6,290668,13470295,1873,4,3,8.4,4148570,6.0,35.0,38744,170195,65761,0
52,402761,733,3,33310,7634832,951,3,2,4.4,1579783,3.9,26.1,23512,48921,60616,0
45,513202,588,5,47637,12748862,1202,3,3,23.4,2653596,5.7,16.3,15469,80169,26834,0
38,1009192,711,5,360680,12242465,1264,2,2,5.9,2609587,7.8,17.3,47909,159031,55640,0
32,993611,692,2,33795,8754287,1055,2,1,8.0,524004,7.0,9.6,29226,130595,50814,1
37,485207,785,2,112,5969532,692,1,1,16.3,957453,7.0,11.7,19920,93613,22931,1
40,1054301,625,5,270865,10339554,1292,4,2,11.1,1388146,5.8,15.1,37866,155246,27418,0
42,594531,779,6,215557,14203193,1433,4,4,2.5,2164378,6.0,22.4,29640,218828,74604,0
50,1342248,808,1,18575,5370208,450,1,2,8.4,1375405,7.4,28.9,68311,59067,17264,1
45,600232,717,4,208459,6866843,957,2,2,8.3,565490,6.6,19.0,21992,76292,35662,0
28,902463,850,5,161267,11210599,1403,3,3,1.7,1861287,6.8,4.0,48579,112172,37258,1
45,1354074,585,6,0,13603184,1517,3,2,9.8,1059217,5.3,18.6,57978,144119,75067,0
37,606071,799,1,184516,5652846,477,1,2,7.7,920700,9.1,12.5,21282,41963,18075,1
30,975583,746,4,327743,8480616,1091,2,2,9.6,2570602,6.0,1.3,40024,131282,60856,1
36,607871,626,4,86899,5588087,1209,2,2,8.6,1809497,3.0,9.4,48963,84424,64420,0
65,777789,677,4,259838,12774908,1650,4,3,35.0,825611,6.6,37.8,29988,123242,88619,0
50,1073992,720,3,468736,7469609,1022,2,3,4.3,2485566,5.8,27.2,46458,72390,28007,1
23,829804,760,3,120774,12663694,1211,2,1,10.6,3876199,7.4,0.0,55084,92947,64365,1
37,589749,787,2,9866,9996580,939,2,1,6.6,1323542,7.8,19.0,12823,77355,23290,1
25,1393426,775,6,104884,14923875,1592,4,3,22.2,2192123,7.3,1.4,73405,200844,82432,0
60,845396,694,5,407022,10290139,1238,2,2,1.9,900949,6.0,40.0,33563,75552,42811,0
23,844779,694,5,226608,9928820,1290,3,3,22.3,1645927,8.5,2.3,34053,72700,67625,0
36,1321510,757,2,343128,5509314,782,1,1,12.7,1686812,5.1,18.4,65257,58413,40327,1
53,610478,806,3,261259,7788374,736,3,3,6.7,2357565,6.7,29.5,26649,107110,36347,0
33,431619,747,4,124230,10050591,1046,2,1,5.0,2501605,7.3,9.3,10000,110869,50935,1
60,625441,687,1,206146,5893326,537,1,1,8.1,760636,8.5,39.8,25597,56408,27455,0
59,932721,681,6,278421,10962361,1403,3,3,10.6,3177509,6.4,36.3,39839,113583,88943,0
31,616850,698,4,136352,11573130,1181,3,3,30.8,3946843,6.5,13.0,28885,93895,42753,0
28,1023943,607,1,108704,8636495,759,3,2,1.0,1004550,9.0,7.5,30002,97512,35908,1
60,781933,745,4,221186,6663853,1131,2,1,5.5,1397186,4.2,35.2,37888,97717,69554,0
53,634695,753,3,99617,9214613,763,2,2,1.4,2615369,9.2,29.3,13699,84691,42985,0
61,1080691,693,4,256523,11353687,1362,4,3,14.4,2106076,6.4,39.4,58248,96174,48836,0
29,1104018,741,2,205102,9197406,829,2,2,21.5,2865992,8.8,0.0,22010,133324,35596,1
64,1989047,738,3,263961,8655384,1106,2,1,14.9,2251977,4.9,40.0,47352,131870,63697,1
38,2299573,659,4,987503,10733386,1347,3,3,17.6,3149553,6.1,10.5,60213,129744,75238,1
56,827770,782,3,292527,9220655,1010,2,1,18.7,3432945,6.1,30.8,30134,139366,50777,1
60,1054934,667,5,50876,11297403,1273,3,1,7.0,3970069,5.8,31.8,53742,158232,53726,1
65,845421,738,2,80478,3190870,664,2,1,6.6,259724,4.3,40.0,32357,49075,33269,1
31,527473,673,5,0,11005425,1398,3,2,9.8,2726555,5.8,5.2,18853,140004,52276,1
47,1231148,772,3,385768,9601903,1046,2,2,7.8,3395385,5.0,22.9,56640,104182,21592,1
63,974676,705,3,337367,3943983,915,2,2,4.9,583745,2.2,36.8,35839,37002,30309,1
47,590465,829,4,108482,8762538,1157,3,2,12.7,565874,6.4,21.5,21798,108854,72459,0
49,630799,743,4,231636,9105569,1139,2,2,6.3,964883,4.7,30.7,20274,76303,36973,0
46,868840,705,5,294777,9170180,1259,3,3,11.7,2803294,7.4,17.1,40204,75011,67971,1
31,529953,669,2,135419,8097703,824,2,2,15.7,2202220,6.2,0.0,33659,75951,43601,0
30,698151,687,4,268749,6848466,961,2,1,13.5,1597289,6.1,3.5,25500,99481,33729,0
41,704934,728,2,194410,7906322,937,3,1,5.2,824291,7.0,18.8,42856,81537,48751,0
56,786637,660,2,257281,8664507,1062,3,3,4.4,432427,5.9,29.8,20324,100060,27295,0
64,929593,710,3,307026,12652299,1084,2,2,5.4,4152960,8.2,37.0,50541,142984,64183,0
29,545632,528,4,276593,8318286,1266,3,3,14.8,1998313,6.7,6.5,32857,104843,30819,0
38,886829,646,3,187953,11441476,1127,2,2,1.0,3907929,7.7,13.5,19102,109129,51601,1
48,901930,619,5,463727,10303648,1567,3,3,4.6,1013444,4.4,21.1,43825,119147,97172,0
28,619156,773,5,35411,13800200,1440,3,3,14.2,2291495,6.6,0.0,28610,207527,63018,1
40,1209934,699,4,326682,6878688,1015,2,2,8.9,1512544,3.0,17.8,50990,76210,59525,1
32,1635656,727,1,302287,6530813,666,1,1,1.5,2131052,6.9,2.1,52397,44636,37929,1
64,1011853,732,4,354365,7400507,1241,3,2,9.5,2067999,5.8,32.9,42315,116387,29904,1
44,596399,674,6,318980,12462745,1673,3,2,14.2,1877670,6.2,22.7,28067,87530,70479,0
61,723115,728,4,109649,10442544,1284,3,2,18.1,734636,5.6,37.0,37868,125523,45141,0
49,839957,691,3,105120,6146568,864,2,3,11.2,1659897,5.2,27.3,28679,76988,19717,1
62,706783,696,4,3371,7457116,1303,3,3,6.5,1140056,4.8,40.0,26365,65388,67802,1
56,400820,718,3,81160,7863509,1009,2,2,4.1,1526678,5.6,33.7,18273,97845,23063,0
50,515484,699,6,109275,28000000,2188,5,3,2.8,3708149,8.1,23.7,32250,392903,129978,0
38,1708470,785,4,693853,12917245,1387,4,4,7.7,2954507,7.1,8.1,80607,110804,39737,0
32,755038,726,2,102270,7582950,948,1,1,13.6,2370208,4.5,3.3,50305,62351,35214,1
59,896123,732,3,64277,8567117,1051,3,2,4.4,1573642,6.6,34.6,39393,95232,66775,1
55,646785,705,4,140728,11898961,1428,3,2,1.2,2090347,5.8,33.0,27481,145614,40171,0
47,1178356,651,2,203468,6267230,569,1,2,5.3,1087411,9.5,23.9,56945,64630,24804,1
24,478349,739,4,0,17759738,1497,3,2,1.7,1526033,9.5,0.0,22544,152849,46335,0
47,1506314,632,3,686657,8603101,1129,2,1,8.8,876263,2.9,19.1,64981,122009,67673,0
24,586654,643,5,229718,12492202,1461,3,2,14.8,3236061,6.1,0.3,31229,96430,39165,0
61,738000,766,4,284569,4987973,835,3,3,25.4,669140,5.0,35.1,19410,74406,32589,0
52,659767,688,3,328110,6171247,848,2,2,5.8,2033492,6.6,23.3,12736,66841,40924,1
57,545728,720,4,235766,9113864,1173,2,1,20.2,2101786,6.8,33.8,12694,77248,23702,0
50,912565,614,4,154431,7333048,1085,2,2,6.2,1644390,4.0,24.0,42585,95008,33071,1
47,769020,729,4,213884,17668238,1454,3,2,18.5,5595011,7.6,21.8,37603,261212,93407,1
50,732048,657,4,108701,11502935,1318,2,2,8.5,3338286,7.4,27.2,20266,111973,41220,1
44,1570284,753,4,656934,8268068,1299,3,2,4.7,1988178,5.6,18.4,79656,84454,70482,1
43,1556616,650,5,519462,6903546,1236,3,2,15.0,1620602,4.9,19.2,69522,107503,50960,1
31,609626,584,2,0,6241593,692,1,1,3.2,1298496,5.9,4.5,13105,70198,24187,1
41,626524,739,4,9401,5917088,1269,4,3,15.9,1851534,5.1,22.5,29918,44017,61125,1
41,474320,620,6,242977,15251328,1675,4,3,2.8,4436082,6.8,8.9,24077,146028,84388,0
27,722238,652,5,93804,7378595,1323,3,3,12.4,980817,5.2,6.4,20857,52044,38416,1
50,741669,668,2,218494,11424456,1036,2,1,6.3,2477428,10.0,21.0,15172,124765,62955,1
60,1583895,682,4,344165,14226056,1359,2,2,4.9,4853901,6.8,40.0,54976,146908,34808,1
39,431131,722,3,14342,4880823,562,1,1,10.4,445601,6.6,10.0,24557,30865,17794,0
59,661729,715,4,133856,11037852,1334,3,2,20.0,3768887,4.7,34.6,35164,67458,69462,0
40,844186,691,2,129196,3781670,478,1,1,4.8,479705,5.9,10.1,29169,57930,22197,1
44,1209956,723,3,235120,9452126,1093,3,2,8.3,933638,6.4,17.9,61607,131212,66481,1
28,443693,674,6,218918,9658675,1163,3,2,6.2,1717893,5.9,2.0,11470,98446,30267,0
38,749167,685,2,284665,5982176,627,1,2,35.0,891851,7.4,14.0,22385,60166,18342,1
57,755729,724,4,43767,10040347,927,3,2,7.9,3245397,9.3,33.9,16937,117137,57883,1
50,559083,649,3,228001,10610147,951,2,1,2.5,1545021,8.5,26.5,13778,127963,36626,0
61,996302,706,4,367625,7937628,963,3,2,3.5,614046,7.5,32.7,36335,81724,52631,0
55,585311,726,6,31274,13683175,1334,3,2,8.6,998267,8.0,31.1,18443,137713,34606,0
27,1143020,696,4,303246,7898366,1075,3,2,5.7,1411569,4.6,0.0,31883,72129,69511,1
34,936071,605,1,128617,4824848,552,2,2,4.3,1290357,8.8,13.5,42111,63776,14972,1
29,1946043,674,5,158703,13338810,1168,3,2,12.2,2896483,9.2,6.6,91769,135462,58359,1
60,459426,736,3,171389,5585442,892,2,2,5.8,1515050,3.3,36.3,15606,67417,54247,1
56,1071503,624,4,197319,13020624,1304,3,2,18.6,2214049,6.8,30.4,18779,123441,70759,1
57,847635,725,3,298790,7310522,945,2,1,9.1,1432976,3.2,35.5,26573,83972,42652,0
46,817813,809,3,205337,6770467,789,1,1,4.7,2323955,5.4,19.1,37490,54145,34091,1
27,810982,794,4,105793,12796879,1189,4,4,18.3,2845828,7.4,0.7,19781,93309,75098,1
64,525854,686,5,66710,11846021,1543,4,4,23.9,2052827,6.1,40.0,29712,141266,93077,0
55,794808,714,2,83314,6379934,762,2,2,12.6,1494539,5.1,31.7,46314,96151,43962,0
32,391009,782,3,145335,12155932,1107,3,3,12.8,2166526,6.6,2.1,10000,171303,55700,0
43,641633,744,5,246771,8952441,1423,4,3,12.2,1111746,5.5,14.4,27863,74593,44481,0
60,1219254,720,3,546632,7998291,941,2,2,16.7,2844088,6.2,36.6,54277,104974,30943,1
26,356521,682,4,80110,10786408,1288,4,2,15.8,1007283,6.9,7.8,10000,111626,74659,0
27,1240650,850,4,324485,7254017,1450,3,3,10.1,723711,2.7,9.9,50437,44373,93592,1
31,965060,642,3,124251,11134933,954,3,2,13.6,2974882,8.4,3.2,21269,141862,43513,1
40,696554,612,5,76657,10583400,1063,2,2,10.6,2234077,8.2,13.1,37278,161128,38867,1
54,1500507,745,2,81341,8432086,868,1,1,4.5,2432495,7.8,25.6,76174,80983,19508,1
58,911593,669,2,35739,6844048,773,2,2,4.4,1808489,7.3,34.2,21322,54800,32092,1
44,1041999,738,4,232660,8592555,1163,3,3,7.0,1790938,7.3,18.1,17174,112419,71950,1
50,1242762,744,4,248397,8692498,734,2,2,6.4,2105642,9.1,30.4,46799,123678,39481,1
52,1016421,762,4,223360,9545717,1094,2,1,1.7,2239104,7.9,28.2,37906,139304,61566,1
36,789594,601,4,75175,10581567,1132,3,2,1.0,1538126,7.3,10.0,43841,112049,26539,0
23,1034488,826,4,395399,11809964,1204,4,3,27.6,1209285,7.8,2.4,26139,116606,34319,0
26,1351564,744,4,558428,8654491,1483,3,2,1.8,1926285,4.4,5.2,25711,62076,58068,1
45,1143374,778,1,124907,3783856,473,1,1,5.0,943533,6.3,20.1,47271,37761,10000,1
29,593701,713,3,216531,6630295,854,2,2,6.3,389158,6.2,4.5,17954,65875,53921,0
39,466865,789,4,197234,7660883,1199,3,2,11.8,1720320,6.0,17.1,17512,84899,37232,0
42,807690,788,4,331972,11964950,1547,4,3,14.5,2242606,5.2,23.7,23418,186778,98685,1
52,953481,713,1,108115,5243327,715,1,1,2.7,1700078,7.0,28.0,42034,67634,45274,1
64,2915089,792,6,1017208,12119308,1306,3,2,12.6,1219108,6.4,36.3,89890,102817,66810,1
28,620899,703,4,211792,8771528,1286,3,3,8.0,2430414,5.5,2.5,16367,88826,30778,0
59,997260,726,3,147263,12704267,1420,3,2,8.9,3570678,7.3,31.9,51024,98758,58313,1
47,850089,791,3,275960,11647267,997,2,2,3.7,2549860,7.4,29.1,54162,73238,21127,0
62,474773,746,3,141443,10257458,1247,3,3,2.8,2835060,7.0,37.5,10000,133577,26349,1
58,778424,652,5,306094,11437183,1299,3,3,4.1,810627,8.3,31.9,33282,88785,31239,0
50,1370879,733,5,329639,12493239,1351,4,2,6.3,1403639,7.4,21.9,65831,89196,81817,0
64,713535,843,3,57758,7006177,1052,3,3,3.4,1581990,6.9,40.0,27514,53832,40874,1
27,635989,693,5,286512,8673177,1162,3,3,12.4,715552,3.3,0.9,16200,118239,70177,0
27,834036,712,4,325110,9708527,1211,3,2,16.3,963664,5.3,2.7,32430,119876,29765,0
60,814298,696,4,395078,7374708,936,2,2,2.8,1676308,6.3,32.6,25624,83140,32308,0
35,580917,820,3,258147,11137893,923,2,2,6.2,1770879,8.5,10.8,25774,123353,49795,0
65,832147,767,4,359491,8832929,1281,3,2,11.6,1792907,4.4,40.0,38270,103591,73562,0
38,786832,539,4,45937,11894737,1425,3,2,8.2,2757886,5.8,16.7,41028,96534,49448,0
48,762899,778,2,352299,8411480,871,2,1,4.1,1313307,7.7,21.6,37483,96448,53447,0
33,1144711,671,2,419219,10550117,952,2,2,13.2,2057401,7.8,10.1,48786,150824,40457,1
49,764189,775,5,353964,12619677,1252,3,2,7.8,3910088,5.8,24.9,10000,101806,69512,0
40,717789,610,3,97520,8760143,1136,2,2,5.8,2324204,5.2,10.3,33981,63259,42379,0
46,466046,714,4,203717,3620890,1448,4,3,19.7,271474,2.9,19.1,17542,53530,40749,0
50,878245,733,6,67361,16925662,1663,4,4,2.7,5488662,8.1,22.5,37645,238276,44411,1
26,1072836,641,3,332055,11251874,1138,3,3,6.8,2791819,6.6,2.6,23802,95721,49017,1
42,573513,722,2,93614,9925763,1162,1,1,10.0,2380902,5.7,17.6,25750,68172,72886,1
45,892459,761,4,42228,11561619,1192,3,2,8.6,3262797,7.0,19.8,39068,116000,70490,1
59,445387,754,4,109300,3796125,848,1,2,9.8,528941,3.5,31.4,10000,41978,33481,1
63,310564,654,2,28824,10476452,1114,3,2,4.4,2357723,7.3,35.6,10000,94531,58766,1
47,537500,765,5,84404,11489611,1552,4,3,7.2,2593362,4.7,19.6,23021,127467,38162,1
31,746581,722,4,130553,12842247,1217,2,2,5.4,2377941,8.0,7.3,43692,103443,63517,0
26,698747,818,5,107491,11487548,1355,2,2,7.0,779338,5.6,0.0,32066,123172,63059,0
54,519908,799,2,266485,4396337,674,1,1,11.9,1249813,3.6,31.7,22994,64546,36564,0
62,550747,606,3,32222,9002232,1311,3,2,2.9,711697,6.2,39.6,15857,115852,29713,1
47,955230,720,3,256904,8450093,879,1,2,19.4,1376198,7.7,22.8,29249,98340,26450,1
40,422493,615,1,60341,11106024,928,2,2,9.3,2835917,7.8,14.7,27849,77739,45136,0
31,1139544,850,4,518324,15881135,1552,3,2,2.5,2213064,9.9,6.8,35442,111284,41784,0
45,1030597,649,3,373805,10350016,1019,2,2,1.2,3276337,6.9,17.4,46515,88841,48212,0
41,1460652,698,6,497742,11061191,1647,4,3,12.0,1630592,4.2,14.5,93931,118601,60140,0
60,804821,616,4,79990,7840708,1072,4,3,5.0,2280270,6.8,31.5,38339,90302,45482,1
37,916891,749,2,352544,6950638,911,2,1,1.5,552591,6.1,15.2,41899,92014,46542,0
59,895008,744,5,35321,12829568,1529,4,3,18.3,2106544,6.7,37.2,46308,84496,57196,1
48,790872,720,3,168938,6977094,763,2,2,3.8,2129147,5.4,18.2,33657,92605,34558,1
49,632188,652,3,281138,13886005,1292,4,3,11.1,1698157,7.9,26.4,34425,113012,50764,0
64,815140,747,4,370875,11483448,1190,3,2,22.7,3722566,5.5,40.0,39666,81563,64811,0
57,749628,711,4,45252,15933468,1196,3,3,1.6,3737004,7.9,33.2,37910,232577,61578,1
55,493464,678,4,115587,14407453,1449,3,2,12.2,2472383,7.0,26.6,17440,176626,31263,0
43,482211,740,5,194440,11774849,1176,3,2,2.7,1850784,7.2,21.4,29818,80202,72613,0
62,904874,582,3,308113,7049598,959,2,2,5.1,880903,4.7,39.9,29130,86920,22070,0
25,1224308,750,2,582422,8319259,704,2,2,2.1,2528074,7.5,3.9,55259,92633,20020,0
49,1273900,733,2,316634,5026639,819,2,2,9.4,939567,3.9,20.8,58479,54501,40953,1
47,1297955,643,5,311506,18107563,1521,4,3,12.7,2354660,10.0,17.4,51512,157829,69097,0
49,641455,646,4,184264,8426323,1218,3,3,19.6,570485,4.5,24.5,42037,96846,34733,0
47,1016258,667,6,221723,11059625,1807,4,3,7.5,2328448,3.7,20.3,25733,145866,51509,0
47,817976,850,1,456096,5978753,683,1,2,8.7,879141,7.2,18.5,33784,74453,31964,1
29,653076,734,3,85070,7045194,855,2,2,6.7,1294858,4.7,1.8,30473,46692,36392,0
29,1079422,696,4,277411,12785949,1227,2,2,11.0,4246794,7.1,9.8,40373,80671,26177,1
37,529682,698,2,173571,4157481,542,1,1,18.4,158998,6.2,13.5,25801,47510,31269,0
55,991394,664,2,27522,7167514,745,1,1,9.2,1402563,7.0,27.6,53848,79288,24719,1
37,1065322,644,4,532615,10166860,1125,3,3,4.5,3143769,8.4,13.5,19626,63418,70475,1
43,556819,684,4,271982,12926393,1386,3,2,17.7,1067628,6.4,14.4,10000,106206,37614,0
65,896608,638,5,140538,7829631,1234,2,2,8.5,683840,4.3,40.0,49091,49898,41756,0
25,1052915,840,2,284508,4189358,673,1,1,1.7,932051,4.2,0.1,56755,57436,40133,1
49,1453845,599,3,661601,8473506,995,2,3,9.2,1945751,7.1,28.7,40114,62140,47697,0
56,667336,707,5,31877,17517113,1701,4,3,4.4,2283291,7.7,32.1,14364,134445,77120,1
38,621319,739,4,0,11394584,1292,3,3,9.9,807602,5.8,2.6,26435,160585,27780,0
59,578401,679,4,180467,12369126,1219,3,2,2.5,3690063,6.6,38.2,15953,105069,37056,0
23,1030468,790,3,287518,6279566,904,1,2,12.3,1438470,6.2,0.0,42914,49731,40403,1
35,367082,755,6,16572,16213544,1513,3,3,2.2,3217638,7.4,7.2,10000,109803,96137,1
23,1099819,707,6,2367,13903860,1387,4,3,17.2,1724229,8.1,0.0,47088,133235,64048,0
58,622976,666,4,84151,9084418,990,1,2,11.1,1750797,9.3,35.5,25084,114452,55340,1
44,817918,819,2,162719,6519050,733,1,2,8.1,676133,6.8,23.1,40386,44795,25556,0
58,824760,726,2,317217,6377518,789,3,3,6.8,455405,4.7,29.3,27167,46418,18984,0
42,489755,709,5,30287,11328369,1716,4,3,20.2,894644,7.0,15.2,10000,173715,67027,1
53,1504753,801,4,640041,10511006,990,2,2,4.7,1475012,6.3,24.5,63036,154004,32382,0
24,867677,674,3,276605,7760452,930,3,2,8.9,1146279,7.4,1.5,35907,51358,57444,0
42,739580,682,5,237473,15090167,1455,4,3,28.2,4248693,7.5,20.5,26912,161916,39566,0
46,1023134,727,6,539084,13680387,1533,3,3,7.4,1604798,4.7,18.7,38825,157205,49917,0
65,563124,704,3,266626,10333749,1257,2,2,1.3,1924301,7.6,33.7,14283,85011,26090,0
46,703846,674,6,350039,12815570,1303,3,2,2.1,3340417,6.0,25.8,32119,148858,66166,0
30,729303,768,4,128416,10725505,835,2,1,3.6,3729340,9.5,6.1,35828,157774,40093,1
34,1403231,689,5,240006,7398414,1283,3,2,3.2,1997661,4.0,9.5,82094,104163,73699,1
46,881120,753,5,127558,14268543,1383,3,3,8.3,5022387,7.4,18.8,25036,212185,36875,1
27,694164,692,4,311172,7666132,1005,2,1,2.8,2283374,6.3,3.6,38050,101954,30066,0
42,414073,681,3,115976,11774240,985,2,1,7.3,2824723,6.8,20.6,10000,87256,25346,0
60,484043,666,4,133100,7836179,968,1,1,13.3,1180669,6.3,40.0,14155,69691,29206,0
29,1378671,657,3,602011,8853254,816,2,2,2.9,1766613,10.0,0.0,47148,124720,49690,0
54,826373,755,6,317526,14250987,1683,3,2,21.8,975980,6.5,26.4,33240,109984,99067,0
31,1565465,704,6,557108,17916253,1456,3,2,24.6,2108562,8.9,5.1,62010,154194,60468,0
59,614245,823,2,262173,10420205,971,2,2,12.3,746117,7.2,28.1,26522,93077,57022,0
58,1692749,600,3,509493,4470729,1001,2,2,4.7,786393,2.6,32.8,69712,68446,62702,1
40,1450581,717,2,195237,6449039,526,1,2,9.1,1548862,8.1,20.6,44060,44063,15349,1
46,444235,694,5,132856,10145749,1435,4,4,13.0,3300901,6.6,23.6,10000,112261,33178,1
60,891119,744,2,237213,7566810,892,1,1,7.3,1673871,7.6,40.0,17664,117595,47323,1
57,709049,717,3,357246,5683739,731,1,1,8.5,1666612,5.0,31.9,30850,62132,45945,1
54,750529,728,4,204512,9248941,986,3,2,1.0,867374,6.1,31.1,29122,110488,42670,0
36,938276,721,4,352962,6640028,976,2,3,5.1,922777,3.4,10.3,19687,85601,48419,1
30,625770,697,4,60062,7815611,1069,2,2,5.9,2594899,5.2,8.0,35506,78308,67576,0
54,651253,630,3,81378,7752547,935,3,2,5.4,2560468,6.3,27.2,33844,121470,45792,1
42,1324972,755,1,385321,2979773,450,1,1,12.0,637592,5.1,17.2,29115,33444,19622,1
60,507410,716,3,175627,12066414,1091,2,2,19.0,951830,7.6,35.2,20516,185381,56347,0
33,708951,795,2,16500,8403590,890,1,1,5.4,2023644,9.3,9.9,17381,121515,31407,1
45,973533,686,5,139134,13595424,1342,3,2,5.4,922655,6.6,21.0,27513,132977,61812,0
37,1513580,647,3,258288,4923683,683,1,1,10.6,1180073,4.4,11.9,70096,30717,27174,1
23,650335,690,5,220878,8409856,1054,3,3,7.2,1163798,6.0,0.0,35858,104080,28531,0
24,250000,748,2,45361,11056204,1247,3,3,11.6,1486698,7.2,0.0,10000,75816,34420,0
26,800076,713,2,54611,10231820,1132,2,2,8.8,2941387,6.7,4.5,41541,114677,47626,1
59,518199,747,6,25712,18363097,1602,4,3,7.5,1328173,7.6,30.6,24306,276978,84028,0
47,546333,636,5,30739,7725635,932,2,1,7.3,1251759,6.3,21.6,33357,46572,53309,0
24,1539327,720,4,488609,14249901,1487,4,3,18.7,4587414,7.7,0.0,80943,202355,73529,0
30,1841025,789,3,92008,7048568,1093,2,2,2.6,1897097,5.4,8.1,72350,53542,26032,1
58,924504,741,2,237028,10166162,1211,2,2,11.6,1188244,6.1,35.9,46448,156219,46344,0
50,879102,781,5,415870,6910897,1515,3,2,13.7,2472417,3.2,31.0,12817,43941,31294,1
37,970180,773,2,350751,6758143,836,3,3,2.3,1658276,6.2,10.1,45591,44904,19645,1
30,698813,695,4,241824,9887645,1455,3,2,6.2,1424226,6.4,0.0,33157,105323,36671,0
27,1137279,722,4,98785,13869138,1155,3,2,8.2,1873177,8.2,0.0,41277,179736,45239,0
24,509348,654,4,55569,7923059,1159,3,2,24.6,671554,4.7,0.0,27660,66865,47418,0
59,905567,751,4,429381,8252009,1124,3,3,10.5,991071,6.5,38.0,49629,99551,39688,0
58,1004100,616,3,197883,5398459,808,1,1,4.7,1469785,4.4,28.8,55176,63818,20327,1
38,861646,654,4,60665,15207123,1483,4,4,8.6,2831966,7.1,15.3,38031,113773,33271,0
47,997665,710,1,362977,5898140,776,1,1,16.8,466195,6.3,22.2,62797,79501,45129,1
33,568968,748,3,242264,11472065,829,2,2,16.1,1638631,9.8,8.5,26680,70406,43872,0
35,620276,751,5,189205,9800606,1597,4,3,6.5,2958746,3.2,7.8,10344,94611,79204,1
42,578442,605,5,130091,12290116,1525,3,2,12.3,2356654,4.3,18.4,14631,190730,33002,1
27,1121680,704,5,424109,15543589,1419,3,3,20.9,2781703,9.7,3.1,23475,147050,74827,1
23,1354325,743,2,381763,7988932,739,1,2,20.4,1497809,7.4,0.1,46789,53459,30835,1
49,725756,701,3,237349,8948800,930,2,2,1.9,3074375,8.6,24.0,33752,109696,19728,0
26,540941,696,2,181985,10955600,1153,3,2,26.5,3895300,6.8,0.9,12227,137400,40114,1
59,755964,626,6,291956,15753432,1696,4,3,1.0,2280986,7.0,31.5,29874,169934,83801,0
25,1198407,760,6,527058,13708173,1391,3,3,8.7,3838664,8.8,0.6,53595,204284,50571,0
53,873590,672,5,311347,15061787,1349,2,2,5.7,4310020,5.9,23.2,41727,216218,38205,0
44,697988,780,4,145646,12697577,1332,3,2,8.6,3112531,6.8,13.5,33461,192898,65993,1
34,940075,782,3,485653,5859009,754,1,1,6.1,1924781,5.8,9.7,40446,71192,23911,1
33,664691,661,2,348790,7629257,977,2,2,11.8,1736441,5.0,6.9,28260,106484,62521,0
37,683577,676,6,195611,19042925,1844,4,3,6.8,3493335,7.4,15.5,18567,198766,117134,0
29,1185802,733,4,531668,8256364,1163,2,2,5.4,2651036,5.8,0.0,44222,58354,34215,0
52,502720,681,2,281309,7082470,868,2,2,4.7,1826298,7.2,25.5,10000,48538,51175,0
40,860470,774,3,94508,9262262,1144,3,3,7.6,1894729,6.8,6.0,35532,119968,34542,0
40,865609,677,5,178801,12876267,1160,3,2,7.3,3876801,9.1,16.5,23974,135032,57340,1
32,801375,718,1,61456,7142395,765,2,2,7.1,564349,6.7,7.6,45385,89738,36134,1
50,1215502,682,2,10487,7673819,966,2,1,12.4,909100,5.2,29.2,69726,55052,27086,1
28,747608,698,4,203066,9159939,1021,2,1,4.6,2887151,7.5,1.2,45174,87459,38874,0
62,569083,729,5,245755,13321640,1248,3,3,3.8,4784552,8.1,35.2,29916,80508,61560,0
51,1098093,710,4,45422,10759305,1507,4,4,8.2,3772319,6.4,21.5,59494,152887,49253,1
42,1989013,752,3,528447,9798344,1161,2,2,2.2,3019036,6.3,11.7,107026,129391,64620,1
55,1565925,687,5,351804,5344335,1343,3,2,11.2,991250,4.1,36.7,21804,53875,53886,1
40,942494,699,3,370655,11145853,1321,3,3,5.8,2357682,7.8,19.1,40643,123320,33157,0
53,1492331,743,3,425937,14258299,1270,3,2,20.6,2525018,8.2,29.1,38316,220358,33995,1
32,635859,592,4,51041,12288530,1236,3,3,14.8,2542354,6.5,6.4,12645,131180,49786,0
58,659472,700,5,259939,17006456,1580,5,4,10.3,1490211,10.0,31.9,12428,122611,42722,0
35,1412209,742,3,310586,8562914,866,2,2,14.9,581372,8.8,11.8,70051,79979,48251,0
61,1482624,743,4,11572,12187371,1424,3,3,9.8,3247563,5.1,40.0,73328,192532,49636,0
56,781410,761,2,199972,11140275,1321,3,2,9.0,2208146,3.5,36.0,33775,141922,33111,0
61,548457,714,2,291037,5536918,604,1,1,12.1,1893294,7.2,40.0,14773,63516,15470,1
29,869806,685,3,24933,13746456,1306,3,3,13.6,1690209,7.6,7.6,45828,192908,41790,0
43,807191,624,4,321947,8204261,1178,2,2,6.9,1859672,4.4,15.9,39177,52489,67629,0
34,1284270,555,5,493042,14743851,1425,3,2,15.5,2071550,6.7,10.3,35809,129547,70774,0
25,1823124,700,3,762561,7357639,1171,1,2,6.7,1527731,3.6,2.2,102749,83105,34050,0
27,1296415,666,2,340361,5383342,828,3,2,4.8,782953,5.3,7.6,62978,78065,45631,1
53,657322,693,2,321889,6593948,749,2,2,10.6,568432,6.2,23.8,32504,80523,25634,0
27,610891,648,4,46102,8461177,1082,3,3,19.0,2385111,5.7,1.3,17711,70349,60624,1
65,489278,733,4,54559,7425068,1111,2,2,8.4,2194868,4.9,32.7,15924,93112,64889,1
51,1680356,615,5,364797,9361481,1147,1,1,13.4,675380,6.8,27.4,62992,73592,46812,0
28,927068,675,4,445367,12064685,1089,2,2,17.7,3783460,8.8,4.1,21561,165381,53593,0
61,450807,725,3,0,2519097,471,1,1,13.9,407317,3.3,37.5,20923,35800,13512,1
45,801866,673,3,99801,10690100,972,1,2,24.7,1564842,6.6,23.8,34383,125181,57506,0
36,655138,745,5,233580,11254898,1440,3,2,11.5,3134987,6.2,12.6,16347,149410,37573,0
57,343394,677,4,16030,13583113,1164,3,2,15.0,4095668,7.8,30.4,14317,180091,41682,0
63,744133,671,4,57471,11001276,1339,3,2,6.1,2017656,5.0,40.0,18261,150207,62421,1
25,1290789,669,3,340297,11107630,1157,2,1,7.9,2824085,8.1,0.0,56012,159761,49969,1
36,641699,732,5,239193,11583062,1335,3,2,6.4,965345,7.0,10.1,21868,123382,60768,0
60,699367,774,4,100572,11937021,1383,4,3,9.2,2512331,4.7,39.4,41748,121612,59357,0
26,1160601,673,5,435357,6256255,1361,3,3,22.3,921750,4.7,0.2,44422,59693,36538,1
41,1359453,747,3,391873,11173004,1083,3,2,7.1,3759021,8.1,12.7,72259,133069,23868,1
54,745784,668,2,246414,9302631,925,2,1,14.5,2716540,7.2,30.4,29659,58980,37934,0
56,953319,699,4,325892,7138184,975,2,2,2.8,2125377,6.7,26.9,47627,55793,33403,0
47,544558,714,3,142486,10274772,1048,2,2,4.0,2578785,7.8,23.6,11724,153397,43510,0
65,1149770,719,2,85545,9480864,961,2,2,35.0,3325899,8.3,38.7,50271,104280,53957,1
46,650331,736,5,203597,13843960,1402,3,3,3.1,1342165,7.3,17.4,14191,211297,75486,0
37,1167790,640,2,518048,10205044,1028,2,2,11.5,1939174,7.6,4.6,44046,83584,48362,0
37,1339032,718,4,431824,4152826,1196,2,2,12.4,1335300,3.5,10.0,45871,39268,28982,1
39,441153,699,3,33712,9537497,1094,2,2,7.4,2833725,7.3,9.1,15256,69962,53683,1
60,582859,613,3,332376,9899184,1005,2,2,5.0,2374764,7.6,34.4,17367,101615,46116,0
39,1693916,807,2,688491,6084584,839,1,1,3.0,812171,6.0,13.1,79743,64323,38099,1
65,598181,627,3,100719,11145547,946,2,1,4.5,3602832,10.0,36.2,37475,85071,57329,0
23,719813,721,4,174919,10862100,1228,2,2,7.0,3479157,7.5,0.0,27838,163647,45590,0
32,1223489,636,4,455531,8841781,1048,3,2,18.8,1369635,6.4,9.6,57084,79327,29149,1
48,816152,720,4,350095,8255717,868,1,1,7.3,2649722,7.1,20.0,39659,67080,27032,0
61,1355646,784,5,423369,11336838,1462,3,3,11.2,2573210,4.9,37.8,45395,105654,77761,0
24,519412,725,2,233337,5995691,807,1,1,17.7,605660,4.8,5.8,23535,63656,40260,0
23,824817,740,4,14247,16030933,1438,4,2,9.3,3805774,7.7,0.0,26696,226119,54636,1
56,840164,784,3,65684,7821849,806,2,1,12.5,2088572,5.9,27.3,40218,90252,38087,1
50,1067230,763,1,111911,5620961,692,1,2,8.5,440057,6.1,23.2,17945,79418,30993,1
26,663271,679,2,213980,10167864,1062,3,2,14.4,1021335,7.7,5.0,19972,94726,42230,0
50,817466,744,4,204113,6695400,953,2,2,8.6,1229439,6.3,24.7,45203,54446,31062,0
31,679246,737,4,209805,13671474,1315,2,3,19.7,1546705,5.5,5.9,15250,171733,27347,0
65,1053600,724,3,27432,5507861,1014,2,2,9.1,1110581,5.0,40.0,32971,87431,45386,1
61,757583,703,2,324068,6454983,751,3,2,16.6,2155634,4.9,34.4,22390,79102,27446,1
53,742147,675,4,5921,8280295,1107,3,2,28.1,2378151,6.0,29.6,34812,74734,40427,1
51,423654,816,3,196312,10791068,1292,3,3,7.0,2094449,6.4,28.9,18794,118640,74659,0
34,520352,658,2,114399,6937793,884,2,2,5.0,1771956,5.7,11.8,15185,94696,45136,1
32,1723379,781,2,680909,3530667,663,1,2,3.2,662683,2.9,7.7,59363,23070,24647,1
31,1203369,700,5,78367,12804062,1569,3,2,3.4,1184992,5.7,6.1,37488,174215,85981,1
42,825433,676,2,324097,6280131,823,2,3,9.8,1764306,6.0,19.8,37071,95646,25016,0
41,964999,674,4,9767,9180548,1117,2,2,5.7,2352821,4.8,16.0,27717,98405,42786,1
34,1106969,710,6,270910,10994310,1269,2,1,6.0,1515032,5.0,9.9,56823,66654,78101,0
37,1242232,744,6,611041,16210550,1722,4,3,5.8,3549803,5.6,12.5,50635,236160,40111,0
59,1235487,668,3,301876,9210832,1343,3,3,13.2,546451,4.1,29.5,50760,124602,85977,0
63,820686,644,4,75690,8852710,916,3,2,20.8,907269,7.2,35.7,23688,55277,24089,0
42,1352113,680,5,422884,9682364,1476,3,2,5.4,1778169,3.4,19.1,63859,148362,90277,1
34,1231531,604,4,615268,14016110,1645,3,1,8.5,4257473,6.4,4.1,38663,153814,41885,1
39,730940,678,4,153140,5515916,682,1,1,1.1,673731,5.4,12.3,10000,60344,43591,1
30,808397,687,4,130021,10113182,924,2,3,6.6,957529,5.8,3.8,46880,111121,39059,1
25,755937,722,6,6997,10105505,1832,4,4,9.7,3290576,3.7,0.0,42818,127834,106659,1
28,496712,633,5,186299,7676864,1393,3,3,19.9,2599402,5.5,1.7,10000,63623,56356,0
54,1432021,749,4,582335,12199128,1398,3,2,10.4,3450648,7.1,27.3,24891,150908,83797,1
36,300390,705,3,124794,7557459,803,2,2,6.3,1184684,6.9,16.8,19827,85001,26919,0
40,1203531,760,3,306452,8445334,1099,2,2,8.6,2338408,4.1,12.6,50555,124366,34204,1
43,1755088,648,4,678868,9416550,896,3,2,13.3,2851550,7.1,22.9,47356,119890,30420,1
38,886306,673,1,376699,8984216,980,3,3,9.7,2853246,8.4,4.0,36930,106232,50828,1
34,810335,699,6,260721,15495965,1533,4,4,4.0,1630181,6.8,7.7,24577,166908,86037,0
39,680755,707,6,11753,14443109,1644,4,3,10.0,3304207,6.5,17.3,15325,173204,33895,1
31,651172,629,3,103945,10647939,1049,2,2,7.8,3024987,7.7,0.5,31583,116002,60041,1
35,402440,714,3,46848,11657526,1146,2,2,18.1,1136362,7.8,9.3,22935,83186,40724,0
25,971967,670,4,384722,9687319,1021,2,2,9.9,1288519,7.0,0.0,36505,63557,28595,0
26,537784,760,3,225347,12551172,1173,2,2,6.7,3659793,9.0,0.0,13638,200336,33099,0
54,378357,763,3,201609,5416048,748,2,2,8.5,1082582,5.2,24.2,10000,63507,44972,0
31,1639266,671,3,624429,6291086,985,2,2,2.9,1860137,3.6,0.0,73584,55783,46161,1
34,913699,698,5,80602,10503934,1520,3,2,16.7,3642551,6.4,8.4,56599,155789,97849,1
40,1892322,732,5,683887,10200292,1190,4,3,6.2,3133389,7.1,16.3,84160,108512,53645,1
32,1015476,701,5,271785,10709160,1389,3,3,2.2,2491764,7.5,2.7,39770,93840,53855,1
49,1336080,719,4,382215,6340094,1033,2,2,2.1,921640,7.1,24.9,24334,77699,64001,1
25,416514,758,3,190092,10662149,1243,2,1,10.3,2338674,5.9,4.6,11715,98056,49324,1
29,812790,673,5,21676,17375305,1302,2,2,5.2,5968214,9.1,1.9,24998,132412,58875,1
50,598083,644,6,170792,13696793,1728,5,4,12.5,3947062,6.1,28.3,16990,146647,50707,1
36,924324,600,3,325111,7059585,781,1,1,1.3,1505631,6.5,11.6,24115,109689,33260,1
31,1301731,733,3,342327,11377478,1126,3,2,6.6,2252744,8.1,2.5,56255,69964,55472,0
37,399841,775,3,0,5765143,759,1,1,7.9,1658845,7.1,7.4,27744,60578,29373,0
32,609757,749,5,94296,12349480,1118,2,2,8.9,979422,7.7,8.1,19546,188927,42321,0
27,1036108,619,4,435221,9733003,1017,2,1,19.5,2742616,6.6,1.4,63785,87680,22514,0
30,464648,645,3,30693,6913030,898,2,2,21.0,2254710,5.4,0.0,16274,79111,19148,1
32,1345142,684,5,550316,8641212,1368,4,4,8.5,2207917,4.5,11.9,47758,92411,85469,1
60,585962,703,4,252394,15236753,1399,4,3,10.9,2600810,8.6,34.6,40291,180696,59687,0
57,422565,773,5,118571,11574744,1201,2,2,5.5,942555,6.4,35.7,33003,153774,43626,0
52,563807,752,5,130840,12177122,1619,3,3,10.9,3163421,5.3,34.1,22774,89989,47640,0
37,532665,698,5,162835,9439973,1353,3,2,4.6,1720207,5.6,11.9,21941,68698,49762,0
35,897837,679,3,418752,9706740,1062,3,3,25.5,2446839,7.3,16.2,22121,154350,56349,0
36,958819,727,4,61233,9917916,1140,2,1,20.8,1445787,6.3,15.0,45895,129292,45805,1
47,585704,735,4,139178,11821554,1097,3,3,9.0,1707930,9.9,22.2,11786,136209,24462,1
35,630515,743,4,66038,9634185,1002,2,2,34.2,2814257,5.7,13.8,15585,110435,50595,1
31,1346924,762,2,210642,10322906,871,2,2,6.3,3500401,8.3,4.6,62704,133256,51072,1
30,1599677,735,5,133471,11114408,1388,4,3,5.7,3429367,4.6,8.7,47196,117639,73109,1
38,727345,763,2,250355,9023447,871,1,1,10.7,2391840,7.4,17.7,40617,72113,48263,0
30,1049318,682,5,59708,11722118,1022,3,2,6.1,1944216,7.6,2.9,14428,165959,51691,1
46,875896,701,3,51868,10563933,1074,2,2,3.8,3275396,7.6,26.9,15249,68312,48360,1
28,584940,796,3,244848,12395477,1079,3,3,8.8,4236778,8.6,2.6,31896,133792,46083,1
46,918884,757,2,267834,4692517,610,1,1,17.5,943224,5.4,26.6,36612,52386,25698,1
44,948184,746,5,266714,12564756,1672,3,2,8.2,1608336,5.7,17.1,59206,127522,93916,0
39,948377,715,4,0,7583433,746,2,1,7.6,786171,8.7,14.1,40849,108496,28210,0
35,520174,711,3,43555,9164331,848,2,2,17.3,1936766,7.8,14.9,38137,70954,45615,0
26,2214288,756,3,446749,8861871,1083,2,1,11.5,662620,6.5,1.7,122772,129017,70204,1
49,773183,653,3,189701,5207562,931,2,2,18.5,1839760,3.5,22.7,35317,50661,21257,1
46,1251933,675,2,444815,7638781,958,2,2,14.5,2014984,6.7,25.1,57201,121959,27747,1
65,854772,693,1,219569,5046948,780,1,1,3.7,434308,4.6,40.0,45716,41212,35475,1
48,820370,723,6,383423,11756031,1944,4,3,5.8,3209401,3.9,24.4,36491,126540,83548,1
62,487080,731,5,247151,10991565,1093,2,2,17.5,2782359,6.9,35.2,28304,66633,33033,0
42,859082,784,2,173157,5663690,773,1,1,31.0,881882,3.6,19.4,32419,66184,35234,1
60,824191,806,4,400455,7568577,904,3,3,4.1,1507444,7.2,35.7,42857,100765,27197,0
32,1389613,708,6,472911,10341670,1401,3,3,15.3,1115742,4.5,3.7,51730,111662,87322,0
57,874662,665,5,408430,12035511,1207,2,2,15.2,2629035,8.2,31.9,28117,168381,38583,0
28,891220,805,6,138417,13598413,1415,3,2,7.4,2113322,6.6,0.2,38007,175346,84548,0
36,584727,770,4,95841,11205627,1169,3,2,7.3,3185144,6.4,15.3,22149,170332,41010,0
47,737220,802,5,54142,8665755,1012,2,1,5.9,960142,6.5,21.1,25063,86957,37009,0
59,611335,759,5,0,14333378,1836,5,4,5.5,1601285,6.5,40.0,34773,163831,108665,0
64,527131,664,3,134130,10411907,1091,3,2,5.7,1741398,7.5,38.2,33335,153303,27870,0
65,1911323,789,4,151365,15585888,1303,2,2,4.6,2019337,8.5,40.0,84795,228492,46893,1
65,853016,671,4,184591,6758277,934,2,2,6.1,1496962,4.8,38.1,24309,99843,27720,1
47,1211464,623,3,46589,8341225,1092,2,1,9.7,2180627,4.5,25.2,30381,51499,45057,1
50,1446596,766,2,601911,7924454,1015,2,1,5.1,1273136,4.3,28.6,63650,74854,31850,0
62,1578462,795,2,756267,3687892,779,2,2,4.6,1082424,3.7,37.8,77627,32861,38717,1
43,1410170,775,5,329633,13849955,1471,3,2,5.0,2844436,6.5,23.2,57475,106888,75953,0
40,781188,709,4,141966,10506306,1160,2,1,11.6,1503210,5.9,16.8,31002,152009,65057,0
46,677483,753,4,68203,15049657,1533,4,3,5.5,2460509,8.0,26.0,34418,126291,69629,0
49,823402,673,5,114986,15185386,1381,2,1,16.1,2189999,7.5,22.6,14243,133556,82354,0
29,902989,705,2,400836,5984580,906,2,1,4.1,1609726,4.7,4.5,33193,87763,45398,1
49,1091635,774,4,477086,16515534,1480,3,1,2.5,2371758,6.9,20.8,27991,180797,75409,0
23,1314643,783,6,490717,11594157,1378,3,2,25.0,1729377,5.9,0.0,76705,179315,50451,0
62,1168808,671,5,231850,18337206,1487,4,4,2.1,2938385,9.1,40.0,59055,128210,74460,0
37,1017539,636,3,288745,6921522,729,1,1,3.5,1123285,6.9,11.9,50843,98034,18455,0
45,598886,588,3,150897,8913832,1002,2,2,4.6,645292,6.0,24.1,27249,125203,37048,0
28,718488,793,5,51536,12273102,1658,4,3,5.7,3023141,3.0,7.1,28780,84720,83594,1
34,739979,762,3,90011,10532783,1244,3,2,8.2,1976047,5.5,8.3,48512,68094,80751,0
44,633655,711,4,195584,12478060,1176,2,2,9.0,4059760,6.7,21.0,10511,191562,36959,1
47,487922,735,4,104803,11252083,1436,3,2,10.4,3385762,6.2,22.5,20894,132806,71915,0
57,1028876,784,3,370034,6672788,933,3,1,10.0,721188,4.9,34.1,29479,65827,54121,1
23,858536,625,4,166616,12877948,1257,2,2,13.6,1718035,9.3,2.2,20395,106484,49155,1
48,1056307,701,6,105170,20712771,1654,5,4,3.0,6515043,7.7,21.9,46705,284931,106430,1
37,1286841,682,1,658912,9469743,845,2,1,3.7,2698586,8.3,15.2,59929,135959,20071,0
28,564807,806,4,271951,12923402,1202,3,3,6.6,768067,8.1,6.6,16395,190139,55190,0
28,1296098,554,3,427110,8320811,936,2,2,4.7,1815910,6.7,1.4,75543,94775,31767,0
45,1562852,811,5,125691,9376400,1062,2,2,7.9,2977764,6.3,16.4,57977,79762,48407,1
32,809085,837,5,261746,15169101,1494,4,4,1.0,4419728,7.2,8.1,10267,109188,51945,1
39,1031916,650,6,397497,13566070,1470,3,2,35.0,1563668,7.6,21.7,47774,124543,71922,0
50,622226,650,4,239570,12118881,1189,2,2,19.5,2597931,8.2,28.9,19315,74998,33344,0
39,1104924,796,5,39479,10720350,1182,3,2,2.4,2798330,5.9,15.5,31598,81500,27527,1
40,706843,737,5,11991,7081378,1174,2,2,20.6,813603,4.0,14.2,17977,76048,27426,1
62,791734,669,2,330097,4977151,727,1,1,11.5,1498635,6.9,39.2,35420,56800,36027,1
54,1059433,729,4,260949,12816810,1267,3,2,11.9,3321703,6.5,32.1,47556,91152,42933,0
44,815829,573,1,105142,6436262,680,1,1,13.4,713165,6.5,11.9,31359,66092,36578,1
42,512787,667,1,191902,4636329,609,2,2,11.1,288669,5.4,17.2,12590,28427,22038,0
28,770844,642,3,106566,15831781,1358,3,3,1.8,3753935,9.1,0.3,34764,127980,52022,0
55,1023420,661,4,341990,13086108,1255,3,3,8.9,3885635,7.4,35.8,50853,90213,50804,0
63,483599,806,6,90728,19514535,1529,4,3,8.4,4041401,10.0,35.8,12300,148440,90418,0
62,1028790,770,4,50994,12036051,1286,2,1,7.7,3251200,6.3,40.0,49534,183467,64950,1
56,821159,746,4,50342,15290671,1411,4,3,6.2,3441269,6.6,31.9,26573,131882,30966,1
49,714985,707,3,22643,8716314,819,1,1,21.9,1928134,9.6,27.7,10000,113639,22286,1
24,1083004,687,3,201570,9505123,974,2,3,13.0,673273,6.0,0.0,24662,72938,51297,0
55,801715,775,3,35462,5371042,651,1,1,2.7,779012,5.5,34.9,34252,48506,30664,1
27,1055924,755,6,454145,21600015,1791,3,2,12.1,7492065,9.3,8.1,45377,239683,50856,0
36,446346,758,4,58117,12843284,1357,3,3,12.1,1517783,8.2,13.6,20791,106958,62891,0
50,870169,698,3,335742,13460273,1097,4,4,2.7,2973514,7.9,23.2,44269,106615,36803,0
63,1028951,721,2,200461,4915296,860,3,3,5.9,1022498,2.9,40.0,56318,51021,25715,1
59,882444,725,4,329939,13516057,1502,3,3,8.4,2269944,7.7,34.4,39264,150624,73383,0
58,1163010,633,4,46169,15709056,1649,4,3,9.4,4942291,7.2,33.9,45710,103056,68994,1
44,923091,729,3,306627,8586787,1139,2,2,13.6,996660,4.8,18.1,27536,66942,54046,1
34,3000000,751,3,722144,9997267,1007,2,2,15.7,1000141,8.1,6.4,78005,113121,32758,1
42,479352,809,4,225027,12199378,1476,3,3,6.6,3596304,5.9,17.1,21462,158039,83764,0
23,483575,730,4,93678,10528030,1190,1,1,6.6,669317,6.1,0.0,29041,138278,29516,0
42,1398508,778,3,486619,6988919,868,2,1,21.9,1814522,5.1,19.5,52045,91393,54092,1
53,1023015,622,3,0,5758785,981,3,3,6.9,1017629,2.4,28.4,22793,62442,46909,1
44,681302,737,5,297073,17091174,1776,4,4,1.0,5417947,6.7,13.3,29174,122027,65477,0
34,802812,667,4,275058,10488119,1376,3,2,9.8,1328955,6.2,7.3,10000,126987,35514,0
50,931684,672,5,318373,10215091,1389,2,1,6.2,956975,5.0,25.5,28033,158331,43578,0
44,796165,743,3,229202,12652657,1123,2,2,9.6,2286184,7.5,17.6,10000,171056,46162,0
33,793617,636,3,40563,12861209,1153,3,2,10.5,1196544,6.3,10.7,26577,132893,32783,0
54,1028222,800,3,317232,10710065,1125,3,4,1.8,2210958,8.0,32.0,57789,67390,40355,0
42,523718,715,3,39349,8473625,833,2,2,10.6,2416539,7.8,19.1,16019,97520,31832,1
40,724026,713,5,209931,12575467,1371,4,3,14.5,1717778,6.1,15.9,20651,123173,65258,0
53,711280,703,5,220141,16354207,1619,4,3,7.4,2882100,8.6,32.0,36412,204401,89175,0
24,886561,790,4,244080,11376910,1173,1,1,13.0,816857,6.2,4.7,31932,137303,42010,0
51,848081,673,3,368325,10197026,1173,3,2,6.1,3223963,9.7,27.4,41153,91935,72165,0
35,1391422,700,3,250749,6174036,847,2,2,9.6,1394744,4.4,6.7,81135,70047,20442,0
23,1779841,638,3,854961,7158197,823,2,2,19.4,1409848,5.6,3.1,44450,114362,23919,1
34,869402,714,5,65259,10559171,1263,3,2,8.7,1054541,5.0,7.8,37645,84172,39986,0
41,757807,750,4,142407,11880882,987,2,1,4.6,2987549,9.1,17.6,27499,148993,50466,1
54,1294937,757,5,355082,11040857,1235,3,2,7.1,2289262,8.4,33.5,47051,87650,58713,0
51,922528,694,4,392526,11877538,1406,3,2,14.8,3242918,5.6,31.2,48684,131161,51716,0
63,1230498,749,4,334240,9779920,1443,3,3,12.6,2867833,6.2,34.5,26579,62779,51598,1
34,1519395,698,3,403213,16781361,1209,2,2,5.3,1894973,9.0,8.1,53129,256919,59700,0
60,583233,601,3,264637,12122248,1293,2,2,5.9,3922187,7.0,35.5,26533,174516,77081,0
57,879009,696,1,143682,3327052,530,1,1,1.0,1090663,6.4,29.3,39771,52334,15385,1
58,1198119,706,3,147535,8280062,1181,3,2,1.2,2841274,5.8,34.2,45022,91846,36239,1
61,760837,667,4,117813,8541306,864,1,2,9.9,611023,7.1,38.3,10000,95629,18785,1
27,717449,687,3,232370,5465350,672,1,1,4.8,1594147,5.3,0.5,31880,54399,29360,0
61,624866,714,5,95343,9824222,1143,2,1,14.6,3086598,7.2,36.2,29463,59106,68475,0
49,495892,759,5,121526,9623202,1258,2,2,7.5,2694765,4.2,19.5,16592,118998,78509,0
25,922589,705,4,461231,12052911,1041,3,3,7.9,3706235,7.4,0.0,29236,73808,54793,0
58,825957,689,5,321542,10310065,1205,3,2,6.8,1776267,5.6,33.6,26256,163295,57875,0
28,1214297,768,4,136889,15007619,1280,1,1,5.6,3867186,9.1,4.1,52381,178794,34221,1
62,751392,655,6,238680,9337241,1535,4,2,7.2,1556848,5.2,40.0,18984,136947,45203,0
50,945731,711,3,351166,9330610,1211,3,3,3.8,2858163,5.8,29.8,46161,63945,38908,0
26,697380,709,5,86477,15159541,1761,3,3,11.3,1608776,6.9,4.6,25483,177757,43622,0
35,1186988,532,3,252161,10415427,1016,4,3,14.9,787990,8.0,9.7,28747,103083,20890,0
57,982748,724,1,417826,5058639,566,1,1,21.6,1022273,6.3,37.1,35580,65032,28852,1
37,834388,729,6,282790,20790870,1764,4,3,4.6,5166926,8.6,12.4,44597,309299,59329,0
43,632802,728,3,197398,12186837,926,3,2,5.3,2371551,10.0,18.4,26149,75168,56806,0
64,828705,738,6,180925,15942655,1432,3,3,6.8,1855188,8.6,36.0,16351,217675,39922,0
62,1010666,652,4,219979,11297296,1268,3,3,6.7,2425414,7.2,32.0,23255,106467,54126,0
34,992206,673,1,342315,5760668,719,1,1,8.5,671132,6.5,13.2,30353,40236,42747,1
48,1052648,698,4,198815,11390864,1412,3,2,11.9,3251170,5.5,21.9,25232,122429,84182,1
34,506594,699,6,180462,19444775,1987,4,2,11.9,1832344,10.0,9.0,21264,303333,124109,0
45,857203,731,2,108443,8058263,992,2,1,5.2,1228003,6.7,22.8,26525,83476,32338,1
25,1738022,645,5,757088,11497283,1135,2,2,15.6,2995606,8.5,0.0,91471,176280,43160,1
55,546347,670,6,162921,10406702,1638,4,3,5.6,492285,4.1,32.5,23383,97162,60327,0
33,552243,733,5,28831,12205442,1412,3,2,6.2,3593698,5.8,7.4,24141,184122,40220,1
44,903564,643,6,314522,14856274,1467,4,3,14.1,3142800,8.6,23.0,23154,104250,39507,0
56,842367,762,5,246813,16126810,1608,3,3,8.9,5241363,8.1,26.2,12781,150245,75133,1
58,1470992,756,4,335139,6655534,1079,2,3,10.0,1840002,4.2,35.1,50127,67198,28834,1
47,855248,672,3,98759,8643957,1163,3,3,12.7,2422360,4.7,21.2,26377,68220,54299,1
45,944308,654,5,172515,14872542,1241,3,2,23.2,2222882,7.7,20.4,29957,223162,31918,0
45,1037686,776,5,253592,11443001,1155,2,2,8.0,2100903,5.5,16.6,28907,95276,62140,0
48,998501,647,6,146430,17323347,1708,5,3,6.9,1124365,7.4,21.6,60916,234580,56455,0
37,579665,713,4,36436,6896002,1079,2,2,7.8,1502256,4.8,13.6,24640,89913,58030,1
42,777645,690,2,351356,7939864,913,2,1,12.0,2269884,7.1,14.5,30873,73017,57443,1
65,885246,716,3,37606,5105345,1060,2,3,11.3,1510672,3.4,40.0,29015,34994,22380,1
32,619326,724,2,269124,9937726,890,2,2,6.1,2727701,7.5,5.6,22797,145193,51604,0
40,616129,705,3,31580,8679595,902,2,2,16.1,1570216,5.7,11.4,29644,73145,26215,0
26,1152946,778,5,89077,14618217,1402,3,3,1.1,2710703,7.4,0.0,42863,151183,75757,1
46,442071,760,2,79874,4998976,853,2,2,1.0,725670,2.9,18.4,14164,33255,21645,1
58,412525,768,4,191737,7291450,751,2,2,6.0,2223298,6.6,33.9,17826,90979,43481,0
31,1034155,642,2,91202,8297375,1102,2,2,7.6,2496292,6.5,7.3,63774,130142,47349,1
29,346822,755,3,116566,11951633,1274,3,2,2.2,3735049,8.3,3.5,15099,117313,27829,0
33,1004458,775,5,85537,9164234,1488,4,3,2.5,1230398,3.4,7.2,59125,110054,51077,1
50,1008144,629,5,147786,7810027,1189,3,3,3.8,2511452,4.6,24.7,29926,51332,58016,1
65,970910,759,3,46863,8592011,1103,3,2,8.4,2144054,6.4,40.0,31599,116411,71288,1
43,557784,792,2,177938,10119046,955,1,2,20.8,2387961,7.2,16.8,21972,116772,19965,0
35,1003725,734,5,250289,7890807,1021,2,2,5.5,1669801,4.9,15.7,25682,115254,51315,1
36,872947,728,5,66953,13801681,1329,3,2,8.3,2625197,8.9,6.9,32166,166395,39834,0
34,472267,776,4,301961,8471693,1291,3,3,12.5,514991,3.3,11.7,21044,54880,42635,0
53,1070677,749,3,375231,11396270,1104,3,2,6.8,3561653,9.3,28.6,43378,130932,31516,0
37,2853710,713,2,324557,5092194,516,2,2,9.9,1559903,6.5,13.5,140000,68483,26539,1
47,976992,648,4,293156,12547469,1157,3,1,20.4,2695776,8.6,20.7,30673,163639,72275,0
44,911785,695,2,87116,4100006,798,2,2,15.2,914498,4.1,15.7,27941,64284,31086,1
41,1478009,688,5,234159,11339225,1175,3,2,2.4,1101588,7.6,16.5,90417,176794,60536,0
24,839165,691,3,167819,9082781,854,2,1,13.0,827397,8.0,0.0,47886,104122,21193,0
34,1387336,740,3,437836,12551857,1316,3,3,4.1,771553,3.0,1.1,55856,98042,75450,0
56,944597,732,4,386404,18818810,1451,4,3,6.9,5525273,8.2,34.9,50896,201853,93556,0
44,1065168,729,5,48990,11449300,1132,3,3,2.2,3064308,6.9,19.2,48503,110541,30791,1
60,1435101,676,5,432557,8835720,1368,3,2,1.0,2969293,7.2,37.9,80954,130648,67851,1
23,959992,776,3,93555,8433740,1306,3,2,1.8,2151355,5.6,0.0,30610,86408,79518,1
23,1314771,813,1,521940,7756235,625,1,2,7.0,2441516,9.1,0.0,63139,77180,33794,1
44,966642,728,1,311360,9858537,944,2,2,15.5,2427169,9.0,20.1,35197,138244,24864,1
38,1992742,781,4,394220,12032564,1301,3,3,8.3,3983025,8.3,11.9,91378,150112,30372,1
55,1248209,689,5,600562,11556000,1595,4,3,6.4,2261414,5.0,31.6,48891,87558,55870,0
42,863555,687,4,130795,13103607,1220,3,2,12.7,1728492,7.2,16.5,40121,162604,43968,0
32,741056,717,5,187996,6186142,1203,3,2,6.2,2004752,3.3,5.0,13460,48446,61824,1
62,325801,673,4,213230,13180932,1262,3,3,2.5,3921268,8.3,37.1,27826,107713,58949,0
41,517061,736,5,137983,9450165,1192,3,3,1.5,1199248,8.3,14.9,20289,132429,37448,0
65,1042253,836,4,171511,8792523,1149,3,3,2.2,1238301,6.1,38.6,47317,109342,49413,1
24,1008248,730,3,201968,12774594,1242,2,2,10.2,2505036,7.7,0.0,38411,141704,68586,0
42,846568,624,3,161672,11702715,1349,3,3,11.8,1615509,6.4,23.6,32274,106102,74650,0
56,623663,722,5,285579,15772224,1718,5,3,4.7,2346507,6.7,31.5,33992,234399,54492,0
31,1623996,691,3,385559,8059637,664,3,2,11.8,526908,8.4,2.3,80516,86961,14504,0
61,873593,781,4,229690,11049066,1270,3,3,11.5,1038908,5.3,40.0,24548,157081,66912,0
38,474315,751,5,76392,12970190,1247,3,3,2.2,2114854,8.7,18.1,14232,133176,47153,0
28,593118,762,4,122656,11791605,1175,4,3,13.7,3764280,6.4,9.9,14629,167874,55057,1
28,793153,625,5,333535,8774611,1126,2,2,21.3,1284467,4.8,3.5,25897,59683,40770,0
41,1033698,717,4,397486,5868427,1163,3,2,5.3,836195,5.0,19.4,40386,36014,67143,1
43,910430,597,4,380143,10425759,1360,4,4,14.1,3323083,5.3,12.6,21237,106020,40476,1
34,773725,737,5,273955,11919161,1397,4,3,6.7,3504961,5.4,9.9,24608,150281,49571,1
62,589807,701,5,21294,13475869,1297,4,3,5.6,3005334,8.6,40.0,13975,166988,78947,0
33,796864,760,4,0,8600139,1235,3,3,7.5,518703,5.7,11.4,33576,123739,35653,1
58,787354,600,4,29721,14941062,1309,3,2,4.3,1262116,6.7,31.4,36340,175061,53245,0
51,522795,647,2,206526,4606673,950,2,2,30.8,1139044,3.7,28.1,18217,55826,58081,1
37,760608,657,3,281437,6329792,844,2,2,16.2,284413,7.0,16.6,16824,74820,35590,1
31,866271,693,3,405457,9953330,1020,3,2,2.5,760338,6.8,5.3,29196,156025,50203,0
61,823325,736,6,163760,19386889,1775,3,3,5.2,5017425,7.0,33.8,13387,215142,47748,1
53,688629,691,4,0,5620083,892,3,3,4.6,1664082,4.8,28.1,22252,67360,21717,1
45,1842032,807,4,765877,8281046,1356,3,2,5.7,1953384,4.5,21.6,74394,67399,41477,1
64,402144,606,3,56988,8496750,752,1,1,22.3,1711656,9.9,40.0,23212,63946,30799,0
52,765847,690,4,310820,13541191,1448,3,2,10.5,2046647,6.2,25.4,32646,208962,87624,0
26,662614,712,1,150664,3826581,450,1,1,5.4,960038,6.4,0.9,27567,35298,12758,1
49,913961,726,3,243151,7219968,1015,2,1,4.6,1681882,4.3,26.8,32288,83834,31462,1
37,803704,741,6,241558,15417518,1505,4,3,7.1,2798112,8.3,10.2,25864,222424,57538,0
35,380978,834,3,25313,7663066,962,3,1,8.1,1807150,4.3,10.6,19327,82006,39813,1
38,969867,636,3,23176,5169002,914,1,1,3.2,945859,3.7,11.9,31398,37810,55732,1
36,850471,717,4,183899,11056361,1092,1,1,7.1,1738290,7.3,16.2,45778,86621,63379,0
38,961052,666,5,398723,9653847,1250,1,1,3.6,609968,4.9,17.6,46870,90343,55048,0
62,588080,786,3,297794,8864830,1143,2,1,7.6,1480810,6.6,40.0,30946,114692,73385,0
47,666916,647,4,226388,12516010,1384,3,2,18.8,3117849,6.3,21.6,40363,111048,62276,0
47,960407,684,2,259321,6092213,827,2,2,6.7,1125479,7.9,23.9,53540,78620,16788,0
23,550542,778,4,8726,10734779,964,2,2,2.0,3580617,7.6,0.0,21754,132721,44159,1
44,1008775,680,5,341602,16149468,1531,3,2,10.0,2055535,8.5,18.7,47998,165707,40944,0
54,515688,767,3,0,10195646,1139,2,1,1.5,3491944,7.1,30.6,24665,161891,71467,1
36,1333281,837,5,582541,9730848,1233,2,2,17.8,1616638,5.6,10.1,68080,99557,46962,0
57,725341,681,4,141868,9388838,996,3,2,4.4,1461460,8.6,33.7,12698,70177,29737,0
53,819652,642,4,378657,9549042,907,2,2,1.8,1239146,9.0,22.5,14066,109037,42324,0
24,663013,671,6,266887,13790916,1547,2,2,12.0,4216101,3.9,1.5,13482,172706,48645,0
63,569290,723,2,4580,6546986,952,2,2,15.6,1973308,5.8,34.5,16688,61992,28014,1
59,719163,780,5,378121,19981879,1716,4,3,4.5,3626944,9.0,34.0,38527,266210,73596,0
49,1236876,749,6,112533,14602976,1707,4,3,17.1,3081921,6.4,28.2,32829,144489,63523,1
60,411939,786,2,77831,8136067,732,2,2,28.9,1052669,9.6,36.6,10000,71564,43060,0
29,628230,618,4,297944,9658926,1067,2,2,7.5,1727450,8.2,3.7,24452,147349,51284,0
51,1218666,753,3,167069,13730641,1046,2,1,4.0,1633921,8.7,27.8,34831,209013,39807,0
51,1015324,808,5,137959,11241344,1540,4,3,9.3,1431041,5.0,26.7,57353,71480,79097,0
35,668724,760,3,115520,11091723,968,3,2,6.7,2202794,7.5,17.5,22246,77712,41147,1
43,1364752,629,2,537826,4479353,545,1,1,7.3,473135,5.9,17.0,36716,44490,19919,1
57,868376,802,2,306755,7849340,718,2,2,2.5,2457552,7.5,30.4,51018,86850,21362,0
24,891399,625,3,401920,14395490,1219,3,3,4.9,1407592,9.7,2.5,19343,185721,39173,0
37,572145,667,4,231574,11418895,1241,3,2,11.4,2020211,7.4,10.8,10556,91767,57904,0
45,997637,759,3,30341,9845988,949,3,2,2.2,2859998,8.4,17.2,57808,85164,60603,1
63,896363,664,4,428472,8614796,1072,3,3,10.8,1960446,5.6,37.3,32678,105500,39280,0
24,725297,706,5,246611,10586136,1218,3,3,7.6,830375,5.4,1.4,39727,130458,73286,0
63,577559,761,3,165543,6451105,982,2,2,3.1,1581118,4.0,40.0,24398,59468,27659,1
45,680101,663,4,138207,6979595,1219,2,3,16.7,1141966,4.2,25.5,33875,101031,74918,1
23,712273,634,1,314489,6252667,613,2,2,1.1,616236,7.8,0.0,28725,68976,19058,0
25,428249,661,5,140523,10792652,1300,3,3,17.9,917005,6.1,0.0,10000,93683,31451,0
65,1049452,640,3,68542,13517178,1428,4,4,6.0,3217078,7.0,40.0,44293,111057,38097,1
53,938647,744,5,287019,16373195,1683,4,4,10.2,1110415,7.7,26.6,34437,114633,74259,0
57,648554,665,2,286919,5302384,699,1,1,3.5,955422,5.3,36.5,21077,62762,15373,0
43,639963,755,2,110161,6497726,1075,3,2,4.8,1869112,2.9,20.5,33013,67662,55279,1
25,1023754,689,4,41741,12727641,1077,2,1,4.0,1699567,7.7,7.1,63094,155182,29372,0
30,760528,669,4,240561,9345966,906,2,1,1.0,2354954,9.4,4.1,31172,134619,57578,0
47,1525976,705,3,659506,10620366,1076,2,3,14.8,2608376,5.6,16.9,52077,87252,39694,0
41,713706,695,1,103180,9014306,862,1,1,6.9,1724964,6.8,14.5,10883,56366,40468,1
37,963409,673,5,109535,12110930,1430,3,2,9.4,1265656,5.1,15.2,43695,113174,72430,0
44,881458,585,4,179872,12620615,1186,3,3,7.2,2579382,7.5,16.2,41589,88008,62622,0
49,595719,583,2,180047,9166722,884,2,2,1.0,2908671,8.0,22.2,12549,119542,56789,1
35,879703,663,4,406755,8842102,1032,3,3,4.8,2596343,5.5,12.9,16463,102104,25780,1
54,933054,669,2,315185,4632615,843,2,2,25.4,1672601,5.1,27.5,26964,63084,39666,1
42,1581703,748,5,377007,7052949,1117,3,2,7.1,368268,3.7,14.8,67169,45053,46774,1
60,809801,712,5,147683,11502112,1413,3,2,16.3,3023347,6.5,34.6,28738,167184,51960,1
51,454144,704,3,177017,10315848,983,2,2,2.6,683811,6.6,23.5,32743,89185,44015,0
38,545166,616,5,148504,16874817,1424,2,1,3.3,5712067,9.9,11.9,12583,177224,85802,1
40,570390,696,4,306322,11601354,1522,4,4,2.5,1723516,4.1,11.2,27422,104209,85961,0
60,655595,614,6,70406,12428392,1242,2,2,11.0,1349990,5.8,35.2,25884,110415,34264,0
56,733142,689,5,325553,11251667,1464,4,4,1.0,3479029,5.2,29.5,20251,144740,52433,0
23,1456714,850,4,698751,9823142,1441,3,2,10.3,3084999,4.6,0.0,42069,59123,81786,1
63,1233185,706,3,285123,13109373,1118,3,2,3.8,4297278,9.6,39.7,53694,141316,50141,1
38,2694419,729,5,53392,12173386,1286,1,2,2.3,2048118,7.7,12.2,104279,122895,60751,1
60,2600132,718,4,492004,11333865,1449,4,3,14.6,1206760,6.4,33.1,92081,144777,52468,1
47,511131,696,4,60318,12691022,1305,3,2,4.7,3936280,6.7,24.2,13894,183232,69910,0
64,992129,810,2,254728,9236268,779,1,1,3.1,1410719,8.8,38.2,37448,120658,22227,1
65,743278,725,5,156452,8199410,1599,4,3,13.5,2411695,3.8,35.1,11911,70003,57185,1
60,601220,622,3,170884,8275163,1039,3,2,4.4,2274546,6.1,30.0,36659,96882,34044,0
44,1005004,722,3,301407,7453317,926,2,2,14.2,416810,4.7,19.6,28470,87728,28695,1
57,798773,800,4,207228,11929733,1308,3,2,20.5,3310849,6.4,32.3,45293,180935,45684,0
24,706158,706,3,103590,9519131,1457,3,2,12.1,3127651,4.0,0.0,35022,67470,85116,1
34,844365,694,1,88836,6989931,645,1,1,5.7,1968971,5.9,14.3,49767,98010,21157,1
33,757885,737,4,144381,8829099,1371,2,2,1.7,2799840,6.0,7.5,18073,125359,31145,1
23,649902,691,2,185193,3939577,602,1,1,5.3,1238323,4.5,0.0,32881,40404,18978,1
39,831136,687,1,184570,3821562,525,1,1,7.9,346558,6.4,9.3,48994,60325,17771,1
64,662476,624,4,210555,13556905,1196,3,3,2.0,2617052,7.9,39.2,20002,125453,42026,0
48,767984,702,4,82690,10344473,1167,3,2,30.0,3060045,5.4,18.4,44062,78763,49582,1
36,700045,701,3,119342,10703301,888,1,1,7.9,710126,9.6,8.3,33663,124189,25732,0
35,1507243,666,3,123921,6668150,910,2,1,10.2,1736398,5.3,9.4,62083,86149,58303,1
23,2174199,719,3,72710,11891564,1394,3,3,2.8,3886927,5.3,0.0,87566,100366,43986,1
37,594300,776,2,175842,4588208,838,2,1,10.4,1396516,3.1,11.5,23863,31184,43310,1
42,1261351,701,3,521223,11303175,1134,3,3,11.3,3216433,8.5,20.1,40115,137753,54146,0
29,1399487,647,4,607587,8453627,834,1,1,1.0,3000456,7.1,4.1,78934,125231,48242,0
28,1246088,712,4,671930,9833641,907,2,2,17.1,1589533,7.4,3.7,41798,112557,45945,0
49,731618,692,3,226217,7904322,857,2,2,8.3,842616,8.9,27.8,23447,113809,52322,1
54,683972,686,2,157425,6947670,755,2,2,7.3,352200,6.8,30.8,49412,100299,38531,0
59,618236,700,4,136750,10681788,1184,2,2,1.9,3310163,7.7,33.1,10000,152110,44198,1
30,678139,727,3,71642,9016034,1037,2,2,13.4,2195717,5.3,5.4,17399,128242,33591,1
57,1090264,735,2,219352,11078640,1011,1,1,6.4,3296893,8.2,26.0,56237,72176,57227,1
60,1284706,605,1,294557,7487297,712,2,2,3.6,1908584,8.3,38.2,35344,99848,38914,1
35,972975,651,4,444158,9213743,951,2,2,8.4,2559189,7.8,5.7,42247,147312,29258,0
47,1093573,749,3,221268,5379600,840,2,1,4.8,570129,4.6,21.0,48762,85206,45097,1
32,666241,727,5,274034,12778764,1253,3,3,10.5,1554490,7.2,7.9,32724,161381,75849,0
31,725440,610,3,72687,8297718,777,1,1,19.3,1701705,7.8,6.9,32034,115938,38802,0
55,817597,689,4,169407,11067200,1324,3,2,4.2,657398,4.2,33.5,33285,119812,73966,0
55,768166,769,4,60929,5156346,844,2,2,7.0,811948,5.3,29.8,22891,57196,16972,1
59,885782,725,4,6851,11299091,1274,3,1,14.4,3063119,6.4,37.4,14201,131232,55014,1
38,1010905,739,3,105517,5556592,650,2,1,4.5,1549521,7.8,14.1,32197,50391,41983,1
29,945074,717,4,392492,15911316,1543,4,3,6.9,2286442,7.7,3.3,43828,141500,40560,0
44,1263917,691,3,192843,4589385,913,2,2,8.6,1241207,2.9,17.2,25473,68403,25544,1
24,983045,704,5,197743,17594357,1688,4,3,8.8,2673319,9.7,0.0,48635,224593,36646,0
45,889643,712,4,254554,11700934,1411,4,3,24.1,1657470,6.7,19.0,17689,116172,63786,1
27,398348,660,3,68916,4158488,620,2,2,3.4,1011911,2.8,4.5,13708,62351,29201,0
46,780201,683,2,123783,7620474,757,1,1,7.5,1148317,7.8,18.6,41209,78167,44761,0
37,853792,698,2,296757,10312273,1006,1,1,11.0,2966044,9.4,11.5,41426,80023,22895,0
27,813762,715,3,193002,4738981,886,3,3,8.7,1582726,4.6,0.0,35923,62187,49554,1
36,1400816,678,3,0,10867916,1112,1,1,10.9,2344198,5.9,5.5,48654,67890,55600,1
56,482856,774,3,216188,11425968,1101,4,3,13.7,2628244,7.4,31.1,10000,145239,54204,1
44,515747,697,6,36312,15146095,1351,2,1,3.6,4447073,8.9,23.8,23408,241959,46988,0
64,1921953,773,4,392216,11814796,1041,1,1,8.3,2242847,7.4,37.7,83413,160388,42574,1
44,257975,722,4,116257,8294869,1247,2,1,5.2,1284991,4.9,18.9,10000,111218,71017,0
62,1049823,742,4,101744,10884180,1156,3,3,14.6,1623817,6.3,34.5,28558,107882,47474,1
58,839474,661,4,182804,10833574,1202,3,2,9.6,3460427,7.2,30.9,42004,74412,71496,1
49,633689,700,4,124329,6465310,1027,1,1,5.1,2096742,5.4,22.1,21642,39712,51538,1
55,658103,630,4,169132,13352539,1377,3,3,29.5,3794255,6.1,31.1,50330,144982,32289,0
54,1141639,781,5,453923,11329784,1392,3,1,9.6,1829396,6.5,32.4,50218,150927,51963,0
50,421372,707,6,38844,19807325,1693,4,3,27.7,1481926,7.0,23.8,19002,172101,95506,0
27,818571,731,2,205743,9269669,789,2,2,6.5,2449938,8.3,0.0,13412,78227,21893,1
34,966493,638,4,210715,8216190,1298,2,2,12.0,831982,4.7,10.3,47928,110148,70931,1
46,490914,669,4,200256,9711929,1251,3,3,2.1,2332751,5.5,25.6,11196,149193,29778,1
38,424353,719,4,120731,10771281,1184,2,2,5.1,1499056,7.8,11.5,14713,158689,69535,0
29,971784,723,4,105262,10266189,1449,5,3,3.6,2254968,5.5,0.0,31318,124266,63486,1
58,620980,803,5,24375,5645167,1158,4,3,5.8,914677,3.9,37.1,33647,42978,73268,1
43,770859,702,3,222762,8605936,910,2,1,2.2,2099736,7.6,13.4,47293,74543,27383,0
44,820975,718,4,286317,12884473,1393,3,3,4.3,1489675,6.4,23.8,21505,181359,54917,0
41,1173064,757,3,270650,12248839,1236,3,3,2.0,2734328,7.7,17.4,45712,95880,73488,0
35,963261,659,5,141448,7751960,1118,3,3,1.8,2291567,5.0,9.7,32138,118660,64437,1
27,1046761,767,2,398447,5928408,1062,2,3,4.9,1494607,3.2,7.2,40560,37273,54350,1
63,978286,753,5,391617,13122790,1549,4,3,26.6,770077,6.8,40.0,26937,180298,94038,0
39,764998,766,3,270253,4005763,858,2,1,26.0,546059,2.7,12.2,12675,36863,31342,1
41,598316,625,5,202487,15431592,1349,3,2,18.7,1336757,7.9,12.4,14181,139780,83586,0
39,663747,658,4,0,8892655,929,1,1,11.9,1903467,7.2,7.2,30828,133934,41744,0
42,1325221,653,5,561266,13348069,1625,3,3,5.6,2048944,7.9,20.7,44574,110416,52135,0
55,611739,670,5,146660,9465083,1440,4,3,20.0,2777390,5.7,29.7,16524,80242,43923,0
29,578327,624,4,250961,10174021,1229,4,4,6.2,1371042,5.6,1.7,10000,128448,63562,0
40,1174143,743,3,253900,7385247,968,2,1,5.5,981327,5.3,18.6,47209,48417,55941,1
23,808482,732,3,104047,4680861,944,2,2,35.0,1158701,4.7,0.0,38340,69011,53998,1
52,1661001,770,3,540215,6950050,845,3,2,11.6,520836,5.5,33.9,62393,90853,33232,1
55,887410,664,2,215225,10420124,938,2,2,4.5,3133483,8.8,33.5,36714,91536,37445,1
63,1204787,725,3,291557,9812020,993,3,2,11.9,3085276,6.7,36.2,31482,135028,32597,1
53,847852,737,2,358011,4704114,681,2,2,4.0,618621,6.0,22.8,13504,74326,41158,1
42,1082201,675,3,0,5050202,580,1,2,7.5,1508106,8.6,11.7,35069,57267,32899,1
28,1179447,697,4,536422,9183940,945,2,2,3.1,840123,7.2,0.0,24715,64194,59801,0
52,760194,671,3,299293,9927267,849,1,2,10.6,1025728,8.8,26.2,31864,60115,23429,0
48,1920847,685,2,346782,10163262,1084,4,3,14.9,790195,6.0,18.1,94509,110344,30870,1
55,826543,631,1,143063,5259240,551,2,1,6.6,857072,6.9,30.6,25520,66065,31881,1
56,1294150,611,4,205835,9353291,1141,2,2,24.0,2281236,6.2,28.6,67565,84425,55377,0
55,577727,656,2,275722,8493340,926,2,2,23.2,2223865,5.4,25.1,10103,132838,58318,1
65,648546,701,3,154049,8008257,931,1,1,27.9,2561886,5.8,40.0,33291,71898,31660,1
23,888032,649,2,184618,3193200,664,1,1,8.3,280917,3.8,0.0,36417,35928,40428,1
26,1183860,689,3,341337,6150504,943,3,3,1.3,439469,5.5,3.9,65172,57713,28802,0
57,1144015,785,5,267554,17549861,1464,3,2,7.2,1111036,5.8,32.5,42848,156696,54566,0
39,812749,741,4,286573,6808322,775,2,1,4.9,1235122,6.4,15.9,27781,98745,36864,0
61,987269,563,3,429040,6512230,924,2,2,15.1,1836050,4.3,34.3,19239,53533,31734,1
32,956631,740,4,114597,7468657,1040,2,3,4.8,773890,6.2,11.6,48549,69879,63820,0
29,1654685,686,4,313120,13160508,1455,3,3,19.1,4167732,7.6,0.9,44164,155858,48143,1
50,1258039,730,5,275692,13417332,1224,2,2,12.4,4458662,8.1,29.2,42592,188194,63390,1
47,487400,653,3,103925,13269315,1178,3,3,13.2,4210206,9.4,30.0,10000,98086,42964,0
61,1385377,735,3,381203,8511379,835,2,2,6.9,1407536,8.1,32.4,50327,87873,36720,1
42,580789,707,4,119998,9748288,1119,1,2,8.3,1217981,7.0,19.3,10000,68856,27148,0
44,816425,786,5,65931,12077436,1692,4,3,16.9,2628499,6.7,18.1,17209,181089,51012,1
24,669007,680,2,80178,5336398,527,1,1,1.3,392103,7.5,1.2,37740,64807,18867,0
63,1057853,700,3,401457,8626300,1247,2,2,10.3,729645,5.1,40.0,55132,115438,40224,0
60,1345120,805,4,263167,9518849,1218,3,3,17.2,824709,5.4,39.3,39688,110450,55037,1
64,1099728,710,5,157660,16432444,1380,3,2,14.0,5505053,8.7,35.4,30550,168086,64932,1
52,818561,624,4,317796,10030178,1422,3,2,5.9,2269104,5.7,31.1,25122,145372,52042,0
30,830925,569,4,201984,10586600,1060,3,4,16.1,3426347,5.5,9.8,47443,149542,33908,0
41,539036,701,2,13078,7954266,1092,2,2,8.0,1514428,5.2,17.3,15571,69777,53128,1
62,827986,692,4,117373,11051134,1099,3,2,8.1,2385437,5.7,34.2,35703,156920,42901,1
55,951965,691,4,374309,9833724,1271,3,3,15.4,863184,6.0,27.3,43675,152795,27223,0
48,666428,688,5,111127,11812650,1118,2,2,6.9,3195162,7.7,17.7,26136,135577,37166,1
26,852919,757,3,443478,6507484,951,2,2,20.0,1230010,4.6,0.0,48820,46453,35164,0
24,628920,657,5,33898,10802929,1344,3,3,4.4,1732574,6.7,2.0,19719,98306,71570,1
41,1781911,725,5,703896,13387922,1794,4,3,5.7,1884270,7.8,15.6,42109,113883,99118,1
24,2949730,683,4,1438105,13094718,1421,3,3,20.1,965938,6.6,0.0,89873,112175,78298,0
50,1001682,730,4,104015,15229825,1255,2,2,5.9,2490087,6.8,24.5,43098,95018,77626,0
38,773095,635,4,165463,6830793,851,3,2,11.5,597740,5.3,19.4,25156,53869,18257,0
41,1687350,652,4,313483,9258096,1170,3,3,5.9,711029,6.2,23.1,50049,84430,45200,1
30,979073,729,1,181914,8705252,956,2,2,17.7,816438,5.8,7.2,35735,58410,40535,1
29,1634967,564,4,698244,8580309,929,2,1,15.7,1680566,6.3,10.6,61604,51612,29842,1
44,689892,778,4,239499,7380919,963,2,1,10.9,1292022,5.5,11.4,34259,44680,43511,0
64,1006325,770,4,215239,9952816,1148,3,2,8.0,734227,7.5,40.0,36733,73844,40464,0
56,1501421,686,3,315016,9910627,1067,2,1,4.0,3136176,4.5,38.6,82120,140689,29052,1
65,936595,735,3,386829,8015937,1055,1,1,14.5,1912138,6.8,38.3,42112,99915,40531,1
23,509690,772,4,0,6000452,1308,3,2,10.7,1011012,4.7,0.0,10881,71218,55470,1
60,910152,759,4,113082,5709791,1215,2,2,7.5,1571547,3.0,31.3,16366,59609,53113,1
62,268202,667,2,172732,4201207,643,1,1,21.2,1209673,4.9,36.4,25574,54214,36859,0
28,682071,757,3,269250,7599013,1008,2,2,11.3,1988553,5.0,9.6,35552,70656,46873,0
51,887624,653,1,176674,6152554,597,2,2,7.0,1895604,7.6,30.8,21608,46313,33234,1
33,876642,665,4,155671,13943607,1551,3,2,34.3,2745878,6.3,4.6,32899,107335,62226,0
31,516715,668,5,109876,12746778,1465,3,4,7.3,2384911,6.6,3.6,10000,118821,67103,1
52,477032,816,3,158304,3720749,626,1,1,21.2,1088037,4.4,30.3,21576,48512,21557,0
46,795994,795,4,0,12060927,1325,4,3,14.4,1907493,8.3,21.1,51412,172882,62924,0
34,802600,603,5,211269,12703306,1485,4,4,7.1,4154399,6.9,12.9,46111,86159,87571,0
55,462355,748,5,37946,12859556,1523,4,3,18.6,4351859,6.1,30.3,14783,121732,42608,0
38,1579990,684,6,66362,11322574,1972,4,3,16.2,3454434,5.2,16.5,73731,132126,94982,1
41,492453,763,5,21995,16231231,1649,4,2,4.9,2822804,6.2,20.8,14473,221125,98641,1
45,510725,717,5,204185,9183446,913,1,1,3.2,3193115,6.6,26.2,23030,122520,56666,0
24,872939,780,3,197853,8897294,1282,3,2,3.4,2016841,5.2,0.0,27122,95966,69515,1
60,681547,743,5,127395,9376931,937,2,2,3.1,2229065,8.2,35.4,11029,97630,29620,1
34,742507,668,4,241687,5417310,736,1,1,1.3,909258,6.5,11.5,35771,62206,32531,0
51,1047483,720,5,338322,15205960,1700,4,3,4.8,1050105,6.8,22.4,48761,120471,55742,0
64,1198736,671,5,258372,8498668,1313,3,2,9.7,2330105,4.9,36.8,36971,108642,43159,1
60,745813,774,2,314221,3744544,450,1,2,5.5,1102501,4.6,33.6,37775,54042,23933,1
37,1698934,730,5,197920,7318792,1394,2,1,1.1,629017,2.5,19.4,57291,56055,29161,1
45,649943,830,4,295080,9088741,1138,3,2,12.1,1008395,8.1,19.0,25124,75821,34458,0
63,766349,850,4,341934,14192477,1426,3,3,2.8,1533740,7.9,39.1,56589,224055,47949,0
31,766342,812,5,50002,6116840,1404,4,3,8.1,1332412,4.4,5.2,48954,74474,30452,1
56,1054002,709,4,468572,8461962,1057,3,3,15.9,2591003,5.7,34.0,34034,97270,51268,1
63,1345124,749,2,527207,11770252,1181,3,2,10.7,753954,8.0,35.0,38676,143936,53407,0
55,571351,711,5,50661,12067179,1499,3,2,10.4,2913482,6.7,32.6,13708,87051,50736,1
29,989336,608,4,42562,12092040,1210,2,2,19.1,1193696,7.4,7.7,25917,104144,38379,1
59,2440482,729,5,649078,14589344,1258,3,2,11.3,2087519,8.6,30.0,115581,114938,28817,1
28,792862,696,2,341996,8573464,853,2,1,11.5,2152939,5.4,1.5,23761,115626,23299,1
51,543758,703,4,185613,13146012,1095,3,2,7.1,1939291,9.5,28.3,26469,109953,32815,0
62,960812,702,1,394158,3985723,786,1,1,4.8,648321,4.5,40.0,50384,36503,40789,1
44,994328,829,5,191750,9052960,1208,2,1,9.3,2511543,5.0,15.2,59506,102748,30182,1
33,2045364,602,4,756029,10077566,1485,4,2,4.2,702664,5.8,10.3,49516,72042,90129,1
26,754358,763,4,193878,5273932,955,3,2,1.0,1502860,3.6,0.8,16102,48925,38579,1
50,1230009,648,3,120660,10900971,1269,2,3,14.0,2506217,4.4,26.5,53913,103271,39274,1
39,724932,708,3,250935,7394035,1471,3,3,10.9,2360144,1.0,13.3,22275,111621,84012,1
25,718166,721,2,52970,4708335,662,2,3,18.2,1430448,4.4,3.1,18523,50228,27842,1
34,670827,669,4,410273,11769028,1193,3,3,8.4,1477454,6.6,4.2,26228,81933,73724,0
55,493754,701,4,237903,9938914,1272,3,2,2.4,2817129,7.8,29.2,20721,115874,61012,0
60,640875,637,5,37885,13761461,1544,4,4,1.2,2492063,5.9,32.6,29962,161152,61104,0
31,969885,707,5,291519,10145793,1427,3,2,4.1,876074,6.8,8.3,44566,94751,39706,0
38,587025,791,6,170370,16350474,1741,4,3,4.3,1643006,5.4,8.8,31097,120171,78722,0
37,688491,659,5,293948,17536699,1575,3,3,9.8,1891752,9.8,12.0,21573,214373,55059,0
50,1278892,695,4,298476,7558770,954,2,1,3.4,1664822,7.1,21.4,35088,83477,35484,1
58,736174,670,3,154809,10075384,952,2,2,3.4,3162401,7.1,35.7,35291,157198,25044,1
50,992337,751,5,298993,15954167,1524,4,3,9.4,3212169,7.9,16.6,34873,223407,37724,0
52,1313384,656,3,451016,8098575,1121,2,2,9.6,1907855,5.8,19.5,46096,118740,38670,1
50,598721,765,3,171831,9757175,1012,3,2,9.3,2596146,7.8,20.4,26021,59640,52728,0
38,602392,692,3,356545,8163693,1131,2,1,16.1,1680083,6.1,16.2,35354,56194,64445,0
60,524749,730,5,62224,9668033,1101,2,1,17.4,1657496,6.6,31.5,13745,66137,29671,1
48,410633,631,5,15792,19100792,1452,3,3,9.1,2794182,9.5,23.9,18226,272513,56651,0
36,739899,691,3,149224,11228788,1110,2,2,6.7,3022991,7.0,9.9,26732,148427,28223,0
52,709344,649,2,104858,8369634,1005,2,1,17.2,2908813,5.6,28.8,32157,90862,61385,1
52,1400166,728,3,505741,10410735,1061,3,3,12.5,2134381,7.5,23.8,70301,74718,61303,0
59,562911,712,5,271885,14236104,1184,3,2,17.4,3299655,8.1,37.2,23263,164001,58040,0
59,757021,706,4,57708,17312494,1554,4,3,2.3,5259369,8.4,31.9,15149,196697,94872,1
53,1099555,751,4,290059,12772064,1416,3,2,7.8,3186748,4.6,28.4,60746,182000,85269,0
40,1104451,613,1,71458,10014186,941,3,2,3.6,2921880,8.3,15.3,51275,81393,36489,1
23,823629,747,2,275539,6122416,702,1,2,18.6,1353430,6.8,0.0,26493,39184,30447,0
30,1751532,681,2,189804,5173634,591,1,1,13.9,728616,5.2,5.7,87782,69895,12371,1
45,610117,652,5,0,11040238,1174,2,2,8.1,3120243,7.2,22.0,30194,175885,40576,0
42,1914475,767,4,204939,10533115,1300,3,2,5.4,1797742,5.9,15.6,47411,122875,83434,1
55,514793,766,4,109638,6219339,769,2,2,11.4,2098778,5.6,32.9,18653,49152,37052,1
39,1043770,745,5,248349,12721036,1578,4,3,7.4,1130373,4.3,14.7,51449,181728,54755,0
33,1440925,721,3,526633,10902945,1178,3,2,27.8,3530586,6.3,7.5,24426,131552,25080,1
53,848453,756,2,187391,6783345,862,1,1,20.8,1797679,4.2,31.0,43292,101840,36559,1
45,813135,804,3,314372,6707183,774,2,2,8.1,1158932,6.0,21.6,24652,101486,36763,0
37,1396117,717,4,381978,10586047,1150,2,2,6.7,2357681,4.9,14.3,80495,80066,63009,0
45,1492210,789,1,204624,3283279,450,2,3,12.1,579175,5.1,21.0,86183,40263,15754,1
45,1056768,718,5,75786,13633484,1195,2,1,26.7,4786269,9.8,18.2,27473,195869,49852,1
40,498074,635,3,81638,5569679,809,3,3,12.0,820728,5.8,10.4,10000,41056,22935,0
54,504001,677,6,29082,21350922,1614,3,3,3.6,7130981,9.4,32.4,12668,257904,45862,1
23,961336,643,5,178951,13972503,1404,2,1,12.5,2591029,5.7,2.6,34007,216894,40871,0
64,1402901,770,2,392247,10081499,1142,3,3,1.1,753355,7.1,37.4,44929,107134,32612,1
33,1142435,716,4,335435,15925649,1462,3,2,2.1,4636283,7.9,8.2,44759,183473,44444,1
40,594804,649,3,252892,3327411,934,2,2,2.9,789388,2.0,14.0,23018,28464,53555,1
24,708593,708,6,373163,16665614,1654,4,4,22.5,2863305,7.3,0.0,39999,163284,44270,0
44,1319597,756,3,84995,9956612,1203,3,3,24.4,3150591,6.3,22.5,52320,149964,67035,1
40,1122037,730,4,173660,12256393,1195,4,4,8.9,2934081,6.3,11.4,16638,193622,39691,1
47,629729,683,3,102375,6295374,864,2,2,1.0,622225,5.9,21.0,12192,72017,53959,1
25,612871,726,4,53191,10629285,1157,2,3,4.9,2351079,6.7,0.7,13206,79911,69082,1
59,570789,664,3,247602,8517790,1376,2,2,19.5,2514660,2.6,30.6,21881,58839,58188,0
26,985008,742,2,327378,7909563,767,2,2,5.2,2433886,9.0,0.0,39383,62666,15944,1
25,1412345,803,3,452786,8042359,1008,2,1,4.2,798343,5.4,0.0,55247,112665,33052,1
61,1036264,785,6,389234,10173179,1400,3,2,3.7,3059374,5.7,37.5,33485,120283,40936,1
60,526034,739,3,153513,10454298,981,2,1,21.8,3405550,8.6,32.0,13311,110873,59599,0
39,891492,723,6,147760,5641623,1162,3,2,8.8,426969,4.0,12.6,50563,85665,44309,0
29,976415,579,5,411282,9556601,1363,3,4,6.4,2936533,6.5,4.9,46810,110052,81601,0
29,706641,724,2,368241,7834660,900,2,2,1.5,1047807,7.5,7.3,35515,108206,39296,0
32,631542,758,2,169544,12646262,1014,3,2,10.3,3846231,9.1,10.8,27507,174458,47954,0
63,1235998,712,4,76855,8641810,1100,3,3,2.8,3114061,4.2,37.3,85605,109835,65160,1
35,810383,708,5,170311,13751899,1259,4,4,2.1,3674950,9.2,8.3,10000,84451,45474,1
24,1566722,751,3,82908,13140114,1344,2,2,3.5,1588375,9.1,6.4,40896,99652,27573,1
46,704791,728,2,219516,4173765,606,2,3,7.0,800790,4.7,15.8,21062,53154,22320,1
33,1435386,760,5,588150,8748950,1544,4,3,3.7,2297498,2.9,7.4,67094,119550,48426,0
46,781696,780,5,105777,8539522,1347,3,3,6.7,971364,6.8,21.9,43470,116977,69391,0
48,966577,677,3,229926,8658574,854,2,2,13.9,2495088,8.2,24.5,42809,131192,40661,1
47,851642,659,3,64398,12090623,1130,2,2,16.5,1037729,8.7,29.7,21368,145705,54279,0
49,1403012,710,4,303998,14437473,1333,3,3,10.9,3642034,8.4,23.6,75005,187709,57799,1
54,619752,681,4,42233,8204875,1156,3,3,8.0,1348553,6.7,32.9,18999,58271,35724,1
37,1435990,657,5,708909,8529627,1233,3,3,4.0,1749570,7.3,10.4,56277,71636,63048,0
38,724291,830,6,319637,14869379,1568,4,3,8.0,2410416,8.2,16.9,32325,180641,97896,0
40,541420,790,5,277400,11948089,1254,3,3,15.5,4101576,8.6,18.9,16330,123031,49454,1
52,971814,753,4,307109,9746910,1558,4,4,12.6,3208305,4.4,26.9,68785,142742,63769,0
64,925178,764,5,340486,9961573,1335,2,1,11.6,3149295,4.5,40.0,59910,72856,51009,1
25,576572,635,5,273137,17263899,1422,3,2,10.6,3478667,7.4,6.5,23647,171850,37605,0
27,1493980,749,3,470035,7506951,833,2,2,6.1,2404534,6.3,2.4,88258,115753,24841,1
52,1032537,783,5,56730,13129198,1340,3,3,4.6,807924,7.3,28.9,22314,151345,78269,1
56,1932267,719,3,629753,8870804,1015,2,3,7.0,1198019,5.1,24.8,61978,53345,34771,1
28,621277,687,3,228687,10480615,972,1,2,8.3,912812,6.4,1.8,17372,72622,44375,0
34,1748051,738,3,838117,9552615,1069,3,2,8.5,1661392,6.9,6.7,44375,112416,45772,1
31,764948,638,4,349402,9041127,1395,3,2,3.9,2038615,4.6,8.8,38607,64516,63868,0
56,1420152,636,1,617297,6499483,570,1,1,2.2,327292,9.5,28.9,47195,95317,11857,0
26,884678,783,2,297771,8179448,899,2,1,12.1,2129923,5.2,3.0,51013,74600,57551,0
56,3000000,672,5,363423,10851174,1508,3,3,14.3,1351370,5.7,29.5,140000,156402,96255,1
61,1133621,747,6,317218,14594881,1786,4,3,4.8,1040482,5.8,32.8,67413,88172,80693,0
37,629741,686,3,182572,11432566,905,2,2,12.7,1178922,10.0,17.2,16123,178851,22873,0
26,623702,807,3,216892,7692316,848,1,1,9.0,2682037,4.4,7.1,10000,72474,21438,1
37,841731,596,5,230620,9069107,947,2,2,8.9,1387439,6.1,19.8,11532,136622,32890,0
54,1315384,758,4,128234,8145400,826,1,1,1.6,1499197,7.1,28.8,27956,104390,25026,1
33,734544,675,5,0,12777584,1342,3,2,5.7,965026,6.5,10.2,49751,180401,30756,0
34,432489,800,3,194864,6941229,802,1,2,13.8,2158786,4.8,3.7,10000,51655,52000,1
31,876701,685,4,164011,11107072,1117,3,3,7.0,1202608,6.4,1.1,15760,151050,36412,0
64,1613721,719,4,151115,8688779,1231,3,2,19.3,698469,3.8,40.0,55454,64652,77795,1
51,697811,717,4,259854,10189378,1081,3,2,14.6,1557063,7.3,29.2,21473,89019,34365,0
39,1098334,634,1,311925,3787294,795,1,2,9.0,829609,1.7,19.2,46120,36118,41424,1
25,815999,725,4,224643,11546816,1106,3,3,16.9,2552739,5.9,9.3,26831,151660,69938,0
33,2230517,687,2,165276,5921512,895,2,1,7.7,1513517,3.8,9.8,50589,52718,22707,1
56,778844,751,3,44315,8608189,935,2,2,5.0,1115738,7.8,36.7,43078,109815,48785,1
43,712924,640,5,280922,19603030,1545,4,4,8.2,4679538,10.0,21.9,34158,235746,62060,0
61,1188189,663,5,47055,10970500,1300,3,2,6.3,2347277,6.7,37.6,47381,72383,46190,1
45,1623669,676,2,794319,7984012,973,2,1,20.1,1299110,7.6,18.0,84591,79120,41766,1
39,750271,691,5,70195,15989771,1611,4,3,20.4,2711766,6.6,18.6,54067,215350,48248,0
55,484909,754,2,76962,9907849,1092,3,3,8.2,3303523,7.1,33.9,33360,146147,24173,1
36,793355,687,2,159539,7615629,1078,3,3,8.4,1441712,5.8,7.4,29020,59841,39120,1
31,846017,750,4,265838,10998123,1272,2,2,5.4,3205787,5.8,7.6,29965,140407,41296,0
56,811887,753,4,348621,7542471,1336,4,3,9.9,1000057,4.7,36.2,47612,72081,63971,0
43,875767,747,2,387452,11390741,994,3,3,8.5,1189896,8.7,21.6,37341,127638,41226,0
49,916714,673,4,229825,11565156,1350,4,4,12.3,2917191,4.5,28.1,51339,184344,50766,0
62,764546,742,5,73591,8859267,881,2,2,13.1,686266,5.7,34.9,44348,71306,48788,0
52,566455,759,3,49893,9004551,1335,3,3,3.9,829133,4.3,25.4,33314,111912,58060,0
61,911344,707,1,89365,6747741,623,2,1,26.7,322396,8.2,39.4,38523,93771,20387,0
39,1537545,681,1,571323,8017784,969,2,1,4.1,2024106,6.2,14.5,65953,51500,58234,1
41,975612,667,4,200670,9504236,1157,2,2,9.6,1435185,4.9,15.6,51386,148607,50783,0
60,835492,641,3,29160,7409292,998,3,2,1.0,2635945,6.3,35.7,36879,92612,39046,1
59,1726653,753,2,761514,8246821,855,1,1,10.4,331237,8.4,35.1,102322,81839,24802,0
55,379309,684,4,53292,7515813,1125,2,1,11.4,2126956,4.9,28.2,10000,51709,59466,1
57,375678,673,5,206692,10761042,1178,3,3,16.1,720054,6.3,30.4,25677,149649,41455,0
35,703248,627,5,209577,11949414,1435,3,2,4.1,3023996,5.1,10.9,32220,149576,80754,0
28,565359,810,4,34057,12481464,1128,2,2,1.7,3886573,9.3,6.8,24953,168260,39984,1
28,950364,810,1,332603,3463156,495,1,2,5.4,535127,5.6,0.0,21498,32471,10000,1
41,460710,683,2,17379,10786628,1200,3,3,8.5,1048739,6.6,17.6,12960,131282,34830,0
27,1501829,676,4,611415,16726164,1400,1,1,8.5,3013594,8.4,0.2,76288,226296,67685,0
38,1517084,690,5,405679,12487951,1074,3,3,3.8,1437950,9.5,16.1,45489,97758,37517,0
51,881107,635,4,355131,6516084,1125,2,1,1.0,1554094,3.8,27.1,40108,46484,53253,0
36,650537,623,6,333416,13695129,1583,4,3,10.4,3081382,7.3,15.2,11612,187388,43312,0
44,1247995,741,5,303148,12420657,1328,4,4,10.9,3491226,6.2,20.8,34668,76314,43501,1
58,1036474,700,3,469223,6963673,1135,3,2,4.0,1931693,3.9,35.8,55161,79038,29658,0
48,1028792,770,5,168848,12608423,1284,2,1,3.1,4007549,8.7,25.5,20698,131586,42506,1
56,1098776,637,3,428101,9596638,1007,2,2,11.5,2503559,7.8,26.5,23037,143112,62794,1
54,911664,657,5,460178,12149295,1023,3,3,3.5,2444339,8.1,30.5,32697,168972,29968,0
62,1184091,738,3,399710,9674113,850,2,2,10.5,2020797,7.8,37.0,36005,77181,47320,1
61,1212483,628,4,326778,13655910,1188,2,2,16.5,1707815,7.4,40.0,36060,193409,74663,0
63,403778,703,4,172369,15101262,1305,2,1,8.9,1414287,7.8,40.0,15508,215230,32616,0
26,1031422,739,4,528404,9233383,1317,2,2,4.9,1086662,4.6,0.0,25165,69747,73795,0
34,1198413,686,5,561764,13814968,1322,3,2,18.2,2005115,7.5,9.2,35990,157138,51322,0
35,753832,668,3,166751,8701443,1055,2,1,12.4,3026456,5.6,7.2,10000,129324,22681,1
42,501201,620,5,87695,12936742,1770,5,4,2.0,3735376,6.5,18.4,20909,102663,48094,0
29,1267643,756,5,451615,13349828,1661,4,3,1.4,3343622,6.8,2.4,42949,209144,106290,0
53,1272506,641,4,78193,11027123,1080,3,2,13.3,1683679,7.4,34.7,45441,153804,36753,0
53,661867,691,3,179778,10483676,1200,3,2,4.5,2131847,8.7,27.9,42186,63516,40851,0
47,1071738,831,3,353661,10607398,1227,3,3,6.0,2373118,5.7,21.8,27588,101885,77104,0
61,1932952,705,2,114191,6756309,950,3,2,8.3,1239922,5.1,32.1,64232,90237,52756,1
27,1882829,673,5,308018,11824576,1323,4,3,4.9,1781250,6.3,3.7,68721,79919,66181,1
47,602455,685,5,107679,13267582,1431,4,4,13.4,2004655,4.5,24.4,16733,94297,92616,0
25,1035010,664,5,218274,10303778,1138,3,3,12.5,1279519,6.8,2.4,25939,63811,65339,1
56,927560,701,4,269873,15083409,1397,2,2,18.4,1264357,7.6,32.0,44792,121215,67462,0
54,1160065,689,4,474711,12027011,1548,4,3,8.5,3164582,6.6,27.9,50213,168343,35327,1
45,1158512,696,3,270294,7453644,947,3,2,6.2,2486434,5.9,25.4,26197,69309,54942,1
31,546797,655,1,270190,4387497,583,1,1,11.6,480387,4.8,1.3,25167,61623,15479,0
65,1141681,736,3,568361,10234994,960,1,1,6.3,1325689,9.6,36.2,29319,90520,62195,0
54,748343,635,4,289438,10685271,1084,2,2,3.7,754628,8.0,25.1,26829,112469,38385,0
48,889703,705,5,321621,7954162,1025,2,2,4.0,897757,6.3,24.3,22432,99119,28378,0
46,969668,772,2,241439,7011369,903,2,2,5.1,1427575,6.3,18.0,50422,73203,45234,1
25,663895,719,4,34724,13028736,1358,4,3,13.4,1892123,6.4,0.6,16954,172333,28735,1
31,1576602,607,4,591970,13399312,1497,3,3,8.0,1009602,5.1,4.4,50410,166043,75613,0
41,544604,734,5,36157,12018241,1077,2,2,5.2,2973010,8.2,13.9,13981,125953,63828,1
25,1327871,735,4,434045,12979310,1545,2,3,8.4,1843764,5.5,1.4,66122,165822,74696,0
27,270997,761,5,0,8659918,1037,2,1,9.9,685072,4.9,0.0,13133,107888,40713,0
61,895070,734,2,215229,5277975,649,1,1,2.8,1753444,7.5,38.0,32066,57074,15688,1
24,1442061,616,3,74012,8749998,918,4,3,8.5,1498444,7.2,0.0,69513,126707,31467,1
28,420136,735,6,175632,14892350,1665,5,4,6.4,2100818,6.8,3.1,26505,145047,98780,0
34,814606,708,2,184745,6417361,643,2,2,2.9,1273813,8.1,12.8,23598,48587,33913,1
51,452392,631,5,8345,9956198,1341,3,3,9.1,1767506,6.1,28.2,22931,140486,59888,0
35,424678,714,6,82978,12687954,1298,3,2,4.9,4361868,6.5,17.4,11060,182664,40528,1
26,700872,682,5,58785,11681341,1163,2,1,15.5,3074532,5.6,5.7,20488,185800,61832,1
63,1214177,701,3,502362,10417695,1397,3,2,7.4,3354501,5.9,37.5,54346,147733,77917,1
44,607816,737,1,182579,9252062,767,1,2,4.5,1062913,9.9,23.2,10000,133597,22847,0
28,851975,729,4,356736,11894792,1320,3,2,14.5,2023127,6.6,3.6,25909,163508,83743,0
26,572027,621,3,163781,13288487,1456,3,2,4.9,3275695,6.3,2.3,26071,143948,83049,0
53,1105045,699,5,404217,13609242,1523,3,2,6.7,1638073,5.3,31.4,46547,151071,84107,0
23,368749,731,3,118364,6874954,1258,2,3,4.4,2067062,3.5,0.2,25018,58671,75390,0
50,773016,659,3,0,9097323,899,2,2,1.2,2984796,5.6,26.0,30389,96060,24492,1
30,830254,700,5,275536,13947359,1419,3,2,7.8,4183299,6.1,6.5,17875,142140,74585,1
63,762443,706,3,138012,7825018,1079,3,3,12.0,2238759,6.1,40.0,23404,65142,54137,1
54,1032074,679,5,111544,18869373,1638,4,3,10.0,4832249,8.3,27.4,29686,175423,59914,1
40,696396,710,4,149775,9586197,1058,3,3,10.6,1285411,7.7,19.5,16022,127871,57902,0
37,523263,606,5,193030,10789621,1446,4,3,28.0,3768500,6.5,15.1,14551,119159,39884,0
27,1271272,681,4,607517,6888965,1155,3,2,4.7,1811185,5.8,0.0,56461,82117,29508,1
45,634809,677,3,14764,7502813,1005,2,1,5.0,2012049,5.9,18.3,14968,56691,20734,1
60,1107141,658,4,394349,10384426,1204,3,2,25.1,2399375,6.2,36.6,32668,133621,76167,1
